Biofluido,Experiment,Metabolite,HMDB,Concentration_ASICS,Concentration_GS
Soro,1_1H,Glucose,HMDB00122,3579.63556210069,1197.5
Soro,1_1H,Lactate,HMDB00190,1061.45540894701,777.8
Soro,1_1H,Glutamine,HMDB00641,827.866926946014,146.9
Soro,1_1H,Glycerate,,743.246379720859,
Soro,1_1H,Proline,,743.11033164233,31.8
Soro,1_1H,Glutamate,,622.710099039148,59.7
Soro,1_1H,2-Aminobutyrate,,488.602655210249,5.6
Soro,1_1H,Sorbitol,,428.867300709028,
Soro,1_1H,Lysine,HMDB00182,394.199843961683,57.9
Soro,1_1H,Galactitol,,368.381538015297,
Soro,1_1H,Glycerol,,313.070647293335,70.9
Soro,1_1H,Methanol,,267.555205475398,24.6
Soro,1_1H,D-Glucuronate,,253.163216965403,
Soro,1_1H,Leucine,HMDB00687,247.391286361861,33.4
Soro,1_1H,Carnitine,HMDB00062,247.173385733154,11.7
Soro,1_1H,Xylitol,HMDB02917,245.24771834259,
Soro,1_1H,Taurine,HMDB00251,226.429257914667,53.1
Soro,1_1H,Ascorbate,,226.391290795812,
Soro,1_1H,Cystine,,224.430584630589,
Soro,1_1H,Methylmalonate,,213.662818020665,
Soro,1_1H,Citrulline,,188.427559000315,
Soro,1_1H,Guanidinoacetate,,181.459653819165,
Soro,1_1H,Mannose,,175.459757626102,19.1
Soro,1_1H,Arginine,,174.923042476634,39.9
Soro,1_1H,Dihydrothymine,,168.048060764475,
Soro,1_1H,2-AminoAdipate,,163.010820631738,
Soro,1_1H,4-HydroxyphenylAcetate,,153.537323322365,
Soro,1_1H,3-Hydroxybutyrate,HMDB00357,137.095755851367,18.2
Soro,1_1H,Threonine,HMDB00167,121.228738918653,33.0
Soro,1_1H,N-Acetylglycine,,115.736530330455,
Soro,1_1H,Valine,HMDB00883,114.146490245043,60.9
Soro,1_1H,3-Methyladipate,,111.656358814161,
Soro,1_1H,Citrate,HMDB00094,110.85042357888,28.0
Soro,1_1H,Cadaverine,,110.689784143926,
Soro,1_1H,2-Oxoglutarate,HMDB00208,106.648190536928,2.9
Soro,1_1H,Putrescine,,104.819767101851,
Soro,1_1H,5-AminoValerate,,103.412706490673,
Soro,1_1H,Arabitol,,98.0418594089706,
Soro,1_1H,PropyleneGlycol,,95.1440842527963,
Soro,1_1H,Phosphocholine,,92.9371633413705,
Soro,1_1H,Glycine,HMDB00123,86.8127783079011,102.1
Soro,1_1H,Myo-Inositol,,82.2896495767378,
Soro,1_1H,Spermidine,,80.4376880820859,
Soro,1_1H,Isoleucine,HMDB00172,78.586025088064,15.6
Soro,1_1H,Alanine,HMDB00161,78.2007721999727,101.6
Soro,1_1H,3-Methyl-L-Histidine,,76.7755286005286,
Soro,1_1H,Hypotaurine,,75.5006739164321,
Soro,1_1H,CholineChloride,,68.1646700820944,
Soro,1_1H,7-Methylxanthine,,67.3710838484975,
Soro,1_1H,3-Methylxanthine,,66.837743882022,
Soro,1_1H,DehydroAscorbate,,65.2061208038257,
Soro,1_1H,Isocitrate,,63.6886270380789,
Soro,1_1H,Saturated_fattty_acids,,62.9091556897401,
Soro,1_1H,Pantothenate,HMDB00210,60.2409433241426,
Soro,1_1H,trans-4-Hydroxy-L-Proline,,58.8194212193487,
Soro,1_1H,Ornithine,,55.5788202880431,13.1
Soro,1_1H,Succinate,HMDB00254,52.8954599973986,4.1
Soro,1_1H,2-Propanol,,52.8161479641483,
Soro,1_1H,Fucose,HMDB00174,50.3828313863758,
Soro,1_1H,Aspartate,,49.5243280786287,11.0
Soro,1_1H,"1,3-Diaminopropane",,48.6599322238338,
Soro,1_1H,GABA,,45.8764453143184,
Soro,1_1H,Indoxylsulfate,,45.3727589337841,
Soro,1_1H,Glycogen,,44.4429578786127,
Soro,1_1H,Galactose,,44.309834786076,
Soro,1_1H,Phenethylamine,,43.735786824292,
Soro,1_1H,Tryptophan,HMDB00929,43.3987257569548,
Soro,1_1H,alpha-Hydroxyisobutyrate,,41.0113589511485,
Soro,1_1H,Pyruvate,HMDB00243,40.8233219177675,14.5
Soro,1_1H,Ethylmalonate,,40.6396225455245,
Soro,1_1H,Glycerophosphocholine,,39.6785353380581,
Soro,1_1H,Uracil,HMDB00300,39.2883075718885,
Soro,1_1H,Valerate,,37.8279840885888,
Soro,1_1H,Maltose,,36.9192604276974,
Soro,1_1H,Betaine,HMDB00043,31.8244555830527,6.6
Soro,1_1H,Syringate,,31.3604806904393,
Soro,1_1H,Threitol,,30.8558058652253,
Soro,1_1H,Hippurate,HMDB00714,30.2789296246294,
Soro,1_1H,Phenylalanine,,29.6427584516777,21.4
Soro,1_1H,Adipate,,29.0510406337007,
Soro,1_1H,2-Oxobutyrate,,25.8509369396327,
Soro,1_1H,Beta-Alanine,,25.7713990512534,
Soro,1_1H,Sebacate,,25.414276305917,
Soro,1_1H,4-EthylPhenol,,25.3167394513526,
Soro,1_1H,Benzoate,,23.9299035924576,3.2
Soro,1_1H,Trans-Acotinate,,23.5790466400921,
Soro,1_1H,4-AminoHippurate,,23.3826915335934,
Soro,1_1H,3-PhenylPropionate,,20.9566764515119,
Soro,1_1H,Anserine,,18.0071842658967,
Soro,1_1H,Creatine,HMDB00064,17.6105112355092,15.6
Soro,1_1H,Isovalerate,,17.5459943161054,
Soro,1_1H,Mandelate,,17.4361131185841,
Soro,1_1H,Glutarate,,16.7460018061632,
Soro,1_1H,Phenylglyoxylate,,16.0103710638602,
Soro,1_1H,Acetoacetate,HMDB00060,15.2187785921052,3.3
Soro,1_1H,O-Acetyl-L-Carnitine,,15.1800615082779,
Soro,1_1H,Malate,,13.0606659963176,
Soro,1_1H,Dimethylsulfone,,11.7339420355635,
Soro,1_1H,Acetaminophen,,10.8129234795567,
Soro,1_1H,Azelaic ate,,10.4901892326758,
Soro,1_1H,trans-Ferulate,,9.46799477937385,
Soro,1_1H,1-Methyl-L-Histidine,,6.56432829041155,
Soro,1_1H,Methylamine,,6.33955857233311,
Soro,1_1H,2-Oxoisovalerate,,6.05662366382415,
Soro,1_1H,Methylguanidine,,6.03689058988817,
Soro,1_1H,1-Methylhydantoin,,5.94699707403737,
Soro,1_1H,Propionate,,5.35072913253852,
Soro,1_1H,3-HydroxyphenylAcetate,,4.69812607766898,
Soro,1_1H,2-Methylglutarate,,4.68657538294339,
Soro,1_1H,Pyrocatechol,,4.30527376284056,
Soro,1_1H,Acetone,HMDB01659,4.10037267738615,2.8
Soro,1_1H,Fructose,HMDB00660,4.02485316016968,
Soro,1_1H,beta-Hydroxyisovalerate,,3.98845929691143,
Soro,1_1H,Trimethylamine,,3.71282990594555,
Soro,1_1H,N-Acetyl-L-Aspartate,,3.61215951612477,
Soro,1_1H,Carnosine,HMDB00033,3.55167354869461,
Soro,1_1H,Citraconate,,3.5444552432005,
Soro,1_1H,2-HydroxyphenylAcetate,,3.22839568289599,
Soro,1_1H,Long-chain_alkane,,2.91925860157586,
Soro,1_1H,Oxypurinol,,2.82295189420792,
Soro,1_1H,Acetate,HMDB00042,2.71431397187705,24.8
Soro,1_1H,Glutaconate,,2.43004324589594,
Soro,1_1H,Kynurenate,,2.427194799899,
Soro,1_1H,Isobutyrate,,2.22762096848615,
Soro,1_1H,Dimethylamine,HMDB00087,2.21983166131483,
Soro,1_1H,Formate,HMDB00142,2.09015733832056,2.7
Soro,1_1H,Pimelate,,1.99843323115525,
Soro,1_1H,Dimethylglycine,,1.76707934052687,
Soro,1_1H,dAMP,,1.61452179219807,
Soro,1_1H,Quinolinate,,1.48905196263439,
Soro,1_1H,Tartarate,,1.23789789161485,
Soro,1_1H,Tyrosine,HMDB00158,0.988427766715709,16.6
Soro,1_1H,Adenine,,0.970143421134985,
Soro,1_1H,Cytosine,,0.834544868454243,
Soro,1_1H,ATP,,0.789337562519016,
Soro,1_1H,Uridine,HMDB00296,0.696631043336979,
Soro,1_1H,2-Picolinate,,0.651665606634424,
Soro,1_1H,Sarcosine,,0.587809682404206,
Soro,1_1H,Nicotinurate,,0.373939926640473,
Soro,1_1H,Fumarate,,0.340253764253065,
Soro,1_1H,Hypoxanthine,HMDB00157,0.215230725324055,0.0
Soro,1_1H,D-Gluconate,,0.0,
Soro,1_1H,Levoglucosan,,0.0,
Soro,1_1H,Glucose-6-Phosphate,,0.0,
Soro,1_1H,Serine,HMDB00187,0.0,45.2
Soro,1_1H,Pyroglutamate,HMDB00267,0.0,
Soro,1_1H,Saccarate,,0.0,
Soro,1_1H,Methionine,HMDB00696,0.0,7.7
Soro,1_1H,Lactose,,0.0,
Soro,1_1H,2-Hydroxybutyrate,,0.0,10.4
Soro,1_1H,Ethanolamine,HMDB00149,0.0,
Soro,1_1H,S-Acetamidomethylcysteine,,0.0,
Soro,1_1H,Butyrate,HMDB00039,0.0,
Soro,1_1H,Glutathione-oxidized,,0.0,
Soro,1_1H,TMAO,,0.0,
Soro,1_1H,2-Deoxyadenosine,,0.0,
Soro,1_1H,Creatinine,HMDB00562,0.0,17.8
Soro,1_1H,CTP,,0.0,
Soro,1_1H,Urocanate,HMDB00301,0.0,
Soro,1_1H,Homovanillate,,0.0,
Soro,1_1H,Threonate,,0.0,
Soro,1_1H,2-Deoxycytidine,,0.0,
Soro,1_1H,N-(2-Furoyl)Glycine,,0.0,
Soro,1_1H,Asparagine,HMDB00168,0.0,13.2
Soro,1_1H,Levulinate,,0.0,
Soro,1_1H,Vanillate,,0.0,
Soro,1_1H,Allantoin,,0.0,
Soro,1_1H,Glycolate,HMDB00115,0.0,
Soro,1_1H,Histidine,HMDB00177,0.0,25.2
Soro,1_1H,Adenosine,,0.0,
Soro,1_1H,Nicotinate,,0.0,
Soro,1_1H,Malonate,HMDB00691,0.0,
Soro,1_1H,Glutathione-reduced,,0.0,
Soro,1_1H,GDP,,0.0,
Soro,1_1H,Inosine,,0.0,0.0
Soro,1_1H,Trigonelline,HMDB00875,0.0,
Soro,1_1H,NAD,,0.0,
Soro,1_1H,UDPG,,0.0,
Soro,1_1H,AMP,,0.0,
Soro,20_1H,Glucose,HMDB00122,6478.81665190145,1122.6
Soro,20_1H,Lactate,HMDB00190,5523.55319448869,719.1
Soro,20_1H,Glutamine,HMDB00641,1928.20923221238,140.6
Soro,20_1H,Glycerate,,2064.89644682155,
Soro,20_1H,Proline,,841.187765657753,60.3
Soro,20_1H,Glutamate,,819.942541987972,45.5
Soro,20_1H,2-Aminobutyrate,,532.216649411859,5.0
Soro,20_1H,Sorbitol,,351.129397698335,
Soro,20_1H,Lysine,HMDB00182,494.89023233393,51.1
Soro,20_1H,Galactitol,,78.7141691104697,
Soro,20_1H,Glycerol,,709.905040989798,117.8
Soro,20_1H,Methanol,,252.644623925101,41.9
Soro,20_1H,D-Glucuronate,,353.777487977755,
Soro,20_1H,Leucine,HMDB00687,632.875027645838,46.8
Soro,20_1H,Carnitine,HMDB00062,284.669485021802,16.1
Soro,20_1H,Xylitol,HMDB02917,346.693723431571,
Soro,20_1H,Taurine,HMDB00251,304.814401418308,40.0
Soro,20_1H,Ascorbate,,322.551301208091,
Soro,20_1H,Cystine,,443.223233314569,
Soro,20_1H,Methylmalonate,,42.9674547649084,
Soro,20_1H,Citrulline,,256.702166560404,
Soro,20_1H,Guanidinoacetate,,230.258862128021,
Soro,20_1H,Mannose,,399.746690981207,21.7
Soro,20_1H,Arginine,,1108.5246908635,58.9
Soro,20_1H,Dihydrothymine,,2.75172475403411,
Soro,20_1H,2-AminoAdipate,,146.049069485874,
Soro,20_1H,4-HydroxyphenylAcetate,,247.662170920265,
Soro,20_1H,3-Hydroxybutyrate,HMDB00357,369.045752879066,11.7
Soro,20_1H,Threonine,HMDB00167,424.429977910751,40.5
Soro,20_1H,N-Acetylglycine,,22.9067240967495,
Soro,20_1H,Valine,HMDB00883,692.098258305608,74.6
Soro,20_1H,3-Methyladipate,,146.144891719437,
Soro,20_1H,Citrate,HMDB00094,345.726102743116,41.2
Soro,20_1H,Cadaverine,,330.244806174151,
Soro,20_1H,2-Oxoglutarate,HMDB00208,0.0,2.5
Soro,20_1H,Putrescine,,101.223411789044,
Soro,20_1H,5-AminoValerate,,82.0272549463419,
Soro,20_1H,Arabitol,,0.0,
Soro,20_1H,PropyleneGlycol,,176.353793800731,
Soro,20_1H,Phosphocholine,,68.3955023531866,
Soro,20_1H,Glycine,HMDB00123,1035.15807112989,87.9
Soro,20_1H,Myo-Inositol,,23.3452154110593,
Soro,20_1H,Spermidine,,69.7037728368129,
Soro,20_1H,Isoleucine,HMDB00172,230.456649793519,22.7
Soro,20_1H,Alanine,HMDB00161,664.405527830335,131.6
Soro,20_1H,3-Methyl-L-Histidine,,59.2095895231033,
Soro,20_1H,Hypotaurine,,85.768090000024,
Soro,20_1H,CholineChloride,,316.41357180201,
Soro,20_1H,7-Methylxanthine,,51.8702351484298,
Soro,20_1H,3-Methylxanthine,,145.900949612609,
Soro,20_1H,DehydroAscorbate,,369.564037452305,
Soro,20_1H,Isocitrate,,3.78011397867619,
Soro,20_1H,Saturated_fattty_acids,,80.7604658501958,
Soro,20_1H,Pantothenate,HMDB00210,110.576137092318,
Soro,20_1H,trans-4-Hydroxy-L-Proline,,0.0,
Soro,20_1H,Ornithine,,270.464735655178,13.3
Soro,20_1H,Succinate,HMDB00254,0.0,2.8
Soro,20_1H,2-Propanol,,351.066207821876,
Soro,20_1H,Fucose,HMDB00174,109.605325886516,
Soro,20_1H,Aspartate,,54.6501974436865,10.1
Soro,20_1H,"1,3-Diaminopropane",,109.05111679054,
Soro,20_1H,GABA,,38.984867648213,
Soro,20_1H,Indoxylsulfate,,0.0,
Soro,20_1H,Glycogen,,332.45174145873,
Soro,20_1H,Galactose,,437.153420223248,
Soro,20_1H,Phenethylamine,,0.0,
Soro,20_1H,Tryptophan,HMDB00929,0.391167928483864,
Soro,20_1H,alpha-Hydroxyisobutyrate,,11.4056744268616,
Soro,20_1H,Pyruvate,HMDB00243,46.5860680954904,16.7
Soro,20_1H,Ethylmalonate,,47.836667091773,
Soro,20_1H,Glycerophosphocholine,,7.15935219139094,
Soro,20_1H,Uracil,HMDB00300,0.0,
Soro,20_1H,Valerate,,85.4014005532295,
Soro,20_1H,Maltose,,113.117072833784,
Soro,20_1H,Betaine,HMDB00043,381.794306369773,10.3
Soro,20_1H,Syringate,,0.0,
Soro,20_1H,Threitol,,695.052174035578,
Soro,20_1H,Hippurate,HMDB00714,1.75825350115474,
Soro,20_1H,Phenylalanine,,222.517471432824,26.4
Soro,20_1H,Adipate,,14.145038112692,
Soro,20_1H,2-Oxobutyrate,,1.23255726026797,
Soro,20_1H,Beta-Alanine,,62.200647695837,
Soro,20_1H,Sebacate,,52.2709314282637,
Soro,20_1H,4-EthylPhenol,,13.1782358112386,
Soro,20_1H,Benzoate,,0.0,0.0
Soro,20_1H,Trans-Acotinate,,20.326026975244,
Soro,20_1H,4-AminoHippurate,,2.99755723997052,
Soro,20_1H,3-PhenylPropionate,,28.4296720216205,
Soro,20_1H,Anserine,,6.20996988854796,
Soro,20_1H,Creatine,HMDB00064,9.19081643101349,6.0
Soro,20_1H,Isovalerate,,58.8729136628002,
Soro,20_1H,Mandelate,,16.0036327856012,
Soro,20_1H,Glutarate,,0.0,
Soro,20_1H,Phenylglyoxylate,,1.28892520209858,
Soro,20_1H,Acetoacetate,HMDB00060,15.7508387390301,0.9
Soro,20_1H,O-Acetyl-L-Carnitine,,42.3235092010227,
Soro,20_1H,Malate,,55.9304997109783,
Soro,20_1H,Dimethylsulfone,,19.023628389866,
Soro,20_1H,Acetaminophen,,0.246686620976212,
Soro,20_1H,Azelaic ate,,30.3762667072729,
Soro,20_1H,trans-Ferulate,,0.0,
Soro,20_1H,1-Methyl-L-Histidine,,0.0,
Soro,20_1H,Methylamine,,0.471423474158213,
Soro,20_1H,2-Oxoisovalerate,,72.2254788709029,
Soro,20_1H,Methylguanidine,,5.90696643897712,
Soro,20_1H,1-Methylhydantoin,,23.4889826149621,
Soro,20_1H,Propionate,,49.4292266017284,
Soro,20_1H,3-HydroxyphenylAcetate,,0.0,
Soro,20_1H,2-Methylglutarate,,64.6858081571862,
Soro,20_1H,Pyrocatechol,,0.0,
Soro,20_1H,Acetone,HMDB01659,6.65980703794609,1.6
Soro,20_1H,Fructose,HMDB00660,557.434630060092,
Soro,20_1H,beta-Hydroxyisovalerate,,16.7186037247094,
Soro,20_1H,Trimethylamine,,4.72442072653042,
Soro,20_1H,N-Acetyl-L-Aspartate,,8.39809563179789,
Soro,20_1H,Carnosine,HMDB00033,0.0,
Soro,20_1H,Citraconate,,28.1279812889012,
Soro,20_1H,2-HydroxyphenylAcetate,,0.499814982794753,
Soro,20_1H,Long-chain_alkane,,0.0,
Soro,20_1H,Oxypurinol,,0.0,
Soro,20_1H,Acetate,HMDB00042,0.0,7.0
Soro,20_1H,Glutaconate,,0.0,
Soro,20_1H,Kynurenate,,0.0,
Soro,20_1H,Isobutyrate,,30.7965559132711,
Soro,20_1H,Dimethylamine,HMDB00087,0.788995449139363,
Soro,20_1H,Formate,HMDB00142,31.7569176524342,2.8
Soro,20_1H,Pimelate,,0.0,
Soro,20_1H,Dimethylglycine,,1.95899654558534,
Soro,20_1H,dAMP,,4.2073294980037,
Soro,20_1H,Quinolinate,,0.60014191163376,
Soro,20_1H,Tartarate,,6.7659833734872,
Soro,20_1H,Tyrosine,HMDB00158,53.9648449847006,22.2
Soro,20_1H,Adenine,,1.29995365878588,
Soro,20_1H,Cytosine,,0.0,
Soro,20_1H,ATP,,0.0,
Soro,20_1H,Uridine,HMDB00296,0.0,
Soro,20_1H,2-Picolinate,,0.0,
Soro,20_1H,Sarcosine,,3.2123546441747,
Soro,20_1H,Nicotinurate,,0.0,
Soro,20_1H,Fumarate,,2.27564712820044,
Soro,20_1H,Hypoxanthine,HMDB00157,0.0871915649766997,2.8
Soro,20_1H,D-Gluconate,,397.571412408273,
Soro,20_1H,Levoglucosan,,329.210539331991,
Soro,20_1H,Glucose-6-Phosphate,,311.993959367496,
Soro,20_1H,Serine,HMDB00187,282.937671122384,56.3
Soro,20_1H,Pyroglutamate,HMDB00267,239.274719348445,
Soro,20_1H,Saccarate,,129.960702016084,
Soro,20_1H,Methionine,HMDB00696,91.0477531670682,6.7
Soro,20_1H,Lactose,,75.2323185313875,
Soro,20_1H,2-Hydroxybutyrate,,52.0155205298796,12.9
Soro,20_1H,Ethanolamine,HMDB00149,44.5874092566818,
Soro,20_1H,S-Acetamidomethylcysteine,,34.7295065647315,
Soro,20_1H,Butyrate,HMDB00039,17.7441846115718,
Soro,20_1H,Glutathione-oxidized,,11.7210161573522,
Soro,20_1H,TMAO,,8.43697191897127,
Soro,20_1H,2-Deoxyadenosine,,5.87673537512496,
Soro,20_1H,Creatinine,HMDB00562,4.81354790418786,14.8
Soro,20_1H,CTP,,0.804152538073377,
Soro,20_1H,Urocanate,HMDB00301,0.146449134409027,
Soro,20_1H,Homovanillate,,0.0,
Soro,20_1H,Threonate,,0.0,
Soro,20_1H,2-Deoxycytidine,,0.0,
Soro,20_1H,N-(2-Furoyl)Glycine,,0.0,
Soro,20_1H,Asparagine,HMDB00168,0.0,13.1
Soro,20_1H,Levulinate,,0.0,
Soro,20_1H,Vanillate,,0.0,
Soro,20_1H,Allantoin,,0.0,
Soro,20_1H,Glycolate,HMDB00115,0.0,
Soro,20_1H,Histidine,HMDB00177,0.0,29.9
Soro,20_1H,Adenosine,,0.0,
Soro,20_1H,Nicotinate,,0.0,
Soro,20_1H,Malonate,HMDB00691,0.0,
Soro,20_1H,Glutathione-reduced,,0.0,
Soro,20_1H,GDP,,0.0,
Soro,20_1H,Inosine,,0.0,0.0
Soro,20_1H,Trigonelline,HMDB00875,0.0,
Soro,20_1H,NAD,,0.0,
Soro,20_1H,UDPG,,0.0,
Soro,20_1H,AMP,,0.0,
Soro,2_1H,Glucose,HMDB00122,3988.62722283712,1268.9
Soro,2_1H,Lactate,HMDB00190,963.047325396193,602.6
Soro,2_1H,Glutamine,HMDB00641,825.810203870696,160.4
Soro,2_1H,Glycerate,,706.214028619876,
Soro,2_1H,Proline,,1443.8172389041,54.5
Soro,2_1H,Glutamate,,1043.12941394306,102.9
Soro,2_1H,2-Aminobutyrate,,511.618986280185,7.7
Soro,2_1H,Sorbitol,,772.562866525619,
Soro,2_1H,Lysine,HMDB00182,340.961275553769,43.0
Soro,2_1H,Galactitol,,417.235464786113,
Soro,2_1H,Glycerol,,363.192248057862,70.9
Soro,2_1H,Methanol,,317.634865145088,29.2
Soro,2_1H,D-Glucuronate,,212.477858859229,
Soro,2_1H,Leucine,HMDB00687,341.606311253449,39.7
Soro,2_1H,Carnitine,HMDB00062,271.648562473059,10.3
Soro,2_1H,Xylitol,HMDB02917,389.00806451391,
Soro,2_1H,Taurine,HMDB00251,522.736997992219,60.3
Soro,2_1H,Ascorbate,,257.864822570262,
Soro,2_1H,Cystine,,306.96031542954,
Soro,2_1H,Methylmalonate,,254.366496179616,
Soro,2_1H,Citrulline,,381.136970775157,
Soro,2_1H,Guanidinoacetate,,195.398988961761,
Soro,2_1H,Mannose,,165.22943229047,12.7
Soro,2_1H,Arginine,,359.674051923009,55.9
Soro,2_1H,Dihydrothymine,,288.206115731354,
Soro,2_1H,2-AminoAdipate,,257.515028432054,
Soro,2_1H,4-HydroxyphenylAcetate,,119.856559756343,
Soro,2_1H,3-Hydroxybutyrate,HMDB00357,301.032568665079,21.5
Soro,2_1H,Threonine,HMDB00167,109.632647704286,40.2
Soro,2_1H,N-Acetylglycine,,170.388417666219,
Soro,2_1H,Valine,HMDB00883,166.230275670977,63.7
Soro,2_1H,3-Methyladipate,,87.4307813919029,
Soro,2_1H,Citrate,HMDB00094,162.411861281146,37.7
Soro,2_1H,Cadaverine,,101.244897508383,
Soro,2_1H,2-Oxoglutarate,HMDB00208,0.0,3.0
Soro,2_1H,Putrescine,,149.937697835533,
Soro,2_1H,5-AminoValerate,,90.8104066740056,
Soro,2_1H,Arabitol,,123.393586184193,
Soro,2_1H,PropyleneGlycol,,305.779198077484,
Soro,2_1H,Phosphocholine,,0.0,
Soro,2_1H,Glycine,HMDB00123,102.700370440052,82.9
Soro,2_1H,Myo-Inositol,,131.80852540619,
Soro,2_1H,Spermidine,,135.273831668033,
Soro,2_1H,Isoleucine,HMDB00172,111.905817675998,20.4
Soro,2_1H,Alanine,HMDB00161,108.722219304315,115.4
Soro,2_1H,3-Methyl-L-Histidine,,77.4107161768969,
Soro,2_1H,Hypotaurine,,178.42387081579,
Soro,2_1H,CholineChloride,,205.162577972562,
Soro,2_1H,7-Methylxanthine,,73.1997876656155,
Soro,2_1H,3-Methylxanthine,,8.15333465262865,
Soro,2_1H,DehydroAscorbate,,0.0,
Soro,2_1H,Isocitrate,,68.7683197079991,
Soro,2_1H,Saturated_fattty_acids,,57.5845017754211,
Soro,2_1H,Pantothenate,HMDB00210,45.2887759462692,
Soro,2_1H,trans-4-Hydroxy-L-Proline,,0.0,
Soro,2_1H,Ornithine,,110.457185851026,13.1
Soro,2_1H,Succinate,HMDB00254,64.2946458908923,3.8
Soro,2_1H,2-Propanol,,267.913028138164,
Soro,2_1H,Fucose,HMDB00174,45.1084104021782,
Soro,2_1H,Aspartate,,131.462032144252,16.2
Soro,2_1H,"1,3-Diaminopropane",,29.1598107557427,
Soro,2_1H,GABA,,14.0540545745909,
Soro,2_1H,Indoxylsulfate,,28.9925076620802,
Soro,2_1H,Glycogen,,2.39813019436251,
Soro,2_1H,Galactose,,112.082246117082,
Soro,2_1H,Phenethylamine,,50.1061903913143,
Soro,2_1H,Tryptophan,HMDB00929,43.904876099993,
Soro,2_1H,alpha-Hydroxyisobutyrate,,51.8972066203455,
Soro,2_1H,Pyruvate,HMDB00243,95.8125993619449,16.2
Soro,2_1H,Ethylmalonate,,71.3239881021795,
Soro,2_1H,Glycerophosphocholine,,13.8240081202785,
Soro,2_1H,Uracil,HMDB00300,24.7833791703695,
Soro,2_1H,Valerate,,6.35052219843431,
Soro,2_1H,Maltose,,0.344159356473647,
Soro,2_1H,Betaine,HMDB00043,47.1912761182274,10.1
Soro,2_1H,Syringate,,9.53633514033869,
Soro,2_1H,Threitol,,15.6137699839602,
Soro,2_1H,Hippurate,HMDB00714,26.5030923676374,
Soro,2_1H,Phenylalanine,,91.0845440671331,23.7
Soro,2_1H,Adipate,,0.0,
Soro,2_1H,2-Oxobutyrate,,82.1509713780228,
Soro,2_1H,Beta-Alanine,,35.267568658535,
Soro,2_1H,Sebacate,,1.20459469109345,
Soro,2_1H,4-EthylPhenol,,23.309070246958,
Soro,2_1H,Benzoate,,44.5988092751409,10.9
Soro,2_1H,Trans-Acotinate,,213.41564450035,
Soro,2_1H,4-AminoHippurate,,16.9256781912394,
Soro,2_1H,3-PhenylPropionate,,38.0637317662394,
Soro,2_1H,Anserine,,50.5130132854341,
Soro,2_1H,Creatine,HMDB00064,31.9525820351608,7.2
Soro,2_1H,Isovalerate,,43.4426434351688,
Soro,2_1H,Mandelate,,11.6879911129935,
Soro,2_1H,Glutarate,,0.0,
Soro,2_1H,Phenylglyoxylate,,18.0626437089473,
Soro,2_1H,Acetoacetate,HMDB00060,21.6830598206625,4.4
Soro,2_1H,O-Acetyl-L-Carnitine,,6.5388416763404,
Soro,2_1H,Malate,,0.0,
Soro,2_1H,Dimethylsulfone,,0.0,
Soro,2_1H,Acetaminophen,,0.584256422590802,
Soro,2_1H,Azelaic ate,,5.45384804707214,
Soro,2_1H,trans-Ferulate,,68.0493618653666,
Soro,2_1H,1-Methyl-L-Histidine,,10.0858911458581,
Soro,2_1H,Methylamine,,6.9326952557795,
Soro,2_1H,2-Oxoisovalerate,,24.8229520702581,
Soro,2_1H,Methylguanidine,,6.68451638715245,
Soro,2_1H,1-Methylhydantoin,,5.6139647334989,
Soro,2_1H,Propionate,,0.0,
Soro,2_1H,3-HydroxyphenylAcetate,,71.2139754978897,
Soro,2_1H,2-Methylglutarate,,16.106945907388,
Soro,2_1H,Pyrocatechol,,35.2129312565398,
Soro,2_1H,Acetone,HMDB01659,4.22722838246893,2.8
Soro,2_1H,Fructose,HMDB00660,50.2236269181618,
Soro,2_1H,beta-Hydroxyisovalerate,,7.5963094385849,
Soro,2_1H,Trimethylamine,,5.02085458738244,
Soro,2_1H,N-Acetyl-L-Aspartate,,49.5834478249736,
Soro,2_1H,Carnosine,HMDB00033,2.6847889657719,
Soro,2_1H,Citraconate,,5.96442798559049,
Soro,2_1H,2-HydroxyphenylAcetate,,67.3943873555614,
Soro,2_1H,Long-chain_alkane,,5.16480801882131,
Soro,2_1H,Oxypurinol,,5.17872439091291,
Soro,2_1H,Acetate,HMDB00042,0.0,12.7
Soro,2_1H,Glutaconate,,73.1177723193992,
Soro,2_1H,Kynurenate,,4.26475954309551,
Soro,2_1H,Isobutyrate,,10.2331586138831,
Soro,2_1H,Dimethylamine,HMDB00087,13.3210218463981,
Soro,2_1H,Formate,HMDB00142,27.6766766353617,6.8
Soro,2_1H,Pimelate,,0.0,
Soro,2_1H,Dimethylglycine,,4.81463396697876,
Soro,2_1H,dAMP,,10.5815393312152,
Soro,2_1H,Quinolinate,,18.901752616011,
Soro,2_1H,Tartarate,,0.0,
Soro,2_1H,Tyrosine,HMDB00158,7.11506164708662,17.6
Soro,2_1H,Adenine,,7.12994706211897,
Soro,2_1H,Cytosine,,40.019348629779,
Soro,2_1H,ATP,,0.377989124874369,
Soro,2_1H,Uridine,HMDB00296,0.0,
Soro,2_1H,2-Picolinate,,5.37340379509608,
Soro,2_1H,Sarcosine,,17.0720462868887,
Soro,2_1H,Nicotinurate,,0.0,
Soro,2_1H,Fumarate,,15.173315657387,
Soro,2_1H,Hypoxanthine,HMDB00157,2.69799385458819,3.8
Soro,2_1H,D-Gluconate,,11.9933061772555,
Soro,2_1H,Levoglucosan,,0.0,
Soro,2_1H,Glucose-6-Phosphate,,172.999052030574,
Soro,2_1H,Serine,HMDB00187,96.1643327085275,66.5
Soro,2_1H,Pyroglutamate,HMDB00267,234.712129066333,
Soro,2_1H,Saccarate,,0.0,
Soro,2_1H,Methionine,HMDB00696,0.0,8.6
Soro,2_1H,Lactose,,125.881785577111,
Soro,2_1H,2-Hydroxybutyrate,,0.0,11.2
Soro,2_1H,Ethanolamine,HMDB00149,0.0,
Soro,2_1H,S-Acetamidomethylcysteine,,0.0,
Soro,2_1H,Butyrate,HMDB00039,4.12321398406028,
Soro,2_1H,Glutathione-oxidized,,0.0,
Soro,2_1H,TMAO,,0.0,
Soro,2_1H,2-Deoxyadenosine,,6.78407628423828,
Soro,2_1H,Creatinine,HMDB00562,0.0,20.4
Soro,2_1H,CTP,,0.0,
Soro,2_1H,Urocanate,HMDB00301,40.3784266838606,
Soro,2_1H,Homovanillate,,114.468225371939,
Soro,2_1H,Threonate,,79.0919534480374,
Soro,2_1H,2-Deoxycytidine,,62.2391491680323,
Soro,2_1H,N-(2-Furoyl)Glycine,,44.8508486402821,
Soro,2_1H,Asparagine,HMDB00168,33.8529443471131,15.0
Soro,2_1H,Levulinate,,27.5024519676201,
Soro,2_1H,Vanillate,,20.1622697248032,
Soro,2_1H,Allantoin,,14.9123241272784,
Soro,2_1H,Glycolate,HMDB00115,10.1156440099839,
Soro,2_1H,Histidine,HMDB00177,7.1389305574582,27.9
Soro,2_1H,Adenosine,,2.93480766410105,
Soro,2_1H,Nicotinate,,2.07661021833891,
Soro,2_1H,Malonate,HMDB00691,0.0,
Soro,2_1H,Glutathione-reduced,,0.0,
Soro,2_1H,GDP,,0.0,
Soro,2_1H,Inosine,,0.0,1.3
Soro,2_1H,Trigonelline,HMDB00875,0.0,
Soro,2_1H,NAD,,0.0,
Soro,2_1H,UDPG,,0.0,
Soro,2_1H,AMP,,0.0,
Soro,4_1H,Glucose,HMDB00122,3074.83595492353,1139.8
Soro,4_1H,Lactate,HMDB00190,794.628582076812,685.9
Soro,4_1H,Glutamine,HMDB00641,1087.34279845403,193.0
Soro,4_1H,Glycerate,,453.81377270723,
Soro,4_1H,Proline,,1289.95924123441,40.8
Soro,4_1H,Glutamate,,1109.65595018385,120.1
Soro,4_1H,2-Aminobutyrate,,479.846326217927,6.1
Soro,4_1H,Sorbitol,,462.779543830439,
Soro,4_1H,Lysine,HMDB00182,377.087297760392,54.0
Soro,4_1H,Galactitol,,306.775653463858,
Soro,4_1H,Glycerol,,191.617974930618,41.2
Soro,4_1H,Methanol,,270.289514083283,23.9
Soro,4_1H,D-Glucuronate,,213.870008240765,
Soro,4_1H,Leucine,HMDB00687,317.960603661962,43.2
Soro,4_1H,Carnitine,HMDB00062,236.951684711107,10.8
Soro,4_1H,Xylitol,HMDB02917,297.607242553416,
Soro,4_1H,Taurine,HMDB00251,284.518604361085,67.9
Soro,4_1H,Ascorbate,,11.9651549287613,
Soro,4_1H,Cystine,,203.741290611981,
Soro,4_1H,Methylmalonate,,245.766985570674,
Soro,4_1H,Citrulline,,206.361132177923,
Soro,4_1H,Guanidinoacetate,,119.411223231382,
Soro,4_1H,Mannose,,0.0,17.3
Soro,4_1H,Arginine,,302.561460126481,50.9
Soro,4_1H,Dihydrothymine,,257.920396009137,
Soro,4_1H,2-AminoAdipate,,276.782546162463,
Soro,4_1H,4-HydroxyphenylAcetate,,125.194910028596,
Soro,4_1H,3-Hydroxybutyrate,HMDB00357,72.835135496679,11.9
Soro,4_1H,Threonine,HMDB00167,149.090771497811,30.1
Soro,4_1H,N-Acetylglycine,,184.643653140514,
Soro,4_1H,Valine,HMDB00883,139.373346746287,77.0
Soro,4_1H,3-Methyladipate,,206.967131093044,
Soro,4_1H,Citrate,HMDB00094,124.71273902326,32.9
Soro,4_1H,Cadaverine,,102.339555070788,
Soro,4_1H,2-Oxoglutarate,HMDB00208,10.7019942173129,1.8
Soro,4_1H,Putrescine,,118.225968853605,
Soro,4_1H,5-AminoValerate,,92.504523407326,
Soro,4_1H,Arabitol,,91.0035906940801,
Soro,4_1H,PropyleneGlycol,,251.024794171113,
Soro,4_1H,Phosphocholine,,0.0,
Soro,4_1H,Glycine,HMDB00123,38.5879862442742,73.3
Soro,4_1H,Myo-Inositol,,77.6599613470831,
Soro,4_1H,Spermidine,,107.54075615961,
Soro,4_1H,Isoleucine,HMDB00172,88.097714769639,23.4
Soro,4_1H,Alanine,HMDB00161,134.051259665599,146.6
Soro,4_1H,3-Methyl-L-Histidine,,60.6267308966853,
Soro,4_1H,Hypotaurine,,198.25281319975,
Soro,4_1H,CholineChloride,,89.7214542806193,
Soro,4_1H,7-Methylxanthine,,48.5280919690624,
Soro,4_1H,3-Methylxanthine,,8.03089369689857,
Soro,4_1H,DehydroAscorbate,,29.3928258373908,
Soro,4_1H,Isocitrate,,124.959383590179,
Soro,4_1H,Saturated_fattty_acids,,52.1017244144528,
Soro,4_1H,Pantothenate,HMDB00210,21.8081361228415,
Soro,4_1H,trans-4-Hydroxy-L-Proline,,0.0,
Soro,4_1H,Ornithine,,90.063664883173,15.1
Soro,4_1H,Succinate,HMDB00254,66.8704169966809,4.1
Soro,4_1H,2-Propanol,,204.556013080304,
Soro,4_1H,Fucose,HMDB00174,78.173069380692,
Soro,4_1H,Aspartate,,138.375362618957,20.4
Soro,4_1H,"1,3-Diaminopropane",,10.8610431843051,
Soro,4_1H,GABA,,183.510243834758,
Soro,4_1H,Indoxylsulfate,,8.11835966216353,
Soro,4_1H,Glycogen,,6.95084116725477,
Soro,4_1H,Galactose,,0.0,
Soro,4_1H,Phenethylamine,,34.0043939676414,
Soro,4_1H,Tryptophan,HMDB00929,7.07674445377352,
Soro,4_1H,alpha-Hydroxyisobutyrate,,35.6656178632486,
Soro,4_1H,Pyruvate,HMDB00243,98.8082962135546,23.4
Soro,4_1H,Ethylmalonate,,71.4790468015194,
Soro,4_1H,Glycerophosphocholine,,25.3011387055064,
Soro,4_1H,Uracil,HMDB00300,0.0,
Soro,4_1H,Valerate,,47.8335368539165,
Soro,4_1H,Maltose,,5.0905794674783,
Soro,4_1H,Betaine,HMDB00043,35.1650651963496,13.7
Soro,4_1H,Syringate,,12.5108933303069,
Soro,4_1H,Threitol,,120.01385971097,
Soro,4_1H,Hippurate,HMDB00714,0.0,
Soro,4_1H,Phenylalanine,,50.4828224266488,23.9
Soro,4_1H,Adipate,,45.5492676949338,
Soro,4_1H,2-Oxobutyrate,,49.2846363125066,
Soro,4_1H,Beta-Alanine,,64.0451802928609,
Soro,4_1H,Sebacate,,56.7036704793847,
Soro,4_1H,4-EthylPhenol,,54.9581169771819,
Soro,4_1H,Benzoate,,6.70701383173709,8.4
Soro,4_1H,Trans-Acotinate,,110.282128961207,
Soro,4_1H,4-AminoHippurate,,0.0,
Soro,4_1H,3-PhenylPropionate,,42.582300529569,
Soro,4_1H,Anserine,,0.0,
Soro,4_1H,Creatine,HMDB00064,17.3213489218979,8.6
Soro,4_1H,Isovalerate,,29.3244866223422,
Soro,4_1H,Mandelate,,1.29134062242772,
Soro,4_1H,Glutarate,,33.2253468383539,
Soro,4_1H,Phenylglyoxylate,,0.875676570856861,
Soro,4_1H,Acetoacetate,HMDB00060,29.9573073408542,6.5
Soro,4_1H,O-Acetyl-L-Carnitine,,6.79040214493733,
Soro,4_1H,Malate,,3.42917243952556,
Soro,4_1H,Dimethylsulfone,,0.0,
Soro,4_1H,Acetaminophen,,8.38936190288441,
Soro,4_1H,Azelaic ate,,0.0,
Soro,4_1H,trans-Ferulate,,20.6175049279151,
Soro,4_1H,1-Methyl-L-Histidine,,1.86248862714395,
Soro,4_1H,Methylamine,,15.3359730206554,
Soro,4_1H,2-Oxoisovalerate,,45.0690808345994,
Soro,4_1H,Methylguanidine,,9.24295841443919,
Soro,4_1H,1-Methylhydantoin,,9.10837305149087,
Soro,4_1H,Propionate,,8.80446383400911,
Soro,4_1H,3-HydroxyphenylAcetate,,42.8035524869529,
Soro,4_1H,2-Methylglutarate,,2.989734771759,
Soro,4_1H,Pyrocatechol,,31.1506461386709,
Soro,4_1H,Acetone,HMDB01659,8.17650743966346,2.6
Soro,4_1H,Fructose,HMDB00660,33.0073007108618,
Soro,4_1H,beta-Hydroxyisovalerate,,9.41842116293139,
Soro,4_1H,Trimethylamine,,5.00555317869375,
Soro,4_1H,N-Acetyl-L-Aspartate,,108.882615567509,
Soro,4_1H,Carnosine,HMDB00033,0.0,
Soro,4_1H,Citraconate,,1.9133228685672,
Soro,4_1H,2-HydroxyphenylAcetate,,0.536551249083417,
Soro,4_1H,Long-chain_alkane,,5.55993934931185,
Soro,4_1H,Oxypurinol,,0.0,
Soro,4_1H,Acetate,HMDB00042,0.0,11.1
Soro,4_1H,Glutaconate,,1.81158512400478,
Soro,4_1H,Kynurenate,,0.0,
Soro,4_1H,Isobutyrate,,0.0978701565802391,
Soro,4_1H,Dimethylamine,HMDB00087,13.9892254848883,
Soro,4_1H,Formate,HMDB00142,33.3975689756628,8.7
Soro,4_1H,Pimelate,,0.0,
Soro,4_1H,Dimethylglycine,,5.66142177822034,
Soro,4_1H,dAMP,,0.0,
Soro,4_1H,Quinolinate,,1.66612726980548,
Soro,4_1H,Tartarate,,0.0,
Soro,4_1H,Tyrosine,HMDB00158,0.0,20.3
Soro,4_1H,Adenine,,0.452947061320414,
Soro,4_1H,Cytosine,,0.437838539000855,
Soro,4_1H,ATP,,0.0,
Soro,4_1H,Uridine,HMDB00296,0.0,
Soro,4_1H,2-Picolinate,,0.0,
Soro,4_1H,Sarcosine,,2.77917391688668,
Soro,4_1H,Nicotinurate,,0.787546565459362,
Soro,4_1H,Fumarate,,0.404400486065769,
Soro,4_1H,Hypoxanthine,HMDB00157,0.228617966663364,3.1
Soro,4_1H,D-Gluconate,,0.0,
Soro,4_1H,Levoglucosan,,0.0,
Soro,4_1H,Glucose-6-Phosphate,,0.0,
Soro,4_1H,Serine,HMDB00187,0.0,42.7
Soro,4_1H,Pyroglutamate,HMDB00267,126.571859165315,
Soro,4_1H,Saccarate,,0.0,
Soro,4_1H,Methionine,HMDB00696,0.0,13.2
Soro,4_1H,Lactose,,0.0,
Soro,4_1H,2-Hydroxybutyrate,,0.0,12.0
Soro,4_1H,Ethanolamine,HMDB00149,0.0,
Soro,4_1H,S-Acetamidomethylcysteine,,0.0,
Soro,4_1H,Butyrate,HMDB00039,0.0,
Soro,4_1H,Glutathione-oxidized,,8.94309781091248,
Soro,4_1H,TMAO,,0.0,
Soro,4_1H,2-Deoxyadenosine,,4.65932315571091,
Soro,4_1H,Creatinine,HMDB00562,0.0,19.8
Soro,4_1H,CTP,,0.0,
Soro,4_1H,Urocanate,HMDB00301,0.297691738027638,
Soro,4_1H,Homovanillate,,76.5334384913812,
Soro,4_1H,Threonate,,0.0,
Soro,4_1H,2-Deoxycytidine,,0.692269790699261,
Soro,4_1H,N-(2-Furoyl)Glycine,,0.0,
Soro,4_1H,Asparagine,HMDB00168,0.0,19.9
Soro,4_1H,Levulinate,,47.5209659303633,
Soro,4_1H,Vanillate,,5.89040390406571,
Soro,4_1H,Allantoin,,0.0,
Soro,4_1H,Glycolate,HMDB00115,14.2614692674974,
Soro,4_1H,Histidine,HMDB00177,0.0,23.6
Soro,4_1H,Adenosine,,0.0,
Soro,4_1H,Nicotinate,,1.67949493477038,
Soro,4_1H,Malonate,HMDB00691,43.8645083872004,
Soro,4_1H,Glutathione-reduced,,6.0373670787591,
Soro,4_1H,GDP,,1.67401784187264,
Soro,4_1H,Inosine,,1.62217388157429,1.9
Soro,4_1H,Trigonelline,HMDB00875,0.0,
Soro,4_1H,NAD,,0.0,
Soro,4_1H,UDPG,,0.0,
Soro,4_1H,AMP,,0.0,
Soro,5_1H,Glucose,HMDB00122,17432.9487855537,1410.4
Soro,5_1H,Lactate,HMDB00190,1582.86335938753,269.1
Soro,5_1H,Glutamine,HMDB00641,2992.72654812565,146.9
Soro,5_1H,Glycerate,,922.040709346765,
Soro,5_1H,Proline,,5036.82501668508,40.5
Soro,5_1H,Glutamate,,3662.33211047187,90.4
Soro,5_1H,2-Aminobutyrate,,1443.60859002624,5.8
Soro,5_1H,Sorbitol,,2397.37470841561,
Soro,5_1H,Lysine,HMDB00182,414.18639041036,37.9
Soro,5_1H,Galactitol,,1471.8806287583,
Soro,5_1H,Glycerol,,1519.68516545025,83.5
Soro,5_1H,Methanol,,1284.68279092095,29.0
Soro,5_1H,D-Glucuronate,,344.026086003763,
Soro,5_1H,Leucine,HMDB00687,960.871971335828,33.4
Soro,5_1H,Carnitine,HMDB00062,778.541866229155,10.0
Soro,5_1H,Xylitol,HMDB02917,1648.25337968819,
Soro,5_1H,Taurine,HMDB00251,1502.02055414952,53.1
Soro,5_1H,Ascorbate,,0.0,
Soro,5_1H,Cystine,,545.45079328639,
Soro,5_1H,Methylmalonate,,788.744198840817,
Soro,5_1H,Citrulline,,1242.5517566627,
Soro,5_1H,Guanidinoacetate,,550.065004640883,
Soro,5_1H,Mannose,,945.041917945723,19.1
Soro,5_1H,Arginine,,1743.2146063766,55.6
Soro,5_1H,Dihydrothymine,,1466.64537721609,
Soro,5_1H,2-AminoAdipate,,999.896128964968,
Soro,5_1H,4-HydroxyphenylAcetate,,323.924719743285,
Soro,5_1H,3-Hydroxybutyrate,HMDB00357,517.16552969605,39.3
Soro,5_1H,Threonine,HMDB00167,547.406345810997,33.0
Soro,5_1H,N-Acetylglycine,,983.551113039183,
Soro,5_1H,Valine,HMDB00883,607.975404247451,60.9
Soro,5_1H,3-Methyladipate,,290.943689092596,
Soro,5_1H,Citrate,HMDB00094,956.853278711355,47.6
Soro,5_1H,Cadaverine,,273.335733172571,
Soro,5_1H,2-Oxoglutarate,HMDB00208,134.265893015856,1.7
Soro,5_1H,Putrescine,,589.635547570947,
Soro,5_1H,5-AminoValerate,,194.319638087006,
Soro,5_1H,Arabitol,,306.763670029812,
Soro,5_1H,PropyleneGlycol,,913.888106072271,
Soro,5_1H,Phosphocholine,,153.10465795592,
Soro,5_1H,Glycine,HMDB00123,394.257715938437,55.6
Soro,5_1H,Myo-Inositol,,244.9405613919,
Soro,5_1H,Spermidine,,420.86743831461,
Soro,5_1H,Isoleucine,HMDB00172,295.415887165109,17.5
Soro,5_1H,Alanine,HMDB00161,322.902977833492,101.6
Soro,5_1H,3-Methyl-L-Histidine,,209.827692306004,
Soro,5_1H,Hypotaurine,,531.336087383751,
Soro,5_1H,CholineChloride,,344.234360358956,
Soro,5_1H,7-Methylxanthine,,113.531683838691,
Soro,5_1H,3-Methylxanthine,,75.4008614412822,
Soro,5_1H,DehydroAscorbate,,0.0,
Soro,5_1H,Isocitrate,,11.2649328012209,
Soro,5_1H,Saturated_fattty_acids,,18.9979035784042,
Soro,5_1H,Pantothenate,HMDB00210,218.595328676772,
Soro,5_1H,trans-4-Hydroxy-L-Proline,,0.0,
Soro,5_1H,Ornithine,,243.24581955316,6.7
Soro,5_1H,Succinate,HMDB00254,268.533571702517,1.4
Soro,5_1H,2-Propanol,,448.913491371277,
Soro,5_1H,Fucose,HMDB00174,72.9276328797815,
Soro,5_1H,Aspartate,,251.528191947724,10.3
Soro,5_1H,"1,3-Diaminopropane",,0.0,
Soro,5_1H,GABA,,231.305655071721,
Soro,5_1H,Indoxylsulfate,,52.3182387859585,
Soro,5_1H,Glycogen,,248.348079490287,
Soro,5_1H,Galactose,,0.0,
Soro,5_1H,Phenethylamine,,105.765062487381,
Soro,5_1H,Tryptophan,HMDB00929,20.8379822879128,
Soro,5_1H,alpha-Hydroxyisobutyrate,,161.036076201587,
Soro,5_1H,Pyruvate,HMDB00243,412.261025528231,16.9
Soro,5_1H,Ethylmalonate,,418.863606237321,
Soro,5_1H,Glycerophosphocholine,,7.3355375692291,
Soro,5_1H,Uracil,HMDB00300,19.1221663253153,
Soro,5_1H,Valerate,,152.769988566565,
Soro,5_1H,Maltose,,56.4178844786939,
Soro,5_1H,Betaine,HMDB00043,143.095865911131,20.1
Soro,5_1H,Syringate,,58.6726721204045,
Soro,5_1H,Threitol,,615.774151783517,
Soro,5_1H,Hippurate,HMDB00714,0.0075926084037296,
Soro,5_1H,Phenylalanine,,240.388787075734,19.4
Soro,5_1H,Adipate,,101.649635033952,
Soro,5_1H,2-Oxobutyrate,,182.709592603946,
Soro,5_1H,Beta-Alanine,,105.168099414844,
Soro,5_1H,Sebacate,,70.53631461797,
Soro,5_1H,4-EthylPhenol,,103.053968501102,
Soro,5_1H,Benzoate,,63.5033187235022,7.9
Soro,5_1H,Trans-Acotinate,,149.504470171922,
Soro,5_1H,4-AminoHippurate,,0.0,
Soro,5_1H,3-PhenylPropionate,,2.04638973753417,
Soro,5_1H,Anserine,,33.4310009280171,
Soro,5_1H,Creatine,HMDB00064,46.0127180009852,3.8
Soro,5_1H,Isovalerate,,105.370466620385,
Soro,5_1H,Mandelate,,19.9615901880252,
Soro,5_1H,Glutarate,,0.0,
Soro,5_1H,Phenylglyoxylate,,4.65935856087642,
Soro,5_1H,Acetoacetate,HMDB00060,114.674899243049,5.0
Soro,5_1H,O-Acetyl-L-Carnitine,,61.2256990704257,
Soro,5_1H,Malate,,13.3134913113222,
Soro,5_1H,Dimethylsulfone,,0.0,
Soro,5_1H,Acetaminophen,,9.78589456352337,
Soro,5_1H,Azelaic ate,,40.3795531022306,
Soro,5_1H,trans-Ferulate,,85.3206566590627,
Soro,5_1H,1-Methyl-L-Histidine,,3.05476232010793,
Soro,5_1H,Methylamine,,29.6876449569913,
Soro,5_1H,2-Oxoisovalerate,,73.4419726419822,
Soro,5_1H,Methylguanidine,,0.0,
Soro,5_1H,1-Methylhydantoin,,0.0,
Soro,5_1H,Propionate,,8.15287332072817,
Soro,5_1H,3-HydroxyphenylAcetate,,101.187644267364,
Soro,5_1H,2-Methylglutarate,,24.9645602555499,
Soro,5_1H,Pyrocatechol,,67.7431609156558,
Soro,5_1H,Acetone,HMDB01659,32.0616877447632,5.5
Soro,5_1H,Fructose,HMDB00660,0.0,
Soro,5_1H,beta-Hydroxyisovalerate,,0.0,
Soro,5_1H,Trimethylamine,,7.72521207542318,
Soro,5_1H,N-Acetyl-L-Aspartate,,1.9283959797182,
Soro,5_1H,Carnosine,HMDB00033,18.7103967534712,
Soro,5_1H,Citraconate,,3.8377322318641,
Soro,5_1H,2-HydroxyphenylAcetate,,39.1438637475317,
Soro,5_1H,Long-chain_alkane,,5.71885595761876,
Soro,5_1H,Oxypurinol,,20.510132470226,
Soro,5_1H,Acetate,HMDB00042,0.0,9.4
Soro,5_1H,Glutaconate,,125.764552763577,
Soro,5_1H,Kynurenate,,0.0,
Soro,5_1H,Isobutyrate,,0.0,
Soro,5_1H,Dimethylamine,HMDB00087,34.0991001616292,
Soro,5_1H,Formate,HMDB00142,93.9561369150373,4.8
Soro,5_1H,Pimelate,,0.0,
Soro,5_1H,Dimethylglycine,,3.74954138233903,
Soro,5_1H,dAMP,,7.70140981908436,
Soro,5_1H,Quinolinate,,1.93340642237608,
Soro,5_1H,Tartarate,,0.0,
Soro,5_1H,Tyrosine,HMDB00158,4.02264282203874,13.1
Soro,5_1H,Adenine,,9.39867788713304,
Soro,5_1H,Cytosine,,20.8671049292833,
Soro,5_1H,ATP,,0.0,
Soro,5_1H,Uridine,HMDB00296,0.0,
Soro,5_1H,2-Picolinate,,0.0,
Soro,5_1H,Sarcosine,,68.6013057716526,
Soro,5_1H,Nicotinurate,,0.0,
Soro,5_1H,Fumarate,,4.60771390997032,
Soro,5_1H,Hypoxanthine,HMDB00157,2.18308446808873,2.8
Soro,5_1H,D-Gluconate,,169.228393553127,
Soro,5_1H,Levoglucosan,,0.0,
Soro,5_1H,Glucose-6-Phosphate,,196.178733498933,
Soro,5_1H,Serine,HMDB00187,0.0,39.6
Soro,5_1H,Pyroglutamate,HMDB00267,18.5666894054111,
Soro,5_1H,Saccarate,,0.0,
Soro,5_1H,Methionine,HMDB00696,0.0,5.3
Soro,5_1H,Lactose,,185.482033132833,
Soro,5_1H,2-Hydroxybutyrate,,0.0,15.8
Soro,5_1H,Ethanolamine,HMDB00149,0.0,
Soro,5_1H,S-Acetamidomethylcysteine,,11.6987424546183,
Soro,5_1H,Butyrate,HMDB00039,0.0,
Soro,5_1H,Glutathione-oxidized,,1.32273140695902,
Soro,5_1H,TMAO,,0.0,
Soro,5_1H,2-Deoxyadenosine,,5.07875879384507,
Soro,5_1H,Creatinine,HMDB00562,0.0,17.8
Soro,5_1H,CTP,,0.0,
Soro,5_1H,Urocanate,HMDB00301,40.845400349276,
Soro,5_1H,Homovanillate,,126.902563142408,
Soro,5_1H,Threonate,,0.0,
Soro,5_1H,2-Deoxycytidine,,11.5081084420309,
Soro,5_1H,N-(2-Furoyl)Glycine,,14.8674834237234,
Soro,5_1H,Asparagine,HMDB00168,0.0,8.2
Soro,5_1H,Levulinate,,0.0,
Soro,5_1H,Vanillate,,49.2866038236192,
Soro,5_1H,Allantoin,,0.0,
Soro,5_1H,Glycolate,HMDB00115,0.0,
Soro,5_1H,Histidine,HMDB00177,0.0,25.0
Soro,5_1H,Adenosine,,0.0,
Soro,5_1H,Nicotinate,,0.860759613799439,
Soro,5_1H,Malonate,HMDB00691,32.3688544800635,
Soro,5_1H,Glutathione-reduced,,0.0,
Soro,5_1H,GDP,,0.0,
Soro,5_1H,Inosine,,2.16389009234072,3.4
Soro,5_1H,Trigonelline,HMDB00875,0.598338923571817,
Soro,5_1H,NAD,,0.570991477907098,
Soro,5_1H,UDPG,,0.347378685307956,
Soro,5_1H,AMP,,0.0,
Soro,6_1H,Glucose,HMDB00122,8720.86450472252,1182.6
Soro,6_1H,Lactate,HMDB00190,2449.74423957203,890.0
Soro,6_1H,Glutamine,HMDB00641,2401.94451231698,201.5
Soro,6_1H,Glycerate,,984.031633897595,
Soro,6_1H,Proline,,3306.45554637627,31.8
Soro,6_1H,Glutamate,,2434.30381671821,111.5
Soro,6_1H,2-Aminobutyrate,,963.549382457551,8.3
Soro,6_1H,Sorbitol,,1100.7017217201,
Soro,6_1H,Lysine,HMDB00182,835.077627490765,55.3
Soro,6_1H,Galactitol,,997.78327840847,
Soro,6_1H,Glycerol,,699.544073717286,70.9
Soro,6_1H,Methanol,,735.625362221217,37.2
Soro,6_1H,D-Glucuronate,,756.798164851639,
Soro,6_1H,Leucine,HMDB00687,691.988200452731,47.8
Soro,6_1H,Carnitine,HMDB00062,570.413516962467,12.4
Soro,6_1H,Xylitol,HMDB02917,664.597012125527,
Soro,6_1H,Taurine,HMDB00251,603.870477392906,53.1
Soro,6_1H,Ascorbate,,149.631963070989,
Soro,6_1H,Cystine,,592.028079912708,
Soro,6_1H,Methylmalonate,,857.596729433557,
Soro,6_1H,Citrulline,,529.013796649608,
Soro,6_1H,Guanidinoacetate,,360.55895927319,
Soro,6_1H,Mannose,,487.400748198474,19.1
Soro,6_1H,Arginine,,235.464782337157,35.5
Soro,6_1H,Dihydrothymine,,752.652740990926,
Soro,6_1H,2-AminoAdipate,,575.594835421981,
Soro,6_1H,4-HydroxyphenylAcetate,,266.29520770602,
Soro,6_1H,3-Hydroxybutyrate,HMDB00357,255.718561738396,29.6
Soro,6_1H,Threonine,HMDB00167,455.189431039578,40.9
Soro,6_1H,N-Acetylglycine,,704.023923285581,
Soro,6_1H,Valine,HMDB00883,377.868107533026,76.8
Soro,6_1H,3-Methyladipate,,278.420207253389,
Soro,6_1H,Citrate,HMDB00094,315.527285225148,30.0
Soro,6_1H,Cadaverine,,227.030130629313,
Soro,6_1H,2-Oxoglutarate,HMDB00208,197.596390320999,2.9
Soro,6_1H,Putrescine,,304.533055596456,
Soro,6_1H,5-AminoValerate,,208.616183115434,
Soro,6_1H,Arabitol,,0.0,
Soro,6_1H,PropyleneGlycol,,564.46848274513,
Soro,6_1H,Phosphocholine,,59.6532747175016,
Soro,6_1H,Glycine,HMDB00123,1445.32424830869,145.5
Soro,6_1H,Myo-Inositol,,123.494152468902,
Soro,6_1H,Spermidine,,0.0,
Soro,6_1H,Isoleucine,HMDB00172,255.649619813355,21.0
Soro,6_1H,Alanine,HMDB00161,223.406461144502,127.9
Soro,6_1H,3-Methyl-L-Histidine,,207.800542995954,
Soro,6_1H,Hypotaurine,,399.063705799139,
Soro,6_1H,CholineChloride,,437.695774226861,
Soro,6_1H,7-Methylxanthine,,196.632121432689,
Soro,6_1H,3-Methylxanthine,,7.32201946539638,
Soro,6_1H,DehydroAscorbate,,128.442448230514,
Soro,6_1H,Isocitrate,,264.571353155298,
Soro,6_1H,Saturated_fattty_acids,,179.668124024885,
Soro,6_1H,Pantothenate,HMDB00210,201.764502894631,
Soro,6_1H,trans-4-Hydroxy-L-Proline,,2.93676574910676,
Soro,6_1H,Ornithine,,524.971617307429,18.5
Soro,6_1H,Succinate,HMDB00254,175.191149161399,4.8
Soro,6_1H,2-Propanol,,169.21131378177,
Soro,6_1H,Fucose,HMDB00174,467.155599692858,
Soro,6_1H,Aspartate,,170.037546529587,17.3
Soro,6_1H,"1,3-Diaminopropane",,109.691932062609,
Soro,6_1H,GABA,,251.360686559109,
Soro,6_1H,Indoxylsulfate,,105.225054788769,
Soro,6_1H,Glycogen,,184.692119847702,
Soro,6_1H,Galactose,,57.6339404842055,
Soro,6_1H,Phenethylamine,,95.9215020980868,
Soro,6_1H,Tryptophan,HMDB00929,132.731903123035,
Soro,6_1H,alpha-Hydroxyisobutyrate,,105.199810080592,
Soro,6_1H,Pyruvate,HMDB00243,257.975633108152,31.8
Soro,6_1H,Ethylmalonate,,262.918643796832,
Soro,6_1H,Glycerophosphocholine,,2.74645838832087,
Soro,6_1H,Uracil,HMDB00300,33.6175069410479,
Soro,6_1H,Valerate,,90.2497461663803,
Soro,6_1H,Maltose,,17.3589780612099,
Soro,6_1H,Betaine,HMDB00043,54.0420729761339,7.2
Soro,6_1H,Syringate,,116.802399773958,
Soro,6_1H,Threitol,,172.412964324581,
Soro,6_1H,Hippurate,HMDB00714,47.3866125952484,
Soro,6_1H,Phenylalanine,,216.973750640168,27.5
Soro,6_1H,Adipate,,25.9466361742421,
Soro,6_1H,2-Oxobutyrate,,139.886322533807,
Soro,6_1H,Beta-Alanine,,84.6748954228388,
Soro,6_1H,Sebacate,,0.0,
Soro,6_1H,4-EthylPhenol,,106.64516654357,
Soro,6_1H,Benzoate,,97.7284319013504,8.9
Soro,6_1H,Trans-Acotinate,,173.827607109613,
Soro,6_1H,4-AminoHippurate,,58.800625542468,
Soro,6_1H,3-PhenylPropionate,,84.0179264154707,
Soro,6_1H,Anserine,,90.6910365355465,
Soro,6_1H,Creatine,HMDB00064,47.1564076901927,16.2
Soro,6_1H,Isovalerate,,136.955496852757,
Soro,6_1H,Mandelate,,27.7818750321144,
Soro,6_1H,Glutarate,,0.0,
Soro,6_1H,Phenylglyoxylate,,24.1001340110785,
Soro,6_1H,Acetoacetate,HMDB00060,83.6083579643582,6.0
Soro,6_1H,O-Acetyl-L-Carnitine,,20.2166703167977,
Soro,6_1H,Malate,,8.88424099507632,
Soro,6_1H,Dimethylsulfone,,24.9452791905903,
Soro,6_1H,Acetaminophen,,11.2936577353946,
Soro,6_1H,Azelaic ate,,0.0,
Soro,6_1H,trans-Ferulate,,47.5289939538348,
Soro,6_1H,1-Methyl-L-Histidine,,12.8724962514692,
Soro,6_1H,Methylamine,,15.4517402409989,
Soro,6_1H,2-Oxoisovalerate,,332.348552828798,
Soro,6_1H,Methylguanidine,,0.0,
Soro,6_1H,1-Methylhydantoin,,11.8886459039259,
Soro,6_1H,Propionate,,0.0,
Soro,6_1H,3-HydroxyphenylAcetate,,178.614076792231,
Soro,6_1H,2-Methylglutarate,,24.7899283175577,
Soro,6_1H,Pyrocatechol,,72.8300206721431,
Soro,6_1H,Acetone,HMDB01659,30.473083972276,4.4
Soro,6_1H,Fructose,HMDB00660,8.25762369802913,
Soro,6_1H,beta-Hydroxyisovalerate,,69.2374522430193,
Soro,6_1H,Trimethylamine,,10.1879533403667,
Soro,6_1H,N-Acetyl-L-Aspartate,,9.84089029744993,
Soro,6_1H,Carnosine,HMDB00033,41.1622936267376,
Soro,6_1H,Citraconate,,14.0011620001706,
Soro,6_1H,2-HydroxyphenylAcetate,,224.327382161488,
Soro,6_1H,Long-chain_alkane,,43.4727106813303,
Soro,6_1H,Oxypurinol,,0.0,
Soro,6_1H,Acetate,HMDB00042,26.0570572237908,18.9
Soro,6_1H,Glutaconate,,12.1875630351724,
Soro,6_1H,Kynurenate,,13.5766522168568,
Soro,6_1H,Isobutyrate,,0.0,
Soro,6_1H,Dimethylamine,HMDB00087,34.8679471860134,
Soro,6_1H,Formate,HMDB00142,72.2535443677398,9.7
Soro,6_1H,Pimelate,,0.0,
Soro,6_1H,Dimethylglycine,,17.2860670968103,
Soro,6_1H,dAMP,,8.59213430229884,
Soro,6_1H,Quinolinate,,0.848445189095732,
Soro,6_1H,Tartarate,,0.0,
Soro,6_1H,Tyrosine,HMDB00158,21.923921682276,19.7
Soro,6_1H,Adenine,,0.0,
Soro,6_1H,Cytosine,,13.6510732056146,
Soro,6_1H,ATP,,0.0,
Soro,6_1H,Uridine,HMDB00296,7.36684918416474,
Soro,6_1H,2-Picolinate,,0.0270494644233016,
Soro,6_1H,Sarcosine,,45.4720292983363,
Soro,6_1H,Nicotinurate,,0.0,
Soro,6_1H,Fumarate,,0.0,
Soro,6_1H,Hypoxanthine,HMDB00157,0.673959174126589,2.0
Soro,6_1H,D-Gluconate,,0.0,
Soro,6_1H,Levoglucosan,,0.0,
Soro,6_1H,Glucose-6-Phosphate,,38.6688017134472,
Soro,6_1H,Serine,HMDB00187,0.0,64.2
Soro,6_1H,Pyroglutamate,HMDB00267,400.898027535242,
Soro,6_1H,Saccarate,,0.0,
Soro,6_1H,Methionine,HMDB00696,0.0,9.7
Soro,6_1H,Lactose,,136.58252406299,
Soro,6_1H,2-Hydroxybutyrate,,75.8014483441504,20.6
Soro,6_1H,Ethanolamine,HMDB00149,0.0,
Soro,6_1H,S-Acetamidomethylcysteine,,0.0,
Soro,6_1H,Butyrate,HMDB00039,5.06252569814863,
Soro,6_1H,Glutathione-oxidized,,0.0,
Soro,6_1H,TMAO,,23.6922039498327,
Soro,6_1H,2-Deoxyadenosine,,0.762848286254196,
Soro,6_1H,Creatinine,HMDB00562,0.0,19.0
Soro,6_1H,CTP,,0.0906299823927846,
Soro,6_1H,Urocanate,HMDB00301,0.0,
Soro,6_1H,Homovanillate,,246.009018311069,
Soro,6_1H,Threonate,,0.0,
Soro,6_1H,2-Deoxycytidine,,2.56073169652586,
Soro,6_1H,N-(2-Furoyl)Glycine,,26.3069375506324,
Soro,6_1H,Asparagine,HMDB00168,0.0,16.1
Soro,6_1H,Levulinate,,61.4807287112273,
Soro,6_1H,Vanillate,,61.3918805364279,
Soro,6_1H,Allantoin,,34.0029501049817,
Soro,6_1H,Glycolate,HMDB00115,78.0340461078439,
Soro,6_1H,Histidine,HMDB00177,0.0,30.3
Soro,6_1H,Adenosine,,0.0,
Soro,6_1H,Nicotinate,,0.470649521488463,
Soro,6_1H,Malonate,HMDB00691,31.9030267391833,
Soro,6_1H,Glutathione-reduced,,0.0,
Soro,6_1H,GDP,,0.0,
Soro,6_1H,Inosine,,0.0,0.0
Soro,6_1H,Trigonelline,HMDB00875,1.18611780294623,
Soro,6_1H,NAD,,0.0367187003929695,
Soro,6_1H,UDPG,,0.0,
Soro,6_1H,AMP,,1.32707897212267,
Urina,01RCF_csv,Creatinine,HMDB00562,120826.437446869,24012.6
Urina,01RCF_csv,Cytosine,,26516.6910776538,
Urina,01RCF_csv,Glycolate,HMDB00115,23920.0792551569,1226.6
Urina,01RCF_csv,Taurine,HMDB00251,19318.1267760495,2148.6
Urina,01RCF_csv,Threonate,,19235.3915727742,
Urina,01RCF_csv,Uracil,HMDB00300,18885.6038443532,181.8
Urina,01RCF_csv,Serine,HMDB00187,17181.1846411819,896.5
Urina,01RCF_csv,Glycine,HMDB00123,15543.3204474895,1518.6
Urina,01RCF_csv,Proline,,12056.6398232553,
Urina,01RCF_csv,Cysteine,,11796.1294195556,
Urina,01RCF_csv,D-Gluconate,,11134.5764227819,
Urina,01RCF_csv,Citrate,HMDB00094,10960.533585261,3886.5
Urina,01RCF_csv,Hippurate,HMDB00714,9741.46236464434,4653.1
Urina,01RCF_csv,Ethanolamine,HMDB00149,9460.50885901954,979.4
Urina,01RCF_csv,Saccarate,,8848.67622824952,
Urina,01RCF_csv,Betaine,HMDB00043,8590.68049024339,179.1
Urina,01RCF_csv,Guanidinoacetate,,8525.91432896693,
Urina,01RCF_csv,Phenethylamine,,8500.18214524583,
Urina,01RCF_csv,Glucose,HMDB00122,8255.5188589324,610.1
Urina,01RCF_csv,2-Deoxycytidine,,7822.71091817544,
Urina,01RCF_csv,Fructose,HMDB00660,7750.53141724093,611.9
Urina,01RCF_csv,Glucose-6-Phosphate,,7454.44235725773,
Urina,01RCF_csv,Isocitrate,,7334.87634889928,
Urina,01RCF_csv,Xylitol,HMDB02917,7219.30217612643,498.6
Urina,01RCF_csv,Lactose,,7211.61216399885,
Urina,01RCF_csv,Dimethylamine,HMDB00087,6458.54009573264,759.3
Urina,01RCF_csv,"1,3-Diaminopropane",,6452.98266689282,
Urina,01RCF_csv,Aspartate,,6326.17016168126,
Urina,01RCF_csv,Threitol,,6208.01439205347,
Urina,01RCF_csv,Glutamine,HMDB00641,6204.3298717283,839.1
Urina,01RCF_csv,D-Glucuronate,,6060.78235187244,
Urina,01RCF_csv,Glycerol,,6002.90433381067,
Urina,01RCF_csv,Malate,,5571.77771355457,
Urina,01RCF_csv,Cystine,,5416.34483968003,
Urina,01RCF_csv,Asparagine,HMDB00168,5344.58440754538,188.7
Urina,01RCF_csv,N-Acetyl-L-Aspartate,,5144.35815303069,
Urina,01RCF_csv,Lactate,HMDB00190,5109.66115443565,44.3
Urina,01RCF_csv,Mannose,,5053.84860827823,
Urina,01RCF_csv,Myo-Inositol,,5040.65850304404,
Urina,01RCF_csv,2-AminoAdipate,,4919.37301490738,
Urina,01RCF_csv,Beta-Alanine,,4885.04310406752,
Urina,01RCF_csv,Glutamate,,4861.60549361839,
Urina,01RCF_csv,Citrulline,,4850.32136517696,
Urina,01RCF_csv,GABA,,4618.53680134868,
Urina,01RCF_csv,Galactitol,,4117.26146626321,
Urina,01RCF_csv,Ornithine,,4039.44901188191,
Urina,01RCF_csv,Levoglucosan,,3883.2459519021,
Urina,01RCF_csv,Pyroglutamate,HMDB00267,3877.88140718988,502.6
Urina,01RCF_csv,Lysine,HMDB00182,3815.40375141231,472.0
Urina,01RCF_csv,Creatine,HMDB00064,3736.89600080405,215.4
Urina,01RCF_csv,Histidine,HMDB00177,3560.12768105752,1947.6
Urina,01RCF_csv,Cadaverine,,3531.92276407892,
Urina,01RCF_csv,Galactose,,3357.74186032764,
Urina,01RCF_csv,Tryptophan,HMDB00929,3263.48739484744,111.3
Urina,01RCF_csv,Arabitol,,3222.02925602539,
Urina,01RCF_csv,trans-4-Hydroxy-L-Proline,,3158.23097358878,
Urina,01RCF_csv,N-Acetylglycine,,3013.00652137936,
Urina,01RCF_csv,2-Oxoglutarate,HMDB00208,2928.9821575696,165.2
Urina,01RCF_csv,Formate,HMDB00142,2924.63285804939,515.2
Urina,01RCF_csv,Trans-Acotinate,,2895.75164872919,
Urina,01RCF_csv,3-PhenylPropionate,,2868.93193899826,
Urina,01RCF_csv,Phenylalanine,,2852.62305355892,
Urina,01RCF_csv,Argininosuccinate,,2754.58112809287,
Urina,01RCF_csv,Methylmalonate,,2679.08308726344,
Urina,01RCF_csv,Spermidine,,2644.89974252666,
Urina,01RCF_csv,Sorbitol,,2644.07546177237,
Urina,01RCF_csv,Indoxylsulfate,,2520.02824557336,
Urina,01RCF_csv,Glutathione-oxidized,,2508.93607312883,
Urina,01RCF_csv,3-Hydroxybutyrate,HMDB00357,2338.61638093897,122.6
Urina,01RCF_csv,Urocanate,HMDB00301,2238.94449628954,25.0
Urina,01RCF_csv,Arginine,,2213.50030634072,
Urina,01RCF_csv,Putrescine,,2191.08668337226,
Urina,01RCF_csv,2-Propanol,,2151.09567720965,
Urina,01RCF_csv,4-HydroxyphenylAcetate,,2113.29123954202,
Urina,01RCF_csv,Hypotaurine,,2060.50339934482,
Urina,01RCF_csv,1-Methylhydantoin,,2045.00645340238,
Urina,01RCF_csv,Methylguanidine,,1966.22158968227,
Urina,01RCF_csv,O-Acetyl-L-Carnitine,,1953.88016045398,
Urina,01RCF_csv,Phenylglyoxylate,,1950.27838651778,
Urina,01RCF_csv,Fucose,HMDB00174,1893.47316986967,184.2
Urina,01RCF_csv,Glycogen,,1872.02145728325,
Urina,01RCF_csv,Allantoin,,1832.79309525385,
Urina,01RCF_csv,Anserine,,1831.89273597692,
Urina,01RCF_csv,trans-Ferulate,,1737.60265263987,
Urina,01RCF_csv,Threonine,HMDB00167,1720.01581511536,390.6
Urina,01RCF_csv,Methionine,HMDB00696,1641.88687334281,79.5
Urina,01RCF_csv,Alanine,HMDB00161,1628.27978193476,383.0
Urina,01RCF_csv,3-Methyladipate,,1619.1351334979,
Urina,01RCF_csv,Dihydrothymine,,1608.47998063749,
Urina,01RCF_csv,2-Deoxyguanosine,,1585.39090882607,
Urina,01RCF_csv,Glutaconate,,1574.98159598531,
Urina,01RCF_csv,Sarcosine,,1566.94397404984,
Urina,01RCF_csv,5-AminoValerate,,1548.1178712071,
Urina,01RCF_csv,Phosphocholine,,1465.0140941592,
Urina,01RCF_csv,S-Acetamidomethylcysteine,,1464.48180198681,
Urina,01RCF_csv,Quinolinate,,1462.07608682436,
Urina,01RCF_csv,UTP,,1439.02299763388,
Urina,01RCF_csv,Saturated_fattty_acids,,1435.91344908117,
Urina,01RCF_csv,Pyrocatechol,,1392.93117759336,
Urina,01RCF_csv,Homovanillate,,1386.23458769578,
Urina,01RCF_csv,Glutathione-reduced,,1331.60781854831,
Urina,01RCF_csv,4-EthylPhenol,,1320.08549515962,
Urina,01RCF_csv,Vanillate,,1310.14590709887,
Urina,01RCF_csv,GTP,,1285.06552728236,
Urina,01RCF_csv,Tyrosine,HMDB00158,1281.78185399416,157.3
Urina,01RCF_csv,Dimethylsulfone,,1228.44898028654,
Urina,01RCF_csv,Syringate,,1223.49500090302,
Urina,01RCF_csv,Acetate,HMDB00042,1179.84966304064,160.9
Urina,01RCF_csv,PropyleneGlycol,,1142.54582122757,
Urina,01RCF_csv,alpha-Hydroxyisobutyrate,,1135.84871501521,
Urina,01RCF_csv,Leucine,HMDB00687,1110.71978174612,91.8
Urina,01RCF_csv,Inosine,,1064.69888056051,
Urina,01RCF_csv,Tartarate,,1064.20501425133,
Urina,01RCF_csv,Valerate,,1055.91883334881,
Urina,01RCF_csv,Methylamine,,1006.98904568648,
Urina,01RCF_csv,Valine,HMDB00883,983.839770835278,73.0
Urina,01RCF_csv,Carnitine,HMDB00062,935.262538455737,121.9
Urina,01RCF_csv,Carnosine,HMDB00033,934.955206207668,111.4
Urina,01RCF_csv,Isovalerate,,922.214316077438,
Urina,01RCF_csv,CMP,,867.535092796321,
Urina,01RCF_csv,2-Aminobutyrate,,835.539367064388,
Urina,01RCF_csv,3-Methylxanthine,,808.223973344141,
Urina,01RCF_csv,Isobutyrate,,804.759825562905,
Urina,01RCF_csv,Trigonelline,HMDB00875,792.35991695209,1538.7
Urina,01RCF_csv,Pantothenate,HMDB00210,783.451519503305,72.2
Urina,01RCF_csv,Benzoate,,766.905959324048,
Urina,01RCF_csv,N-(2-Furoyl)Glycine,,726.636169216821,
Urina,01RCF_csv,4-AminoHippurate,,711.14798425445,
Urina,01RCF_csv,2-Methylglutarate,,703.702182905656,
Urina,01RCF_csv,Uridine,HMDB00296,699.323154852169,46.3
Urina,01RCF_csv,Ethylmalonate,,690.371098674332,
Urina,01RCF_csv,3-HydroxyphenylAcetate,,645.825609721457,
Urina,01RCF_csv,TMAO,,634.12548770753,
Urina,01RCF_csv,Trimethylamine,,627.901200873609,
Urina,01RCF_csv,Acetoacetate,HMDB00060,618.45671102571,83.5
Urina,01RCF_csv,Hypoxanthine,HMDB00157,611.545391672101,119.9
Urina,01RCF_csv,CholineChloride,,602.25966780528,
Urina,01RCF_csv,UDP,,566.871009769082,
Urina,01RCF_csv,Adipate,,539.506925597276,
Urina,01RCF_csv,2-Oxoisovalerate,,531.627953151227,
Urina,01RCF_csv,Pyruvate,HMDB00243,499.124290536785,65.8
Urina,01RCF_csv,2-Oxobutyrate,,488.709354602632,
Urina,01RCF_csv,GMP,,464.520491027673,
Urina,01RCF_csv,1-Methyl-L-Histidine,,425.657294247498,
Urina,01RCF_csv,Isoleucine,HMDB00172,420.752434359151,22.4
Urina,01RCF_csv,2-HydroxyphenylAcetate,,405.707713298014,
Urina,01RCF_csv,Adenine,,383.074578132574,
Urina,01RCF_csv,Glycerophosphocholine,,379.527338827209,
Urina,01RCF_csv,UMP,,376.323827638565,
Urina,01RCF_csv,Succinate,HMDB00254,316.090371280542,58.4
Urina,01RCF_csv,2-Deoxyadenosine,,312.983676534088,
Urina,01RCF_csv,Kynurenate,,288.78910890939,
Urina,01RCF_csv,7-Methylxanthine,,279.221477358613,
Urina,01RCF_csv,Sebacate,,274.294299329072,
Urina,01RCF_csv,Levulinate,,263.548532119366,
Urina,01RCF_csv,Dimethylglycine,,245.303005803142,
Urina,01RCF_csv,Acetaminophen,,242.47574867394,
Urina,01RCF_csv,UDPG,,233.661161555896,
Urina,01RCF_csv,CTP,,184.032243425324,
Urina,01RCF_csv,ATP,,118.374554846858,
Urina,01RCF_csv,Maltose,,78.7434131620704,
Urina,01RCF_csv,IMP,,74.729964012583,
Urina,01RCF_csv,2-Picolinate,,62.3009428995943,
Urina,01RCF_csv,Acetone,HMDB01659,58.3641687247222,29.7
Urina,01RCF_csv,GDP,,47.1265781957637,
Urina,01RCF_csv,Azelaic ate,,37.1319593236383,
Urina,01RCF_csv,Fumarate,,22.380326921978,
Urina,01RCF_csv,Nicotinate,,3.89525503464296,
Urina,01RCF_csv,dAMP,,3.66239809043155,
Urina,01RCF_csv,CDP,,2.33723086837575,
Urina,01RCF_csv,Nicotinurate,,0.263328575496967,
Urina,01RCF_csv,NADP,,0.0568522196321375,
Urina,01RCF_csv,3-Methyl-L-Histidine,,0.0,
Urina,01RCF_csv,DehydroAscorbate,,0.0,
Urina,01RCF_csv,Malonate,HMDB00691,0.0,685.2
Urina,01RCF_csv,Adenosine,,0.0,
Urina,01RCF_csv,Glutarate,,0.0,
Urina,01RCF_csv,Citraconate,,0.0,
Urina,01RCF_csv,Ascorbate,,0.0,
Urina,01RCF_csv,Propionate,,0.0,
Urina,01RCF_csv,Long-chain_alkane,,0.0,
Urina,01RCF_csv,AMP,,0.0,
Urina,01RCF_csv,NAD,,0.0,
Urina,01RCF_csv,Mandelate,,0.0,
Urina,02RCF_csv,Creatinine,HMDB00562,338374.919256005,14392.1
Urina,02RCF_csv,Cytosine,,3570.6997664157,
Urina,02RCF_csv,Glycolate,HMDB00115,6775.07314812203,547.1
Urina,02RCF_csv,Taurine,HMDB00251,27915.5194276784,1589.1
Urina,02RCF_csv,Threonate,,14667.3672042561,
Urina,02RCF_csv,Uracil,HMDB00300,1901.60335515759,88.3
Urina,02RCF_csv,Serine,HMDB00187,31789.7987221952,1137.6
Urina,02RCF_csv,Glycine,HMDB00123,81779.2290826844,3972.8
Urina,02RCF_csv,Proline,,11262.6613337183,
Urina,02RCF_csv,Cysteine,,23501.9391777993,
Urina,02RCF_csv,D-Gluconate,,7070.2451895923,
Urina,02RCF_csv,Citrate,HMDB00094,4598.03280330224,1742.3
Urina,02RCF_csv,Hippurate,HMDB00714,13758.6600272098,698.6
Urina,02RCF_csv,Ethanolamine,HMDB00149,14720.6859294296,662.5
Urina,02RCF_csv,Saccarate,,6256.29997334198,
Urina,02RCF_csv,Betaine,HMDB00043,4283.58431605369,127.5
Urina,02RCF_csv,Guanidinoacetate,,17787.988140959,
Urina,02RCF_csv,Phenethylamine,,10173.5067720378,
Urina,02RCF_csv,Glucose,HMDB00122,5866.97074040764,278.2
Urina,02RCF_csv,2-Deoxycytidine,,4428.62112935823,
Urina,02RCF_csv,Fructose,HMDB00660,1599.0671714285,158.1
Urina,02RCF_csv,Glucose-6-Phosphate,,10846.929736738,
Urina,02RCF_csv,Isocitrate,,11103.3911146069,
Urina,02RCF_csv,Xylitol,HMDB02917,2192.02157281648,321.3
Urina,02RCF_csv,Lactose,,13853.9305177342,
Urina,02RCF_csv,Dimethylamine,HMDB00087,7960.19044592568,449.1
Urina,02RCF_csv,"1,3-Diaminopropane",,5910.29397537815,
Urina,02RCF_csv,Aspartate,,7738.83694820853,
Urina,02RCF_csv,Threitol,,16579.3231112409,
Urina,02RCF_csv,Glutamine,HMDB00641,22149.2025223504,1095.6
Urina,02RCF_csv,D-Glucuronate,,5989.1136341984,
Urina,02RCF_csv,Glycerol,,4974.33406342317,
Urina,02RCF_csv,Malate,,1723.14641176692,
Urina,02RCF_csv,Cystine,,3167.68079364474,
Urina,02RCF_csv,Asparagine,HMDB00168,7564.12578412142,577.3
Urina,02RCF_csv,N-Acetyl-L-Aspartate,,5032.44148181553,
Urina,02RCF_csv,Lactate,HMDB00190,13106.1947384058,39.4
Urina,02RCF_csv,Mannose,,4261.3570653616,
Urina,02RCF_csv,Myo-Inositol,,4110.5521152939,
Urina,02RCF_csv,2-AminoAdipate,,6456.80701916821,
Urina,02RCF_csv,Beta-Alanine,,8953.00155631872,
Urina,02RCF_csv,Glutamate,,8243.78001600327,
Urina,02RCF_csv,Citrulline,,3228.25636025318,
Urina,02RCF_csv,GABA,,5163.20224165213,
Urina,02RCF_csv,Galactitol,,4760.20619029745,
Urina,02RCF_csv,Ornithine,,5854.22603771566,
Urina,02RCF_csv,Levoglucosan,,2403.06267760215,
Urina,02RCF_csv,Pyroglutamate,HMDB00267,6575.84317380835,232.6
Urina,02RCF_csv,Lysine,HMDB00182,4668.61826263588,114.5
Urina,02RCF_csv,Creatine,HMDB00064,15914.5097832402,965.6
Urina,02RCF_csv,Histidine,HMDB00177,2925.26540803874,2458.2
Urina,02RCF_csv,Cadaverine,,783.156229110476,
Urina,02RCF_csv,Galactose,,1915.32736605701,
Urina,02RCF_csv,Tryptophan,HMDB00929,2589.32370924492,87.8
Urina,02RCF_csv,Arabitol,,0.0,
Urina,02RCF_csv,trans-4-Hydroxy-L-Proline,,1372.27959844643,
Urina,02RCF_csv,N-Acetylglycine,,4861.02511369734,
Urina,02RCF_csv,2-Oxoglutarate,HMDB00208,6039.11206767813,200.0
Urina,02RCF_csv,Formate,HMDB00142,9221.42413409191,775.6
Urina,02RCF_csv,Trans-Acotinate,,1292.57729352916,
Urina,02RCF_csv,3-PhenylPropionate,,2452.71354507769,
Urina,02RCF_csv,Phenylalanine,,1332.415669879,
Urina,02RCF_csv,Argininosuccinate,,2554.10495205633,
Urina,02RCF_csv,Methylmalonate,,3415.72258621146,
Urina,02RCF_csv,Spermidine,,2850.72737269191,
Urina,02RCF_csv,Sorbitol,,10334.4492022914,
Urina,02RCF_csv,Indoxylsulfate,,2756.17926527944,
Urina,02RCF_csv,Glutathione-oxidized,,3843.59363077198,
Urina,02RCF_csv,3-Hydroxybutyrate,HMDB00357,2092.02758835731,49.4
Urina,02RCF_csv,Urocanate,HMDB00301,235.211067200968,17.0
Urina,02RCF_csv,Arginine,,2801.58474871438,
Urina,02RCF_csv,Putrescine,,1508.07463259015,
Urina,02RCF_csv,2-Propanol,,441.634042120442,
Urina,02RCF_csv,4-HydroxyphenylAcetate,,1679.39932147043,
Urina,02RCF_csv,Hypotaurine,,1888.83020252302,
Urina,02RCF_csv,1-Methylhydantoin,,4466.48820808522,
Urina,02RCF_csv,Methylguanidine,,1452.80052640514,
Urina,02RCF_csv,O-Acetyl-L-Carnitine,,2997.29711323832,
Urina,02RCF_csv,Phenylglyoxylate,,2419.48801831485,
Urina,02RCF_csv,Fucose,HMDB00174,1907.70624536568,82.2
Urina,02RCF_csv,Glycogen,,2093.1817486215,
Urina,02RCF_csv,Allantoin,,3496.68269494622,
Urina,02RCF_csv,Anserine,,3969.97810438743,
Urina,02RCF_csv,trans-Ferulate,,1496.85365501781,
Urina,02RCF_csv,Threonine,HMDB00167,1747.39029796116,645.5
Urina,02RCF_csv,Methionine,HMDB00696,0.0,34.4
Urina,02RCF_csv,Alanine,HMDB00161,4079.68762878759,672.2
Urina,02RCF_csv,3-Methyladipate,,2213.32093010138,
Urina,02RCF_csv,Dihydrothymine,,1278.09447971067,
Urina,02RCF_csv,2-Deoxyguanosine,,1381.40089115566,
Urina,02RCF_csv,Glutaconate,,814.564723196167,
Urina,02RCF_csv,Sarcosine,,874.267471893863,
Urina,02RCF_csv,5-AminoValerate,,1706.30438870005,
Urina,02RCF_csv,Phosphocholine,,4340.12821708965,
Urina,02RCF_csv,S-Acetamidomethylcysteine,,370.80749321237,
Urina,02RCF_csv,Quinolinate,,2386.30476849341,
Urina,02RCF_csv,UTP,,2342.07538280095,
Urina,02RCF_csv,Saturated_fattty_acids,,3112.17958485142,
Urina,02RCF_csv,Pyrocatechol,,1893.91346470173,
Urina,02RCF_csv,Homovanillate,,12.992727012245,
Urina,02RCF_csv,Glutathione-reduced,,1448.52532226929,
Urina,02RCF_csv,4-EthylPhenol,,1816.04218510472,
Urina,02RCF_csv,Vanillate,,246.294152383622,
Urina,02RCF_csv,GTP,,2923.67719595409,
Urina,02RCF_csv,Tyrosine,HMDB00158,2030.47588819515,212.7
Urina,02RCF_csv,Dimethylsulfone,,2079.20952750915,
Urina,02RCF_csv,Syringate,,730.286163732815,
Urina,02RCF_csv,Acetate,HMDB00042,2144.11611499558,132.4
Urina,02RCF_csv,PropyleneGlycol,,1550.56530164565,
Urina,02RCF_csv,alpha-Hydroxyisobutyrate,,1547.12653085412,
Urina,02RCF_csv,Leucine,HMDB00687,1909.37660564962,86.6
Urina,02RCF_csv,Inosine,,340.295036450178,
Urina,02RCF_csv,Tartarate,,0.0,
Urina,02RCF_csv,Valerate,,949.175131462943,
Urina,02RCF_csv,Methylamine,,1099.73328814472,
Urina,02RCF_csv,Valine,HMDB00883,2251.66669006968,96.9
Urina,02RCF_csv,Carnitine,HMDB00062,4097.3736147873,175.9
Urina,02RCF_csv,Carnosine,HMDB00033,16021.9411146306,651.0
Urina,02RCF_csv,Isovalerate,,1161.89339484278,
Urina,02RCF_csv,CMP,,831.818234736497,
Urina,02RCF_csv,2-Aminobutyrate,,870.042854039074,
Urina,02RCF_csv,3-Methylxanthine,,3599.16966433866,
Urina,02RCF_csv,Isobutyrate,,2475.32783096408,
Urina,02RCF_csv,Trigonelline,HMDB00875,6422.95572235987,346.3
Urina,02RCF_csv,Pantothenate,HMDB00210,1127.36652083295,65.2
Urina,02RCF_csv,Benzoate,,751.195325806364,
Urina,02RCF_csv,N-(2-Furoyl)Glycine,,953.807742857024,
Urina,02RCF_csv,4-AminoHippurate,,1786.02757506267,
Urina,02RCF_csv,2-Methylglutarate,,527.782744213409,
Urina,02RCF_csv,Uridine,HMDB00296,432.449612878862,26.9
Urina,02RCF_csv,Ethylmalonate,,1837.63243358871,
Urina,02RCF_csv,3-HydroxyphenylAcetate,,1198.79786734888,
Urina,02RCF_csv,TMAO,,604.363744986481,
Urina,02RCF_csv,Trimethylamine,,549.609793418933,
Urina,02RCF_csv,Acetoacetate,HMDB00060,756.01497331386,55.1
Urina,02RCF_csv,Hypoxanthine,HMDB00157,645.488387230875,106.6
Urina,02RCF_csv,CholineChloride,,2574.02023444251,
Urina,02RCF_csv,UDP,,0.0,
Urina,02RCF_csv,Adipate,,725.174021155002,
Urina,02RCF_csv,2-Oxoisovalerate,,1255.03229538934,
Urina,02RCF_csv,Pyruvate,HMDB00243,0.0,54.9
Urina,02RCF_csv,2-Oxobutyrate,,1781.06710572204,
Urina,02RCF_csv,GMP,,4210.77242257809,
Urina,02RCF_csv,1-Methyl-L-Histidine,,7355.12011381491,
Urina,02RCF_csv,Isoleucine,HMDB00172,406.124491703669,31.4
Urina,02RCF_csv,2-HydroxyphenylAcetate,,133.486824335084,
Urina,02RCF_csv,Adenine,,899.04264940122,
Urina,02RCF_csv,Glycerophosphocholine,,898.911280386589,
Urina,02RCF_csv,UMP,,690.78684913664,
Urina,02RCF_csv,Succinate,HMDB00254,0.0,20.1
Urina,02RCF_csv,2-Deoxyadenosine,,432.251939237384,
Urina,02RCF_csv,Kynurenate,,273.692059461691,
Urina,02RCF_csv,7-Methylxanthine,,1505.7722431374,
Urina,02RCF_csv,Sebacate,,0.0,
Urina,02RCF_csv,Levulinate,,764.470132178567,
Urina,02RCF_csv,Dimethylglycine,,619.673125206147,
Urina,02RCF_csv,Acetaminophen,,367.837167999421,
Urina,02RCF_csv,UDPG,,183.47233207809,
Urina,02RCF_csv,CTP,,47.4555638305981,
Urina,02RCF_csv,ATP,,491.604929674145,
Urina,02RCF_csv,Maltose,,1642.56744188816,
Urina,02RCF_csv,IMP,,192.154860241966,
Urina,02RCF_csv,2-Picolinate,,94.3508015834879,
Urina,02RCF_csv,Acetone,HMDB01659,321.442115915296,43.1
Urina,02RCF_csv,GDP,,0.0,
Urina,02RCF_csv,Azelaic ate,,0.0,
Urina,02RCF_csv,Fumarate,,6.04785043690419,
Urina,02RCF_csv,Nicotinate,,0.0685259068681063,
Urina,02RCF_csv,dAMP,,0.0,
Urina,02RCF_csv,CDP,,765.931491679984,
Urina,02RCF_csv,Nicotinurate,,0.0,
Urina,02RCF_csv,NADP,,0.0,
Urina,02RCF_csv,3-Methyl-L-Histidine,,37182.8099559478,
Urina,02RCF_csv,DehydroAscorbate,,6656.66590746274,
Urina,02RCF_csv,Malonate,HMDB00691,3009.46150708023,602.0
Urina,02RCF_csv,Adenosine,,956.381966435173,
Urina,02RCF_csv,Glutarate,,594.30833709211,
Urina,02RCF_csv,Citraconate,,198.731682368565,
Urina,02RCF_csv,Ascorbate,,42.9093634530622,
Urina,02RCF_csv,Propionate,,0.0,
Urina,02RCF_csv,Long-chain_alkane,,0.0,
Urina,02RCF_csv,AMP,,0.0,
Urina,02RCF_csv,NAD,,0.0,
Urina,02RCF_csv,Mandelate,,0.0,
Urina,03RCF_csv,Creatinine,HMDB00562,127646.832917817,13319.9
Urina,03RCF_csv,Cytosine,,10429.7105991447,
Urina,03RCF_csv,Glycolate,HMDB00115,11290.4686787848,498.1
Urina,03RCF_csv,Taurine,HMDB00251,16645.95208275,1277.3
Urina,03RCF_csv,Threonate,,8824.28856917539,
Urina,03RCF_csv,Uracil,HMDB00300,6858.95263564217,92.1
Urina,03RCF_csv,Serine,HMDB00187,8017.01195208643,606.9
Urina,03RCF_csv,Glycine,HMDB00123,0.0,1538.4
Urina,03RCF_csv,Proline,,7447.05752700975,
Urina,03RCF_csv,Cysteine,,4764.91849186493,
Urina,03RCF_csv,D-Gluconate,,6739.46874421063,
Urina,03RCF_csv,Citrate,HMDB00094,2474.70902006229,2359.8
Urina,03RCF_csv,Hippurate,HMDB00714,4475.80877759257,1676.6
Urina,03RCF_csv,Ethanolamine,HMDB00149,3613.77357007986,468.9
Urina,03RCF_csv,Saccarate,,5454.56508114008,
Urina,03RCF_csv,Betaine,HMDB00043,6275.78050515882,162.0
Urina,03RCF_csv,Guanidinoacetate,,3017.29281178147,
Urina,03RCF_csv,Phenethylamine,,5763.04254927206,
Urina,03RCF_csv,Glucose,HMDB00122,85.0648586653017,311.6
Urina,03RCF_csv,2-Deoxycytidine,,7175.18160099008,
Urina,03RCF_csv,Fructose,HMDB00660,2280.79088914984,338.1
Urina,03RCF_csv,Glucose-6-Phosphate,,5614.95691972063,
Urina,03RCF_csv,Isocitrate,,7052.6226510673,
Urina,03RCF_csv,Xylitol,HMDB02917,1712.80506648651,148.5
Urina,03RCF_csv,Lactose,,3874.80673972288,
Urina,03RCF_csv,Dimethylamine,HMDB00087,307.382848341018,471.9
Urina,03RCF_csv,"1,3-Diaminopropane",,6507.10353402404,
Urina,03RCF_csv,Aspartate,,4284.28269163807,
Urina,03RCF_csv,Threitol,,7056.791570525,
Urina,03RCF_csv,Glutamine,HMDB00641,3213.05849669047,510.1
Urina,03RCF_csv,D-Glucuronate,,1.21285670126123,
Urina,03RCF_csv,Glycerol,,1048.72109702971,
Urina,03RCF_csv,Malate,,362.596369555248,
Urina,03RCF_csv,Cystine,,4174.15945251234,
Urina,03RCF_csv,Asparagine,HMDB00168,2913.14341155778,165.2
Urina,03RCF_csv,N-Acetyl-L-Aspartate,,2749.93795471045,
Urina,03RCF_csv,Lactate,HMDB00190,2026.75461629931,23.0
Urina,03RCF_csv,Mannose,,741.132311480182,
Urina,03RCF_csv,Myo-Inositol,,3301.54194460936,
Urina,03RCF_csv,2-AminoAdipate,,4006.72121364181,
Urina,03RCF_csv,Beta-Alanine,,4711.32878874357,
Urina,03RCF_csv,Glutamate,,5514.1843560536,
Urina,03RCF_csv,Citrulline,,2845.31793383742,
Urina,03RCF_csv,GABA,,4907.47394571275,
Urina,03RCF_csv,Galactitol,,1532.66752094286,
Urina,03RCF_csv,Ornithine,,1045.63620885385,
Urina,03RCF_csv,Levoglucosan,,1261.35522484307,
Urina,03RCF_csv,Pyroglutamate,HMDB00267,3593.22732530511,237.5
Urina,03RCF_csv,Lysine,HMDB00182,3684.91459921164,145.8
Urina,03RCF_csv,Creatine,HMDB00064,1111.8666219187,174.1
Urina,03RCF_csv,Histidine,HMDB00177,2308.59656170877,517.5
Urina,03RCF_csv,Cadaverine,,80.3293925103656,
Urina,03RCF_csv,Galactose,,101.917984444614,
Urina,03RCF_csv,Tryptophan,HMDB00929,1802.22592769618,68.3
Urina,03RCF_csv,Arabitol,,6447.04184113836,
Urina,03RCF_csv,trans-4-Hydroxy-L-Proline,,2106.15194752607,
Urina,03RCF_csv,N-Acetylglycine,,2617.82545809319,
Urina,03RCF_csv,2-Oxoglutarate,HMDB00208,2518.7342868971,175.6
Urina,03RCF_csv,Formate,HMDB00142,71.1037683193926,312.9
Urina,03RCF_csv,Trans-Acotinate,,677.283029151018,
Urina,03RCF_csv,3-PhenylPropionate,,1170.07149948689,
Urina,03RCF_csv,Phenylalanine,,1835.18740569706,
Urina,03RCF_csv,Argininosuccinate,,0.0,
Urina,03RCF_csv,Methylmalonate,,1348.87110923943,
Urina,03RCF_csv,Spermidine,,1481.26804851812,
Urina,03RCF_csv,Sorbitol,,1875.33166462119,
Urina,03RCF_csv,Indoxylsulfate,,1855.83163687849,
Urina,03RCF_csv,Glutathione-oxidized,,2840.41731681299,
Urina,03RCF_csv,3-Hydroxybutyrate,HMDB00357,256.653237273178,45.1
Urina,03RCF_csv,Urocanate,HMDB00301,1357.4239209246,17.2
Urina,03RCF_csv,Arginine,,298.941548957504,
Urina,03RCF_csv,Putrescine,,2348.79282887031,
Urina,03RCF_csv,2-Propanol,,2541.13151886869,
Urina,03RCF_csv,4-HydroxyphenylAcetate,,773.001190480757,
Urina,03RCF_csv,Hypotaurine,,0.0,
Urina,03RCF_csv,1-Methylhydantoin,,943.364159848372,
Urina,03RCF_csv,Methylguanidine,,1276.62541788558,
Urina,03RCF_csv,O-Acetyl-L-Carnitine,,2123.9497884971,
Urina,03RCF_csv,Phenylglyoxylate,,2511.68827561985,
Urina,03RCF_csv,Fucose,HMDB00174,855.030232614586,122.2
Urina,03RCF_csv,Glycogen,,1083.70918951896,
Urina,03RCF_csv,Allantoin,,752.73103782945,
Urina,03RCF_csv,Anserine,,605.879594869022,
Urina,03RCF_csv,trans-Ferulate,,1398.708336253,
Urina,03RCF_csv,Threonine,HMDB00167,1089.8012291698,337.5
Urina,03RCF_csv,Methionine,HMDB00696,3565.29396818035,44.3
Urina,03RCF_csv,Alanine,HMDB00161,288.319817854606,219.9
Urina,03RCF_csv,3-Methyladipate,,1647.67175067287,
Urina,03RCF_csv,Dihydrothymine,,3455.85610298987,
Urina,03RCF_csv,2-Deoxyguanosine,,1159.12494601279,
Urina,03RCF_csv,Glutaconate,,400.02059351415,
Urina,03RCF_csv,Sarcosine,,1299.09278903404,
Urina,03RCF_csv,5-AminoValerate,,1483.59870631292,
Urina,03RCF_csv,Phosphocholine,,257.963091354206,
Urina,03RCF_csv,S-Acetamidomethylcysteine,,1069.49198826439,
Urina,03RCF_csv,Quinolinate,,1541.88896853707,
Urina,03RCF_csv,UTP,,427.187693577459,
Urina,03RCF_csv,Saturated_fattty_acids,,543.154191500514,
Urina,03RCF_csv,Pyrocatechol,,0.0,
Urina,03RCF_csv,Homovanillate,,354.283237456493,
Urina,03RCF_csv,Glutathione-reduced,,0.0,
Urina,03RCF_csv,4-EthylPhenol,,496.003450321238,
Urina,03RCF_csv,Vanillate,,2001.42819186718,
Urina,03RCF_csv,GTP,,1032.71434647143,
Urina,03RCF_csv,Tyrosine,HMDB00158,324.602121241556,137.4
Urina,03RCF_csv,Dimethylsulfone,,665.319188352349,
Urina,03RCF_csv,Syringate,,61.252665409328,
Urina,03RCF_csv,Acetate,HMDB00042,0.0,73.4
Urina,03RCF_csv,PropyleneGlycol,,2011.53751916178,
Urina,03RCF_csv,alpha-Hydroxyisobutyrate,,641.896686303215,
Urina,03RCF_csv,Leucine,HMDB00687,609.968820124471,49.0
Urina,03RCF_csv,Inosine,,113.339842810623,
Urina,03RCF_csv,Tartarate,,97.8430221297051,
Urina,03RCF_csv,Valerate,,172.216267797097,
Urina,03RCF_csv,Methylamine,,237.605774294457,
Urina,03RCF_csv,Valine,HMDB00883,149.286991416793,41.6
Urina,03RCF_csv,Carnitine,HMDB00062,1271.02554497486,51.6
Urina,03RCF_csv,Carnosine,HMDB00033,1291.29409876408,135.8
Urina,03RCF_csv,Isovalerate,,605.929171642263,
Urina,03RCF_csv,CMP,,54.303380936412,
Urina,03RCF_csv,2-Aminobutyrate,,599.727632404237,
Urina,03RCF_csv,3-Methylxanthine,,8200.40154766399,
Urina,03RCF_csv,Isobutyrate,,172.155220605801,
Urina,03RCF_csv,Trigonelline,HMDB00875,428.875682174987,588.2
Urina,03RCF_csv,Pantothenate,HMDB00210,128.698049294956,58.4
Urina,03RCF_csv,Benzoate,,565.003119192231,
Urina,03RCF_csv,N-(2-Furoyl)Glycine,,653.943924853624,
Urina,03RCF_csv,4-AminoHippurate,,1127.66284940426,
Urina,03RCF_csv,2-Methylglutarate,,1282.85381270192,
Urina,03RCF_csv,Uridine,HMDB00296,0.0,13.0
Urina,03RCF_csv,Ethylmalonate,,1088.2483331838,
Urina,03RCF_csv,3-HydroxyphenylAcetate,,2358.12160257624,
Urina,03RCF_csv,TMAO,,0.0,
Urina,03RCF_csv,Trimethylamine,,191.279989350846,
Urina,03RCF_csv,Acetoacetate,HMDB00060,622.20351195153,56.7
Urina,03RCF_csv,Hypoxanthine,HMDB00157,258.585339955194,22.5
Urina,03RCF_csv,CholineChloride,,658.995054992967,
Urina,03RCF_csv,UDP,,45.7884632772059,
Urina,03RCF_csv,Adipate,,145.133341657028,
Urina,03RCF_csv,2-Oxoisovalerate,,454.807778375261,
Urina,03RCF_csv,Pyruvate,HMDB00243,519.398470977315,35.4
Urina,03RCF_csv,2-Oxobutyrate,,1144.09277352646,
Urina,03RCF_csv,GMP,,130.48687201082,
Urina,03RCF_csv,1-Methyl-L-Histidine,,972.020559641689,
Urina,03RCF_csv,Isoleucine,HMDB00172,733.058910435539,16.3
Urina,03RCF_csv,2-HydroxyphenylAcetate,,1099.6552434477,
Urina,03RCF_csv,Adenine,,303.641715891342,
Urina,03RCF_csv,Glycerophosphocholine,,376.916180319119,
Urina,03RCF_csv,UMP,,103.304446972533,
Urina,03RCF_csv,Succinate,HMDB00254,0.0,86.9
Urina,03RCF_csv,2-Deoxyadenosine,,248.712340285414,
Urina,03RCF_csv,Kynurenate,,0.0,
Urina,03RCF_csv,7-Methylxanthine,,0.0,
Urina,03RCF_csv,Sebacate,,369.760012459835,
Urina,03RCF_csv,Levulinate,,0.0,
Urina,03RCF_csv,Dimethylglycine,,141.448965971639,
Urina,03RCF_csv,Acetaminophen,,937.510479663213,
Urina,03RCF_csv,UDPG,,388.066396592464,
Urina,03RCF_csv,CTP,,164.295867092849,
Urina,03RCF_csv,ATP,,456.961981360015,
Urina,03RCF_csv,Maltose,,561.465294576416,
Urina,03RCF_csv,IMP,,76.1298738714493,
Urina,03RCF_csv,2-Picolinate,,1315.24547775434,
Urina,03RCF_csv,Acetone,HMDB01659,404.261530932529,25.5
Urina,03RCF_csv,GDP,,0.0,
Urina,03RCF_csv,Azelaic ate,,1211.83483662933,
Urina,03RCF_csv,Fumarate,,34.1274032304273,
Urina,03RCF_csv,Nicotinate,,112.998863015829,
Urina,03RCF_csv,dAMP,,1.2962577003994,
Urina,03RCF_csv,CDP,,355.103405581288,
Urina,03RCF_csv,Nicotinurate,,25.4814359243707,
Urina,03RCF_csv,NADP,,25.3087710052976,
Urina,03RCF_csv,3-Methyl-L-Histidine,,0.0,
Urina,03RCF_csv,DehydroAscorbate,,0.0,
Urina,03RCF_csv,Malonate,HMDB00691,1247.46122516236,396.4
Urina,03RCF_csv,Adenosine,,25.8452905086165,
Urina,03RCF_csv,Glutarate,,343.019775870369,
Urina,03RCF_csv,Citraconate,,39.8205975150363,
Urina,03RCF_csv,Ascorbate,,0.0,
Urina,03RCF_csv,Propionate,,838.421326033369,
Urina,03RCF_csv,Long-chain_alkane,,267.18290421727,
Urina,03RCF_csv,AMP,,31.6639653934883,
Urina,03RCF_csv,NAD,,0.0,
Urina,03RCF_csv,Mandelate,,0.0,
Urina,04RCF_csv,Creatinine,HMDB00562,347.580979498714,12524.0
Urina,04RCF_csv,Cytosine,,2089.27062576867,
Urina,04RCF_csv,Glycolate,HMDB00115,2462.34384200255,255.1
Urina,04RCF_csv,Taurine,HMDB00251,580.788359361578,354.4
Urina,04RCF_csv,Threonate,,805.327949230049,
Urina,04RCF_csv,Uracil,HMDB00300,1468.19688621315,71.1
Urina,04RCF_csv,Serine,HMDB00187,486.276509307543,399.9
Urina,04RCF_csv,Glycine,HMDB00123,0.0,320.8
Urina,04RCF_csv,Proline,,661.207353370059,
Urina,04RCF_csv,Cysteine,,891.642157891299,
Urina,04RCF_csv,D-Gluconate,,572.199842639085,
Urina,04RCF_csv,Citrate,HMDB00094,223.418196213954,131.6
Urina,04RCF_csv,Hippurate,HMDB00714,878.80770231517,2053.8
Urina,04RCF_csv,Ethanolamine,HMDB00149,339.054248174686,298.9
Urina,04RCF_csv,Saccarate,,402.163132798539,
Urina,04RCF_csv,Betaine,HMDB00043,37.0368295012837,56.3
Urina,04RCF_csv,Guanidinoacetate,,0.0,
Urina,04RCF_csv,Phenethylamine,,375.59954462356,
Urina,04RCF_csv,Glucose,HMDB00122,223.482157259534,177.1
Urina,04RCF_csv,2-Deoxycytidine,,691.514704451838,
Urina,04RCF_csv,Fructose,HMDB00660,489.300457358812,184.6
Urina,04RCF_csv,Glucose-6-Phosphate,,210.689991527453,
Urina,04RCF_csv,Isocitrate,,419.111971800778,
Urina,04RCF_csv,Xylitol,HMDB02917,266.468175644146,132.0
Urina,04RCF_csv,Lactose,,456.716890505233,
Urina,04RCF_csv,Dimethylamine,HMDB00087,12.6618655833243,300.6
Urina,04RCF_csv,"1,3-Diaminopropane",,432.241030482496,
Urina,04RCF_csv,Aspartate,,159.898920352321,
Urina,04RCF_csv,Threitol,,950.203244347798,
Urina,04RCF_csv,Glutamine,HMDB00641,116.08486518749,273.9
Urina,04RCF_csv,D-Glucuronate,,68.7203659588686,
Urina,04RCF_csv,Glycerol,,284.110467989196,
Urina,04RCF_csv,Malate,,155.381726546895,
Urina,04RCF_csv,Cystine,,558.632735689887,
Urina,04RCF_csv,Asparagine,HMDB00168,411.706768826472,112.8
Urina,04RCF_csv,N-Acetyl-L-Aspartate,,412.350233860506,
Urina,04RCF_csv,Lactate,HMDB00190,131.776009275512,10.6
Urina,04RCF_csv,Mannose,,173.75634199296,
Urina,04RCF_csv,Myo-Inositol,,544.083428111835,
Urina,04RCF_csv,2-AminoAdipate,,318.192780267615,
Urina,04RCF_csv,Beta-Alanine,,52.9510112056645,
Urina,04RCF_csv,Glutamate,,278.056229935124,
Urina,04RCF_csv,Citrulline,,426.201300568259,
Urina,04RCF_csv,GABA,,276.373325001255,
Urina,04RCF_csv,Galactitol,,175.776691513776,
Urina,04RCF_csv,Ornithine,,241.515152673792,
Urina,04RCF_csv,Levoglucosan,,71.2827754924073,
Urina,04RCF_csv,Pyroglutamate,HMDB00267,111.467922359188,147.1
Urina,04RCF_csv,Lysine,HMDB00182,22.3981732617331,38.6
Urina,04RCF_csv,Creatine,HMDB00064,1303.19299435412,112.3
Urina,04RCF_csv,Histidine,HMDB00177,311.479270112138,412.4
Urina,04RCF_csv,Cadaverine,,0.0,
Urina,04RCF_csv,Galactose,,128.04470311279,
Urina,04RCF_csv,Tryptophan,HMDB00929,168.313732165923,34.5
Urina,04RCF_csv,Arabitol,,339.544905214968,
Urina,04RCF_csv,trans-4-Hydroxy-L-Proline,,228.89294942317,
Urina,04RCF_csv,N-Acetylglycine,,400.015755457834,
Urina,04RCF_csv,2-Oxoglutarate,HMDB00208,321.245496173331,53.7
Urina,04RCF_csv,Formate,HMDB00142,0.913469533320465,58.8
Urina,04RCF_csv,Trans-Acotinate,,53.4841176814808,
Urina,04RCF_csv,3-PhenylPropionate,,144.880778399785,
Urina,04RCF_csv,Phenylalanine,,147.920349998397,
Urina,04RCF_csv,Argininosuccinate,,105.17638082107,
Urina,04RCF_csv,Methylmalonate,,89.6349494834422,
Urina,04RCF_csv,Spermidine,,0.0,
Urina,04RCF_csv,Sorbitol,,369.297120593264,
Urina,04RCF_csv,Indoxylsulfate,,134.977386156759,
Urina,04RCF_csv,Glutathione-oxidized,,38.7088492579953,
Urina,04RCF_csv,3-Hydroxybutyrate,HMDB00357,185.302188051151,19.5
Urina,04RCF_csv,Urocanate,HMDB00301,77.7282434526684,0.0
Urina,04RCF_csv,Arginine,,0.0,
Urina,04RCF_csv,Putrescine,,46.6766019328859,
Urina,04RCF_csv,2-Propanol,,224.860421390795,
Urina,04RCF_csv,4-HydroxyphenylAcetate,,44.1892338721839,
Urina,04RCF_csv,Hypotaurine,,40.7962977684641,
Urina,04RCF_csv,1-Methylhydantoin,,25.1775016128462,
Urina,04RCF_csv,Methylguanidine,,43.0645456005033,
Urina,04RCF_csv,O-Acetyl-L-Carnitine,,50.9962022775798,
Urina,04RCF_csv,Phenylglyoxylate,,301.367969254479,
Urina,04RCF_csv,Fucose,HMDB00174,34.1199884023317,67.4
Urina,04RCF_csv,Glycogen,,199.906571014716,
Urina,04RCF_csv,Allantoin,,60.7573888683076,
Urina,04RCF_csv,Anserine,,75.7528778750981,
Urina,04RCF_csv,trans-Ferulate,,140.669294834107,
Urina,04RCF_csv,Threonine,HMDB00167,67.6387418546609,98.1
Urina,04RCF_csv,Methionine,HMDB00696,29.3332897912839,6.6
Urina,04RCF_csv,Alanine,HMDB00161,2.82397546398467,81.9
Urina,04RCF_csv,3-Methyladipate,,180.958809917228,
Urina,04RCF_csv,Dihydrothymine,,558.935044477809,
Urina,04RCF_csv,2-Deoxyguanosine,,249.837699829408,
Urina,04RCF_csv,Glutaconate,,93.8939752665931,
Urina,04RCF_csv,Sarcosine,,44.8348876994141,
Urina,04RCF_csv,5-AminoValerate,,142.358672878351,
Urina,04RCF_csv,Phosphocholine,,19.9065871402165,
Urina,04RCF_csv,S-Acetamidomethylcysteine,,91.6258920543267,
Urina,04RCF_csv,Quinolinate,,118.033999185938,
Urina,04RCF_csv,UTP,,96.5589365592308,
Urina,04RCF_csv,Saturated_fattty_acids,,24.593178610865,
Urina,04RCF_csv,Pyrocatechol,,82.5710045532694,
Urina,04RCF_csv,Homovanillate,,10.8023056742785,
Urina,04RCF_csv,Glutathione-reduced,,0.0,
Urina,04RCF_csv,4-EthylPhenol,,9.22544668598749,
Urina,04RCF_csv,Vanillate,,152.121104351751,
Urina,04RCF_csv,GTP,,91.4375480344226,
Urina,04RCF_csv,Tyrosine,HMDB00158,67.1107289713114,71.3
Urina,04RCF_csv,Dimethylsulfone,,63.521395194695,
Urina,04RCF_csv,Syringate,,87.1362362297376,
Urina,04RCF_csv,Acetate,HMDB00042,3.36056986758518,23.4
Urina,04RCF_csv,PropyleneGlycol,,167.625023055999,
Urina,04RCF_csv,alpha-Hydroxyisobutyrate,,59.6833496382385,
Urina,04RCF_csv,Leucine,HMDB00687,12.0141374747753,12.2
Urina,04RCF_csv,Inosine,,21.3698472165612,
Urina,04RCF_csv,Tartarate,,3.37727878706,
Urina,04RCF_csv,Valerate,,37.2417763394996,
Urina,04RCF_csv,Methylamine,,37.7380589666426,
Urina,04RCF_csv,Valine,HMDB00883,22.3928054345691,28.2
Urina,04RCF_csv,Carnitine,HMDB00062,96.1359435443672,64.4
Urina,04RCF_csv,Carnosine,HMDB00033,188.748035645406,42.4
Urina,04RCF_csv,Isovalerate,,53.6347087635182,
Urina,04RCF_csv,CMP,,56.5346859554439,
Urina,04RCF_csv,2-Aminobutyrate,,25.4615154860882,
Urina,04RCF_csv,3-Methylxanthine,,62.3360664963782,
Urina,04RCF_csv,Isobutyrate,,11.0264191813294,
Urina,04RCF_csv,Trigonelline,HMDB00875,30.873057583862,231.3
Urina,04RCF_csv,Pantothenate,HMDB00210,55.3392677826905,34.6
Urina,04RCF_csv,Benzoate,,36.5037836375843,
Urina,04RCF_csv,N-(2-Furoyl)Glycine,,118.44963132445,
Urina,04RCF_csv,4-AminoHippurate,,100.500098749443,
Urina,04RCF_csv,2-Methylglutarate,,111.5655448135,
Urina,04RCF_csv,Uridine,HMDB00296,0.0,5.9
Urina,04RCF_csv,Ethylmalonate,,49.478559871376,
Urina,04RCF_csv,3-HydroxyphenylAcetate,,120.682075346088,
Urina,04RCF_csv,TMAO,,34.1644990532157,
Urina,04RCF_csv,Trimethylamine,,3.33477835494608,
Urina,04RCF_csv,Acetoacetate,HMDB00060,5.96948753519287,25.3
Urina,04RCF_csv,Hypoxanthine,HMDB00157,11.6478266584259,20.2
Urina,04RCF_csv,CholineChloride,,164.658760936415,
Urina,04RCF_csv,UDP,,86.0154072250282,
Urina,04RCF_csv,Adipate,,0.0,
Urina,04RCF_csv,2-Oxoisovalerate,,70.4656871194354,
Urina,04RCF_csv,Pyruvate,HMDB00243,10.6291883273985,34.7
Urina,04RCF_csv,2-Oxobutyrate,,140.507023596199,
Urina,04RCF_csv,GMP,,46.6669021281047,
Urina,04RCF_csv,1-Methyl-L-Histidine,,56.6996832239732,
Urina,04RCF_csv,Isoleucine,HMDB00172,73.7538909870858,10.1
Urina,04RCF_csv,2-HydroxyphenylAcetate,,44.6240540764095,
Urina,04RCF_csv,Adenine,,27.1009791087322,
Urina,04RCF_csv,Glycerophosphocholine,,31.0893472410149,
Urina,04RCF_csv,UMP,,93.1922472123778,
Urina,04RCF_csv,Succinate,HMDB00254,0.0,7.4
Urina,04RCF_csv,2-Deoxyadenosine,,13.9802967807981,
Urina,04RCF_csv,Kynurenate,,0.0,
Urina,04RCF_csv,7-Methylxanthine,,77.959835716722,
Urina,04RCF_csv,Sebacate,,34.8938168173705,
Urina,04RCF_csv,Levulinate,,0.0,
Urina,04RCF_csv,Dimethylglycine,,10.1371649854447,
Urina,04RCF_csv,Acetaminophen,,53.3911549178142,
Urina,04RCF_csv,UDPG,,80.4365415667796,
Urina,04RCF_csv,CTP,,6.47341102583785,
Urina,04RCF_csv,ATP,,87.7294861965549,
Urina,04RCF_csv,Maltose,,42.0073514085676,
Urina,04RCF_csv,IMP,,24.0495691731532,
Urina,04RCF_csv,2-Picolinate,,140.942783495415,
Urina,04RCF_csv,Acetone,HMDB01659,19.7682898035141,24.6
Urina,04RCF_csv,GDP,,0.693622971922685,
Urina,04RCF_csv,Azelaic ate,,0.0,
Urina,04RCF_csv,Fumarate,,3.15737268390424,
Urina,04RCF_csv,Nicotinate,,29.302827073384,
Urina,04RCF_csv,dAMP,,29.509068904579,
Urina,04RCF_csv,CDP,,12.0160183150417,
Urina,04RCF_csv,Nicotinurate,,0.0578655331914058,
Urina,04RCF_csv,NADP,,0.040502714341454,
Urina,04RCF_csv,3-Methyl-L-Histidine,,667.25738581643,
Urina,04RCF_csv,DehydroAscorbate,,149.246808143556,
Urina,04RCF_csv,Malonate,HMDB00691,495.9443148138,308.3
Urina,04RCF_csv,Adenosine,,3.39885702585362,
Urina,04RCF_csv,Glutarate,,0.0,
Urina,04RCF_csv,Citraconate,,27.7373231836269,
Urina,04RCF_csv,Ascorbate,,11.508436066258,
Urina,04RCF_csv,Propionate,,0.0,
Urina,04RCF_csv,Long-chain_alkane,,24.2426407425272,
Urina,04RCF_csv,AMP,,6.22032004377874,
Urina,04RCF_csv,NAD,,0.0376104353889104,
Urina,04RCF_csv,Mandelate,,0.0,
Urina,05RCF_csv,Creatinine,HMDB00562,292099.109858963,11828.5
Urina,05RCF_csv,Cytosine,,14766.8120094858,
Urina,05RCF_csv,Glycolate,HMDB00115,16058.0484068517,329.6
Urina,05RCF_csv,Taurine,HMDB00251,8226.88454851002,161.8
Urina,05RCF_csv,Threonate,,14929.4453857664,
Urina,05RCF_csv,Uracil,HMDB00300,17820.0657719967,76.4
Urina,05RCF_csv,Serine,HMDB00187,7336.11368298683,486.8
Urina,05RCF_csv,Glycine,HMDB00123,0.0,661.6
Urina,05RCF_csv,Proline,,12024.245195586,
Urina,05RCF_csv,Cysteine,,18720.2784345211,
Urina,05RCF_csv,D-Gluconate,,7097.90906309546,
Urina,05RCF_csv,Citrate,HMDB00094,2825.53840832217,630.2
Urina,05RCF_csv,Hippurate,HMDB00714,11806.4199982195,1300.5
Urina,05RCF_csv,Ethanolamine,HMDB00149,12714.5785970287,389.9
Urina,05RCF_csv,Saccarate,,13193.3624816816,
Urina,05RCF_csv,Betaine,HMDB00043,11078.2949073543,43.2
Urina,05RCF_csv,Guanidinoacetate,,2329.02614293004,
Urina,05RCF_csv,Phenethylamine,,15304.9984359077,
Urina,05RCF_csv,Glucose,HMDB00122,1230.76836160318,153.4
Urina,05RCF_csv,2-Deoxycytidine,,7576.17545232383,
Urina,05RCF_csv,Fructose,HMDB00660,4207.34465296616,240.4
Urina,05RCF_csv,Glucose-6-Phosphate,,5156.00321485144,
Urina,05RCF_csv,Isocitrate,,11335.2255490719,
Urina,05RCF_csv,Xylitol,HMDB02917,1186.88364809436,158.7
Urina,05RCF_csv,Lactose,,10001.4397014805,
Urina,05RCF_csv,Dimethylamine,HMDB00087,2130.94708200933,327.3
Urina,05RCF_csv,"1,3-Diaminopropane",,8019.34367190621,
Urina,05RCF_csv,Aspartate,,8603.24094551183,
Urina,05RCF_csv,Threitol,,11672.8718793612,
Urina,05RCF_csv,Glutamine,HMDB00641,3944.14562315616,352.1
Urina,05RCF_csv,D-Glucuronate,,3007.07782432055,
Urina,05RCF_csv,Glycerol,,4086.24647547374,
Urina,05RCF_csv,Malate,,3449.70502868812,
Urina,05RCF_csv,Cystine,,818.036319591275,
Urina,05RCF_csv,Asparagine,HMDB00168,4798.21524199617,200.8
Urina,05RCF_csv,N-Acetyl-L-Aspartate,,3271.12398987494,
Urina,05RCF_csv,Lactate,HMDB00190,3978.5765491614,18.9
Urina,05RCF_csv,Mannose,,2261.15615797823,
Urina,05RCF_csv,Myo-Inositol,,4707.78355426033,
Urina,05RCF_csv,2-AminoAdipate,,6639.66028720984,
Urina,05RCF_csv,Beta-Alanine,,4266.21936726771,
Urina,05RCF_csv,Glutamate,,8382.94222863255,
Urina,05RCF_csv,Citrulline,,6743.31720492762,
Urina,05RCF_csv,GABA,,4714.25382546497,
Urina,05RCF_csv,Galactitol,,2720.26020980336,
Urina,05RCF_csv,Ornithine,,2775.19554517834,
Urina,05RCF_csv,Levoglucosan,,2127.23020450605,
Urina,05RCF_csv,Pyroglutamate,HMDB00267,5144.73035332519,140.1
Urina,05RCF_csv,Lysine,HMDB00182,3866.11945223479,60.5
Urina,05RCF_csv,Creatine,HMDB00064,3001.06086839243,36.0
Urina,05RCF_csv,Histidine,HMDB00177,2837.03110961823,787.5
Urina,05RCF_csv,Cadaverine,,528.201843327888,
Urina,05RCF_csv,Galactose,,905.959775707525,
Urina,05RCF_csv,Tryptophan,HMDB00929,2212.90023267145,44.3
Urina,05RCF_csv,Arabitol,,10552.5793771916,
Urina,05RCF_csv,trans-4-Hydroxy-L-Proline,,2858.9114878993,
Urina,05RCF_csv,N-Acetylglycine,,2136.532511429,
Urina,05RCF_csv,2-Oxoglutarate,HMDB00208,3625.18706497063,73.9
Urina,05RCF_csv,Formate,HMDB00142,0.0,167.4
Urina,05RCF_csv,Trans-Acotinate,,929.598238967391,
Urina,05RCF_csv,3-PhenylPropionate,,3321.48802211088,
Urina,05RCF_csv,Phenylalanine,,3099.8461551443,
Urina,05RCF_csv,Argininosuccinate,,943.97938281723,
Urina,05RCF_csv,Methylmalonate,,2684.51742420403,
Urina,05RCF_csv,Spermidine,,2567.39585724815,
Urina,05RCF_csv,Sorbitol,,5998.48628532254,
Urina,05RCF_csv,Indoxylsulfate,,5666.64292189022,
Urina,05RCF_csv,Glutathione-oxidized,,1561.02476828207,
Urina,05RCF_csv,3-Hydroxybutyrate,HMDB00357,1689.65387613785,30.0
Urina,05RCF_csv,Urocanate,HMDB00301,572.539708888012,14.2
Urina,05RCF_csv,Arginine,,3047.46402909258,
Urina,05RCF_csv,Putrescine,,3014.84220421603,
Urina,05RCF_csv,2-Propanol,,1924.37076914856,
Urina,05RCF_csv,4-HydroxyphenylAcetate,,499.081844418201,
Urina,05RCF_csv,Hypotaurine,,1100.98904438906,
Urina,05RCF_csv,1-Methylhydantoin,,3919.00116496414,
Urina,05RCF_csv,Methylguanidine,,2235.0667334812,
Urina,05RCF_csv,O-Acetyl-L-Carnitine,,1789.7180829771,
Urina,05RCF_csv,Phenylglyoxylate,,12038.4359619402,
Urina,05RCF_csv,Fucose,HMDB00174,2209.65241643635,108.0
Urina,05RCF_csv,Glycogen,,1483.73689222166,
Urina,05RCF_csv,Allantoin,,1273.2194112044,
Urina,05RCF_csv,Anserine,,1644.41423357429,
Urina,05RCF_csv,trans-Ferulate,,1835.53863066977,
Urina,05RCF_csv,Threonine,HMDB00167,2211.82066047386,169.8
Urina,05RCF_csv,Methionine,HMDB00696,0.0,16.9
Urina,05RCF_csv,Alanine,HMDB00161,915.180656777835,146.2
Urina,05RCF_csv,3-Methyladipate,,2282.87075047014,
Urina,05RCF_csv,Dihydrothymine,,5536.50938948365,
Urina,05RCF_csv,2-Deoxyguanosine,,2465.47966130097,
Urina,05RCF_csv,Glutaconate,,25.0940184261436,
Urina,05RCF_csv,Sarcosine,,2493.36364041659,
Urina,05RCF_csv,5-AminoValerate,,2269.05210740539,
Urina,05RCF_csv,Phosphocholine,,503.726338340115,
Urina,05RCF_csv,S-Acetamidomethylcysteine,,1888.29836984709,
Urina,05RCF_csv,Quinolinate,,2306.48943526894,
Urina,05RCF_csv,UTP,,1624.27468034224,
Urina,05RCF_csv,Saturated_fattty_acids,,962.124809240388,
Urina,05RCF_csv,Pyrocatechol,,1686.70064654233,
Urina,05RCF_csv,Homovanillate,,542.768537563351,
Urina,05RCF_csv,Glutathione-reduced,,988.19844504038,
Urina,05RCF_csv,4-EthylPhenol,,964.457781659971,
Urina,05RCF_csv,Vanillate,,953.370390971221,
Urina,05RCF_csv,GTP,,1436.0408181627,
Urina,05RCF_csv,Tyrosine,HMDB00158,1364.66543812727,88.4
Urina,05RCF_csv,Dimethylsulfone,,1835.63494143576,
Urina,05RCF_csv,Syringate,,586.670690310465,
Urina,05RCF_csv,Acetate,HMDB00042,0.0,58.6
Urina,05RCF_csv,PropyleneGlycol,,1143.78279589147,
Urina,05RCF_csv,alpha-Hydroxyisobutyrate,,1115.43862448341,
Urina,05RCF_csv,Leucine,HMDB00687,673.266665145432,27.0
Urina,05RCF_csv,Inosine,,506.290059031543,
Urina,05RCF_csv,Tartarate,,0.0,
Urina,05RCF_csv,Valerate,,1507.08033495286,
Urina,05RCF_csv,Methylamine,,1928.27491853934,
Urina,05RCF_csv,Valine,HMDB00883,346.527688081548,28.4
Urina,05RCF_csv,Carnitine,HMDB00062,1498.97965040711,16.5
Urina,05RCF_csv,Carnosine,HMDB00033,1836.03824153413,126.6
Urina,05RCF_csv,Isovalerate,,962.631167368598,
Urina,05RCF_csv,CMP,,582.977927576173,
Urina,05RCF_csv,2-Aminobutyrate,,1415.16144204147,
Urina,05RCF_csv,3-Methylxanthine,,9891.35335035855,
Urina,05RCF_csv,Isobutyrate,,124.982480574848,
Urina,05RCF_csv,Trigonelline,HMDB00875,776.955011523519,453.9
Urina,05RCF_csv,Pantothenate,HMDB00210,490.58485559873,31.9
Urina,05RCF_csv,Benzoate,,1018.97016363543,
Urina,05RCF_csv,N-(2-Furoyl)Glycine,,580.675938818321,
Urina,05RCF_csv,4-AminoHippurate,,1603.52371111758,
Urina,05RCF_csv,2-Methylglutarate,,1126.89870470551,
Urina,05RCF_csv,Uridine,HMDB00296,460.046822452164,11.3
Urina,05RCF_csv,Ethylmalonate,,946.8621780481,
Urina,05RCF_csv,3-HydroxyphenylAcetate,,2639.30358993419,
Urina,05RCF_csv,TMAO,,498.48897317683,
Urina,05RCF_csv,Trimethylamine,,66.393769956266,
Urina,05RCF_csv,Acetoacetate,HMDB00060,1252.06556757704,35.7
Urina,05RCF_csv,Hypoxanthine,HMDB00157,294.730719465521,43.2
Urina,05RCF_csv,CholineChloride,,729.793456082509,
Urina,05RCF_csv,UDP,,166.303430523291,
Urina,05RCF_csv,Adipate,,0.0,
Urina,05RCF_csv,2-Oxoisovalerate,,872.286431523403,
Urina,05RCF_csv,Pyruvate,HMDB00243,314.779352901801,25.6
Urina,05RCF_csv,2-Oxobutyrate,,1524.9308630282,
Urina,05RCF_csv,GMP,,957.986481542199,
Urina,05RCF_csv,1-Methyl-L-Histidine,,2789.70012088616,
Urina,05RCF_csv,Isoleucine,HMDB00172,896.953518249036,10.8
Urina,05RCF_csv,2-HydroxyphenylAcetate,,409.140420342011,
Urina,05RCF_csv,Adenine,,773.556198657585,
Urina,05RCF_csv,Glycerophosphocholine,,819.807297609259,
Urina,05RCF_csv,UMP,,1661.62440325952,
Urina,05RCF_csv,Succinate,HMDB00254,0.0,13.8
Urina,05RCF_csv,2-Deoxyadenosine,,58.2650259314814,
Urina,05RCF_csv,Kynurenate,,156.628383311751,
Urina,05RCF_csv,7-Methylxanthine,,570.157698594356,
Urina,05RCF_csv,Sebacate,,240.095420208736,
Urina,05RCF_csv,Levulinate,,289.241870272022,
Urina,05RCF_csv,Dimethylglycine,,260.216317288824,
Urina,05RCF_csv,Acetaminophen,,146.135477857607,
Urina,05RCF_csv,UDPG,,1249.65968867928,
Urina,05RCF_csv,CTP,,257.008126650508,
Urina,05RCF_csv,ATP,,358.722487631486,
Urina,05RCF_csv,Maltose,,708.077687137236,
Urina,05RCF_csv,IMP,,102.052682228424,
Urina,05RCF_csv,2-Picolinate,,1673.05706656514,
Urina,05RCF_csv,Acetone,HMDB01659,264.232235471826,21.0
Urina,05RCF_csv,GDP,,148.003473588889,
Urina,05RCF_csv,Azelaic ate,,1262.76551303712,
Urina,05RCF_csv,Fumarate,,8.35059348426033,
Urina,05RCF_csv,Nicotinate,,0.0716121201153916,
Urina,05RCF_csv,dAMP,,857.899420594494,
Urina,05RCF_csv,CDP,,0.0,
Urina,05RCF_csv,Nicotinurate,,0.129164050607797,
Urina,05RCF_csv,NADP,,0.0372646938389646,
Urina,05RCF_csv,3-Methyl-L-Histidine,,2835.45489086151,
Urina,05RCF_csv,DehydroAscorbate,,1974.38813876572,
Urina,05RCF_csv,Malonate,HMDB00691,0.0,289.3
Urina,05RCF_csv,Adenosine,,204.192877830561,
Urina,05RCF_csv,Glutarate,,0.0,
Urina,05RCF_csv,Citraconate,,320.973292681934,
Urina,05RCF_csv,Ascorbate,,0.0,
Urina,05RCF_csv,Propionate,,0.0,
Urina,05RCF_csv,Long-chain_alkane,,346.836767018317,
Urina,05RCF_csv,AMP,,1.8445895119109,
Urina,05RCF_csv,NAD,,0.0345281718186784,
Urina,05RCF_csv,Mandelate,,2.65416761663598,
Urina,01RCF_fid,Creatinine,HMDB00562,5878.36109582494,24012.6
Urina,01RCF_fid,Hippurate,HMDB00714,3765.5424673218,4653.1
Urina,01RCF_fid,Taurine,HMDB00251,2064.74836562732,2148.6
Urina,01RCF_fid,Citrate,HMDB00094,2030.71616676957,3886.5
Urina,01RCF_fid,Glutamate,,1783.04309008215,
Urina,01RCF_fid,Threonate,,1432.34084895401,
Urina,01RCF_fid,Trigonelline,HMDB00875,1427.90956415214,1538.7
Urina,01RCF_fid,Proline,,1340.85978649036,
Urina,01RCF_fid,Creatine,HMDB00064,1326.62307767821,215.4
Urina,01RCF_fid,Lactose,,1255.35684587799,
Urina,01RCF_fid,Aspartate,,1214.03573771089,
Urina,01RCF_fid,Cysteine,,1150.59127244227,
Urina,01RCF_fid,Glutamine,HMDB00641,1143.79424342254,839.1
Urina,01RCF_fid,Fructose,HMDB00660,1136.85476786869,611.9
Urina,01RCF_fid,Arginine,,1100.62813440331,
Urina,01RCF_fid,Threitol,,1066.66372160999,
Urina,01RCF_fid,Glucose-6-Phosphate,,1050.12994586425,
Urina,01RCF_fid,Pyroglutamate,HMDB00267,1045.62931633811,502.6
Urina,01RCF_fid,2-AminoAdipate,,1043.94195449711,
Urina,01RCF_fid,Glycerol,,1043.60054258901,
Urina,01RCF_fid,Uracil,HMDB00300,1042.04361909518,181.8
Urina,01RCF_fid,Lysine,HMDB00182,1031.65737749086,472.0
Urina,01RCF_fid,Ethanolamine,HMDB00149,1031.47667280004,979.4
Urina,01RCF_fid,Glycerate,,1012.20251304237,
Urina,01RCF_fid,Asparagine,HMDB00168,916.671400813635,188.7
Urina,01RCF_fid,D-Glucuronate,,911.272834951322,
Urina,01RCF_fid,Citrulline,,907.739194985217,
Urina,01RCF_fid,TMAO,,748.968953503383,
Urina,01RCF_fid,Saccarate,,716.220631053004,
Urina,01RCF_fid,Glycogen,,707.826041938651,
Urina,01RCF_fid,Tryptophan,HMDB00929,689.72875520344,111.3
Urina,01RCF_fid,Fucose,HMDB00174,608.449346300843,184.2
Urina,01RCF_fid,"1,3-Diaminopropane",,606.74350085678,
Urina,01RCF_fid,Beta-Alanine,,603.635439907151,
Urina,01RCF_fid,Levoglucosan,,594.634086846791,
Urina,01RCF_fid,Myo-Inositol,,590.316375004595,
Urina,01RCF_fid,Putrescine,,572.061596057656,
Urina,01RCF_fid,Threonine,HMDB00167,559.81901477282,390.6
Urina,01RCF_fid,4-AminoHippurate,,494.881671294419,
Urina,01RCF_fid,Alanine,HMDB00161,485.733077128873,383.0
Urina,01RCF_fid,Dihydrothymine,,466.204907408721,
Urina,01RCF_fid,trans-4-Hydroxy-L-Proline,,460.775089302597,
Urina,01RCF_fid,Indoxylsulfate,,456.19104742186,
Urina,01RCF_fid,Phenylalanine,,452.019105964731,
Urina,01RCF_fid,2-Oxoglutarate,HMDB00208,432.886533828125,165.2
Urina,01RCF_fid,Maltose,,394.617694437042,
Urina,01RCF_fid,Uridine,HMDB00296,386.412462035985,46.3
Urina,01RCF_fid,Glucose,HMDB00122,385.107976023206,610.1
Urina,01RCF_fid,Sorbitol,,384.754219030932,
Urina,01RCF_fid,D-Gluconate,,376.456873571563,
Urina,01RCF_fid,N-Acetylglycine,,371.66761783061,
Urina,01RCF_fid,Malonate,HMDB00691,357.605784508392,685.2
Urina,01RCF_fid,Phenylglyoxylate,,349.430534853008,
Urina,01RCF_fid,Anserine,,334.697852431657,
Urina,01RCF_fid,Histidine,HMDB00177,333.430451392824,1947.6
Urina,01RCF_fid,Phenethylamine,,329.796211634769,
Urina,01RCF_fid,Formate,HMDB00142,329.44817824836,515.2
Urina,01RCF_fid,3-PhenylPropionate,,316.109415381891,
Urina,01RCF_fid,Syringate,,306.308963499731,
Urina,01RCF_fid,GMP,,303.723982257576,
Urina,01RCF_fid,Xylitol,HMDB02917,291.138457890782,498.6
Urina,01RCF_fid,Spermidine,,283.448946155365,
Urina,01RCF_fid,UMP,,280.509826962372,
Urina,01RCF_fid,Cystine,,273.858984589013,
Urina,01RCF_fid,Carnosine,HMDB00033,258.721965612242,111.4
Urina,01RCF_fid,N-(2-Furoyl)Glycine,,256.622278730123,
Urina,01RCF_fid,3-Methyladipate,,256.327531963638,
Urina,01RCF_fid,PropyleneGlycol,,252.892066336609,
Urina,01RCF_fid,2-Oxobutyrate,,248.969280078588,
Urina,01RCF_fid,UDP,,247.658932914655,
Urina,01RCF_fid,Cadaverine,,238.251046843792,
Urina,01RCF_fid,Valerate,,232.584736604156,
Urina,01RCF_fid,Glutathione-oxidized,,222.512115361501,
Urina,01RCF_fid,Pimelate,,221.370125680701,
Urina,01RCF_fid,Vanillate,,214.976271477538,
Urina,01RCF_fid,GABA,,214.906269007816,
Urina,01RCF_fid,Hypotaurine,,205.218070248505,
Urina,01RCF_fid,1-Methylhydantoin,,204.553443628397,
Urina,01RCF_fid,S-Acetamidomethylcysteine,,194.855560019889,
Urina,01RCF_fid,UDPG,,194.839081925943,
Urina,01RCF_fid,Leucine,HMDB00687,190.1210296185,91.8
Urina,01RCF_fid,Pyrocatechol,,184.487317213838,
Urina,01RCF_fid,Isoleucine,HMDB00172,183.787886366808,22.4
Urina,01RCF_fid,UTP,,174.192643981524,
Urina,01RCF_fid,CholineChloride,,173.274266673989,
Urina,01RCF_fid,Acetoacetate,HMDB00060,166.970853930203,83.5
Urina,01RCF_fid,4-EthylPhenol,,166.684218055422,
Urina,01RCF_fid,Galactitol,,158.668746852889,
Urina,01RCF_fid,Mandelate,,156.022228085191,
Urina,01RCF_fid,alpha-Hydroxyisobutyrate,,151.416550329039,
Urina,01RCF_fid,Carnitine,HMDB00062,142.73696481239,121.9
Urina,01RCF_fid,N-Acetyl-L-Aspartate,,142.626437210678,
Urina,01RCF_fid,Saturated_fattty_acids,,134.964241821335,
Urina,01RCF_fid,Methylguanidine,,112.147429085215,
Urina,01RCF_fid,Glycerophosphocholine,,111.2399207294,
Urina,01RCF_fid,Homovanillate,,109.387675999424,
Urina,01RCF_fid,2-Propanol,,102.27062437868,
Urina,01RCF_fid,Isovalerate,,97.2743291389239,
Urina,01RCF_fid,Levulinate,,94.3231246818881,
Urina,01RCF_fid,Trimethylamine,,84.2938004413551,
Urina,01RCF_fid,Methylmalonate,,83.3912690155217,
Urina,01RCF_fid,O-Acetyl-L-Carnitine,,79.3855601878584,
Urina,01RCF_fid,Betaine,HMDB00043,54.2104474216736,179.1
Urina,01RCF_fid,Dimethylsulfone,,49.2923190499533,
Urina,01RCF_fid,Acetone,HMDB01659,47.0107028084248,29.7
Urina,01RCF_fid,Glycine,HMDB00123,0.0,1518.6
Urina,01RCF_fid,Serine,HMDB00187,0.0,896.5
Urina,01RCF_fid,Glycolate,HMDB00115,0.0,1226.6
Urina,01RCF_fid,DehydroAscorbate,,0.0,
Urina,01RCF_fid,3-Methyl-L-Histidine,,0.0,
Urina,01RCF_fid,Isocitrate,,0.0,
Urina,01RCF_fid,1-Methyl-L-Histidine,,0.0,
Urina,01RCF_fid,Ascorbate,,0.0,
Urina,01RCF_fid,Glutaconate,,0.0,
Urina,01RCF_fid,4-HydroxyphenylAcetate,,0.0,
Urina,01RCF_fid,Lactate,HMDB00190,0.0,44.3
Urina,01RCF_fid,Arabitol,,0.0,
Urina,01RCF_fid,5-AminoValerate,,0.0,
Urina,01RCF_fid,beta-Hydroxyisovalerate,,0.0,
Urina,01RCF_fid,2-Deoxyadenosine,,0.0,
Urina,01RCF_fid,Adipate,,0.0,
Urina,01RCF_fid,2-Hydroxybutyrate,,0.0,
Urina,01RCF_fid,Adenine,,0.0,
Urina,01RCF_fid,Hypoxanthine,HMDB00157,0.0,119.9
Urina,01RCF_fid,Acetate,HMDB00042,0.0,160.9
Urina,01RCF_fid,Tyrosine,HMDB00158,0.0,157.3
Urina,01RCF_fid,Valine,HMDB00883,0.0,73.0
Urina,01RCF_fid,Isobutyrate,,0.0,
Urina,01RCF_fid,2-HydroxyphenylAcetate,,0.0,
Urina,01RCF_fid,Adenosine,,0.0,
Urina,01RCF_fid,Methionine,HMDB00696,0.0,79.5
Urina,01RCF_fid,Ethylmalonate,,0.0,
Urina,01RCF_fid,Dimethylglycine,,0.0,
Urina,01RCF_fid,Dimethylamine,HMDB00087,0.0,759.3
Urina,01RCF_fid,Glutarate,,0.0,
Urina,01RCF_fid,Malate,,0.0,
Urina,01RCF_fid,Trans-Acotinate,,0.0,
Urina,01RCF_fid,Mannose,,0.0,
Urina,01RCF_fid,3-Hydroxybutyrate,HMDB00357,0.0,122.6
Urina,01RCF_fid,Glutathione-reduced,,0.0,
Urina,01RCF_fid,Propionate,,0.0,
Urina,01RCF_fid,2-Methylglutarate,,0.0,
Urina,01RCF_fid,Azelaic ate,,0.0,
Urina,01RCF_fid,2-Aminobutyrate,,0.0,
Urina,01RCF_fid,3-HydroxyphenylAcetate,,0.0,
Urina,01RCF_fid,7-Methylxanthine,,0.0,
Urina,01RCF_fid,Sarcosine,,0.0,
Urina,01RCF_fid,Phosphocholine,,0.0,
Urina,02RCF_fid,Creatinine,HMDB00562,22656.4222577883,14392.1
Urina,02RCF_fid,Hippurate,HMDB00714,922.796702949159,698.6
Urina,02RCF_fid,Taurine,HMDB00251,1143.13605378019,1589.1
Urina,02RCF_fid,Citrate,HMDB00094,693.596049356594,1742.3
Urina,02RCF_fid,Glutamate,,1564.32860841302,
Urina,02RCF_fid,Threonate,,1175.42020721663,
Urina,02RCF_fid,Trigonelline,HMDB00875,586.152417797409,346.3
Urina,02RCF_fid,Proline,,1549.93662699265,
Urina,02RCF_fid,Creatine,HMDB00064,0.0,965.6
Urina,02RCF_fid,Lactose,,1281.146769651,
Urina,02RCF_fid,Aspartate,,987.036335571986,
Urina,02RCF_fid,Cysteine,,0.0,
Urina,02RCF_fid,Glutamine,HMDB00641,2093.67248090477,1095.6
Urina,02RCF_fid,Fructose,HMDB00660,0.0,158.1
Urina,02RCF_fid,Arginine,,2138.25348367573,
Urina,02RCF_fid,Threitol,,729.7644051823,
Urina,02RCF_fid,Glucose-6-Phosphate,,582.851626993723,
Urina,02RCF_fid,Pyroglutamate,HMDB00267,903.633312288197,232.6
Urina,02RCF_fid,2-AminoAdipate,,884.028282873458,
Urina,02RCF_fid,Glycerol,,810.552111893138,
Urina,02RCF_fid,Uracil,HMDB00300,2303.26219922832,88.3
Urina,02RCF_fid,Lysine,HMDB00182,0.0,114.5
Urina,02RCF_fid,Ethanolamine,HMDB00149,1456.88561136431,662.5
Urina,02RCF_fid,Glycerate,,0.0,
Urina,02RCF_fid,Asparagine,HMDB00168,1088.98796576869,577.3
Urina,02RCF_fid,D-Glucuronate,,909.654006306565,
Urina,02RCF_fid,Citrulline,,722.994666137856,
Urina,02RCF_fid,TMAO,,420.455074239196,
Urina,02RCF_fid,Saccarate,,416.350883390497,
Urina,02RCF_fid,Glycogen,,0.0,
Urina,02RCF_fid,Tryptophan,HMDB00929,352.282869226049,87.8
Urina,02RCF_fid,Fucose,HMDB00174,785.595202147787,82.2
Urina,02RCF_fid,"1,3-Diaminopropane",,994.634762523945,
Urina,02RCF_fid,Beta-Alanine,,1363.13766205492,
Urina,02RCF_fid,Levoglucosan,,635.939654228786,
Urina,02RCF_fid,Myo-Inositol,,478.800833772797,
Urina,02RCF_fid,Putrescine,,185.438029769164,
Urina,02RCF_fid,Threonine,HMDB00167,842.905066929105,645.5
Urina,02RCF_fid,4-AminoHippurate,,148.645456126915,
Urina,02RCF_fid,Alanine,HMDB00161,1402.20694137597,672.2
Urina,02RCF_fid,Dihydrothymine,,191.906827236696,
Urina,02RCF_fid,trans-4-Hydroxy-L-Proline,,0.0,
Urina,02RCF_fid,Indoxylsulfate,,327.855191440644,
Urina,02RCF_fid,Phenylalanine,,437.654247389087,
Urina,02RCF_fid,2-Oxoglutarate,HMDB00208,291.05208680773,200.0
Urina,02RCF_fid,Maltose,,0.0,
Urina,02RCF_fid,Uridine,HMDB00296,418.936287461668,26.9
Urina,02RCF_fid,Glucose,HMDB00122,689.108925256336,278.2
Urina,02RCF_fid,Sorbitol,,595.701518347396,
Urina,02RCF_fid,D-Gluconate,,0.0,
Urina,02RCF_fid,N-Acetylglycine,,559.63954731738,
Urina,02RCF_fid,Malonate,HMDB00691,773.425235691444,602.0
Urina,02RCF_fid,Phenylglyoxylate,,0.0,
Urina,02RCF_fid,Anserine,,807.678170007758,
Urina,02RCF_fid,Histidine,HMDB00177,1411.28334569263,2458.2
Urina,02RCF_fid,Phenethylamine,,843.542052917836,
Urina,02RCF_fid,Formate,HMDB00142,875.648994938724,775.6
Urina,02RCF_fid,3-PhenylPropionate,,267.334138860076,
Urina,02RCF_fid,Syringate,,45.0359840951904,
Urina,02RCF_fid,GMP,,576.169563341218,
Urina,02RCF_fid,Xylitol,HMDB02917,1098.97697070612,321.3
Urina,02RCF_fid,Spermidine,,0.0,
Urina,02RCF_fid,UMP,,532.593328333751,
Urina,02RCF_fid,Cystine,,277.153678449493,
Urina,02RCF_fid,Carnosine,HMDB00033,1491.38108877731,651.0
Urina,02RCF_fid,N-(2-Furoyl)Glycine,,0.0,
Urina,02RCF_fid,3-Methyladipate,,274.56453083073,
Urina,02RCF_fid,PropyleneGlycol,,175.731298548158,
Urina,02RCF_fid,2-Oxobutyrate,,201.301850476314,
Urina,02RCF_fid,UDP,,0.0,
Urina,02RCF_fid,Cadaverine,,0.0,
Urina,02RCF_fid,Valerate,,213.832314285628,
Urina,02RCF_fid,Glutathione-oxidized,,501.401587751893,
Urina,02RCF_fid,Pimelate,,0.0,
Urina,02RCF_fid,Vanillate,,193.940282980057,
Urina,02RCF_fid,GABA,,287.812198326117,
Urina,02RCF_fid,Hypotaurine,,0.0,
Urina,02RCF_fid,1-Methylhydantoin,,262.417899572746,
Urina,02RCF_fid,S-Acetamidomethylcysteine,,187.989922641575,
Urina,02RCF_fid,UDPG,,0.0,
Urina,02RCF_fid,Leucine,HMDB00687,258.169700283033,86.6
Urina,02RCF_fid,Pyrocatechol,,0.0,
Urina,02RCF_fid,Isoleucine,HMDB00172,214.272963407077,31.4
Urina,02RCF_fid,UTP,,192.415645653638,
Urina,02RCF_fid,CholineChloride,,142.604980366274,
Urina,02RCF_fid,Acetoacetate,HMDB00060,119.403815314686,55.1
Urina,02RCF_fid,4-EthylPhenol,,160.897631347972,
Urina,02RCF_fid,Galactitol,,153.285462920391,
Urina,02RCF_fid,Mandelate,,0.0,
Urina,02RCF_fid,alpha-Hydroxyisobutyrate,,142.80596393728,
Urina,02RCF_fid,Carnitine,HMDB00062,274.375771609417,175.9
Urina,02RCF_fid,N-Acetyl-L-Aspartate,,209.427047031633,
Urina,02RCF_fid,Saturated_fattty_acids,,93.4933266229804,
Urina,02RCF_fid,Methylguanidine,,107.843479887807,
Urina,02RCF_fid,Glycerophosphocholine,,281.026541264184,
Urina,02RCF_fid,Homovanillate,,269.733751781611,
Urina,02RCF_fid,2-Propanol,,81.6986920882692,
Urina,02RCF_fid,Isovalerate,,82.6609237801729,
Urina,02RCF_fid,Levulinate,,0.0,
Urina,02RCF_fid,Trimethylamine,,155.986620701944,
Urina,02RCF_fid,Methylmalonate,,0.0,
Urina,02RCF_fid,O-Acetyl-L-Carnitine,,137.09657139315,
Urina,02RCF_fid,Betaine,HMDB00043,0.0,127.5
Urina,02RCF_fid,Dimethylsulfone,,154.937415427901,
Urina,02RCF_fid,Acetone,HMDB01659,86.5817669867603,43.1
Urina,02RCF_fid,Glycine,HMDB00123,5074.53578969466,3972.8
Urina,02RCF_fid,Serine,HMDB00187,2911.28901027846,1137.6
Urina,02RCF_fid,Glycolate,HMDB00115,2252.27131517641,547.1
Urina,02RCF_fid,DehydroAscorbate,,1057.81166476038,
Urina,02RCF_fid,3-Methyl-L-Histidine,,772.166589379296,
Urina,02RCF_fid,Isocitrate,,753.743014118944,
Urina,02RCF_fid,1-Methyl-L-Histidine,,681.375388157089,
Urina,02RCF_fid,Ascorbate,,678.490951605381,
Urina,02RCF_fid,Glutaconate,,523.494739729551,
Urina,02RCF_fid,4-HydroxyphenylAcetate,,489.950601809583,
Urina,02RCF_fid,Lactate,HMDB00190,452.71324945492,39.4
Urina,02RCF_fid,Arabitol,,392.629751781248,
Urina,02RCF_fid,5-AminoValerate,,371.98736812846,
Urina,02RCF_fid,beta-Hydroxyisovalerate,,340.419147918697,
Urina,02RCF_fid,2-Deoxyadenosine,,278.071708728886,
Urina,02RCF_fid,Adipate,,250.505938426211,
Urina,02RCF_fid,2-Hydroxybutyrate,,242.33245351167,
Urina,02RCF_fid,Adenine,,242.068964081482,
Urina,02RCF_fid,Hypoxanthine,HMDB00157,226.343157597706,106.6
Urina,02RCF_fid,Acetate,HMDB00042,199.377451476697,132.4
Urina,02RCF_fid,Tyrosine,HMDB00158,191.213163267826,212.7
Urina,02RCF_fid,Valine,HMDB00883,187.565089651623,96.9
Urina,02RCF_fid,Isobutyrate,,178.023002301598,
Urina,02RCF_fid,2-HydroxyphenylAcetate,,168.173994089936,
Urina,02RCF_fid,Adenosine,,163.813088330389,
Urina,02RCF_fid,Methionine,HMDB00696,153.88620777345,34.4
Urina,02RCF_fid,Ethylmalonate,,142.993064580916,
Urina,02RCF_fid,Dimethylglycine,,136.362363986387,
Urina,02RCF_fid,Dimethylamine,HMDB00087,104.316596826925,449.1
Urina,02RCF_fid,Glutarate,,0.0,
Urina,02RCF_fid,Malate,,0.0,
Urina,02RCF_fid,Trans-Acotinate,,0.0,
Urina,02RCF_fid,Mannose,,0.0,
Urina,02RCF_fid,3-Hydroxybutyrate,HMDB00357,0.0,49.4
Urina,02RCF_fid,Glutathione-reduced,,0.0,
Urina,02RCF_fid,Propionate,,0.0,
Urina,02RCF_fid,2-Methylglutarate,,0.0,
Urina,02RCF_fid,Azelaic ate,,0.0,
Urina,02RCF_fid,2-Aminobutyrate,,0.0,
Urina,02RCF_fid,3-HydroxyphenylAcetate,,0.0,
Urina,02RCF_fid,7-Methylxanthine,,0.0,
Urina,02RCF_fid,Sarcosine,,0.0,
Urina,02RCF_fid,Phosphocholine,,0.0,
Urina,03RCF_fid,Creatinine,HMDB00562,22470.7973371127,13319.9
Urina,03RCF_fid,Hippurate,HMDB00714,1184.08722574376,1676.6
Urina,03RCF_fid,Taurine,HMDB00251,1382.93257954316,1277.3
Urina,03RCF_fid,Citrate,HMDB00094,1188.46946286677,2359.8
Urina,03RCF_fid,Glutamate,,1888.18432529774,
Urina,03RCF_fid,Threonate,,1256.99806912865,
Urina,03RCF_fid,Trigonelline,HMDB00875,944.095967792655,588.2
Urina,03RCF_fid,Proline,,1972.7747924538,
Urina,03RCF_fid,Creatine,HMDB00064,0.0,174.1
Urina,03RCF_fid,Lactose,,665.471845411263,
Urina,03RCF_fid,Aspartate,,883.348136663364,
Urina,03RCF_fid,Cysteine,,0.0,
Urina,03RCF_fid,Glutamine,HMDB00641,1197.66689961446,510.1
Urina,03RCF_fid,Fructose,HMDB00660,830.937029064962,338.1
Urina,03RCF_fid,Arginine,,1329.50655270991,
Urina,03RCF_fid,Threitol,,1065.81647966883,
Urina,03RCF_fid,Glucose-6-Phosphate,,1030.45044310946,
Urina,03RCF_fid,Pyroglutamate,HMDB00267,1057.49524001956,237.5
Urina,03RCF_fid,2-AminoAdipate,,1274.51708981384,
Urina,03RCF_fid,Glycerol,,681.657366838517,
Urina,03RCF_fid,Uracil,HMDB00300,3457.20632384238,92.1
Urina,03RCF_fid,Lysine,HMDB00182,0.0,145.8
Urina,03RCF_fid,Ethanolamine,HMDB00149,939.611562294512,468.9
Urina,03RCF_fid,Glycerate,,734.877741507445,
Urina,03RCF_fid,Asparagine,HMDB00168,735.879217584324,165.2
Urina,03RCF_fid,D-Glucuronate,,808.389159155081,
Urina,03RCF_fid,Citrulline,,925.740106862516,
Urina,03RCF_fid,TMAO,,726.778083433811,
Urina,03RCF_fid,Saccarate,,512.363571202269,
Urina,03RCF_fid,Glycogen,,852.030604094091,
Urina,03RCF_fid,Tryptophan,HMDB00929,558.353751326567,68.3
Urina,03RCF_fid,Fucose,HMDB00174,650.902153798361,122.2
Urina,03RCF_fid,"1,3-Diaminopropane",,1132.62508350681,
Urina,03RCF_fid,Beta-Alanine,,912.350941190644,
Urina,03RCF_fid,Levoglucosan,,559.660194981135,
Urina,03RCF_fid,Myo-Inositol,,961.982310302738,
Urina,03RCF_fid,Putrescine,,0.0,
Urina,03RCF_fid,Threonine,HMDB00167,682.212640098348,337.5
Urina,03RCF_fid,4-AminoHippurate,,237.956585445643,
Urina,03RCF_fid,Alanine,HMDB00161,564.118909291868,219.9
Urina,03RCF_fid,Dihydrothymine,,221.658967412712,
Urina,03RCF_fid,trans-4-Hydroxy-L-Proline,,400.180005996109,
Urina,03RCF_fid,Indoxylsulfate,,451.72927329925,
Urina,03RCF_fid,Phenylalanine,,383.296196637482,
Urina,03RCF_fid,2-Oxoglutarate,HMDB00208,564.255487085474,175.6
Urina,03RCF_fid,Maltose,,305.43063063215,
Urina,03RCF_fid,Uridine,HMDB00296,235.932561426799,13.0
Urina,03RCF_fid,Glucose,HMDB00122,688.367456168632,311.6
Urina,03RCF_fid,Sorbitol,,0.0,
Urina,03RCF_fid,D-Gluconate,,997.294734919438,
Urina,03RCF_fid,N-Acetylglycine,,301.731525039945,
Urina,03RCF_fid,Malonate,HMDB00691,0.0,396.4
Urina,03RCF_fid,Phenylglyoxylate,,0.0,
Urina,03RCF_fid,Anserine,,338.767726341235,
Urina,03RCF_fid,Histidine,HMDB00177,1533.28953417311,517.5
Urina,03RCF_fid,Phenethylamine,,858.303352441159,
Urina,03RCF_fid,Formate,HMDB00142,406.492521689313,312.9
Urina,03RCF_fid,3-PhenylPropionate,,364.307738707717,
Urina,03RCF_fid,Syringate,,60.8719170343089,
Urina,03RCF_fid,GMP,,0.0,
Urina,03RCF_fid,Xylitol,HMDB02917,935.603287427958,148.5
Urina,03RCF_fid,Spermidine,,0.0,
Urina,03RCF_fid,UMP,,274.320434871923,
Urina,03RCF_fid,Cystine,,268.193438922078,
Urina,03RCF_fid,Carnosine,HMDB00033,337.64942384964,135.8
Urina,03RCF_fid,N-(2-Furoyl)Glycine,,406.075244201634,
Urina,03RCF_fid,3-Methyladipate,,301.034719859726,
Urina,03RCF_fid,PropyleneGlycol,,353.520117358429,
Urina,03RCF_fid,2-Oxobutyrate,,219.475384919339,
Urina,03RCF_fid,UDP,,0.0,
Urina,03RCF_fid,Cadaverine,,372.142403647524,
Urina,03RCF_fid,Valerate,,157.803841344183,
Urina,03RCF_fid,Glutathione-oxidized,,170.648430607815,
Urina,03RCF_fid,Pimelate,,0.0,
Urina,03RCF_fid,Vanillate,,535.140933856442,
Urina,03RCF_fid,GABA,,348.192146409397,
Urina,03RCF_fid,Hypotaurine,,0.0,
Urina,03RCF_fid,1-Methylhydantoin,,316.791750046117,
Urina,03RCF_fid,S-Acetamidomethylcysteine,,443.150713672169,
Urina,03RCF_fid,UDPG,,214.250458365536,
Urina,03RCF_fid,Leucine,HMDB00687,188.45716907273,49.0
Urina,03RCF_fid,Pyrocatechol,,0.0,
Urina,03RCF_fid,Isoleucine,HMDB00172,255.723762625135,16.3
Urina,03RCF_fid,UTP,,169.675918570554,
Urina,03RCF_fid,CholineChloride,,250.306153231332,
Urina,03RCF_fid,Acetoacetate,HMDB00060,156.977865906518,56.7
Urina,03RCF_fid,4-EthylPhenol,,313.547629045123,
Urina,03RCF_fid,Galactitol,,193.229080432397,
Urina,03RCF_fid,Mandelate,,95.9537755090423,
Urina,03RCF_fid,alpha-Hydroxyisobutyrate,,158.896858365093,
Urina,03RCF_fid,Carnitine,HMDB00062,89.3630594956773,51.6
Urina,03RCF_fid,N-Acetyl-L-Aspartate,,255.330975116539,
Urina,03RCF_fid,Saturated_fattty_acids,,191.76445748416,
Urina,03RCF_fid,Methylguanidine,,151.064298542007,
Urina,03RCF_fid,Glycerophosphocholine,,36.1315115080927,
Urina,03RCF_fid,Homovanillate,,131.383442718716,
Urina,03RCF_fid,2-Propanol,,235.179978595502,
Urina,03RCF_fid,Isovalerate,,110.952087574099,
Urina,03RCF_fid,Levulinate,,100.294689027781,
Urina,03RCF_fid,Trimethylamine,,117.580414683503,
Urina,03RCF_fid,Methylmalonate,,0.0,
Urina,03RCF_fid,O-Acetyl-L-Carnitine,,72.6456822032231,
Urina,03RCF_fid,Betaine,HMDB00043,0.0,162.0
Urina,03RCF_fid,Dimethylsulfone,,112.199560217247,
Urina,03RCF_fid,Acetone,HMDB01659,76.6216342127089,25.5
Urina,03RCF_fid,Glycine,HMDB00123,2343.28717550593,1538.4
Urina,03RCF_fid,Serine,HMDB00187,0.0,606.9
Urina,03RCF_fid,Glycolate,HMDB00115,567.616438080893,498.1
Urina,03RCF_fid,DehydroAscorbate,,0.0,
Urina,03RCF_fid,3-Methyl-L-Histidine,,0.0,
Urina,03RCF_fid,Isocitrate,,454.449775758336,
Urina,03RCF_fid,1-Methyl-L-Histidine,,0.0,
Urina,03RCF_fid,Ascorbate,,520.960699910631,
Urina,03RCF_fid,Glutaconate,,288.238918133495,
Urina,03RCF_fid,4-HydroxyphenylAcetate,,211.415185368391,
Urina,03RCF_fid,Lactate,HMDB00190,0.0,23.0
Urina,03RCF_fid,Arabitol,,528.034098159394,
Urina,03RCF_fid,5-AminoValerate,,0.0,
Urina,03RCF_fid,beta-Hydroxyisovalerate,,0.0,
Urina,03RCF_fid,2-Deoxyadenosine,,241.696507286515,
Urina,03RCF_fid,Adipate,,207.489803445133,
Urina,03RCF_fid,2-Hydroxybutyrate,,339.105530727626,
Urina,03RCF_fid,Adenine,,0.0,
Urina,03RCF_fid,Hypoxanthine,HMDB00157,0.0,22.5
Urina,03RCF_fid,Acetate,HMDB00042,169.433197230578,73.4
Urina,03RCF_fid,Tyrosine,HMDB00158,0.0,137.4
Urina,03RCF_fid,Valine,HMDB00883,0.0,41.6
Urina,03RCF_fid,Isobutyrate,,0.0,
Urina,03RCF_fid,2-HydroxyphenylAcetate,,0.0,
Urina,03RCF_fid,Adenosine,,0.0,
Urina,03RCF_fid,Methionine,HMDB00696,0.0,44.3
Urina,03RCF_fid,Ethylmalonate,,0.0,
Urina,03RCF_fid,Dimethylglycine,,0.0,
Urina,03RCF_fid,Dimethylamine,HMDB00087,533.225824147561,471.9
Urina,03RCF_fid,Glutarate,,812.656089888665,
Urina,03RCF_fid,Malate,,760.743658028316,
Urina,03RCF_fid,Trans-Acotinate,,729.318099641747,
Urina,03RCF_fid,Mannose,,478.273521972909,
Urina,03RCF_fid,3-Hydroxybutyrate,HMDB00357,380.40258374053,45.1
Urina,03RCF_fid,Glutathione-reduced,,254.958224289989,
Urina,03RCF_fid,Propionate,,237.43783485186,
Urina,03RCF_fid,2-Methylglutarate,,210.889574559838,
Urina,03RCF_fid,Azelaic ate,,205.363353589755,
Urina,03RCF_fid,2-Aminobutyrate,,168.57830096204,
Urina,03RCF_fid,3-HydroxyphenylAcetate,,136.706836675765,
Urina,03RCF_fid,7-Methylxanthine,,0.0,
Urina,03RCF_fid,Sarcosine,,0.0,
Urina,03RCF_fid,Phosphocholine,,0.0,
Urina,04RCF_fid,Creatinine,HMDB00562,2717.74509766155,12524.0
Urina,04RCF_fid,Hippurate,HMDB00714,348.22859715734,2053.8
Urina,04RCF_fid,Taurine,HMDB00251,0.0,354.4
Urina,04RCF_fid,Citrate,HMDB00094,0.0,131.6
Urina,04RCF_fid,Glutamate,,0.0,
Urina,04RCF_fid,Threonate,,0.0,
Urina,04RCF_fid,Trigonelline,HMDB00875,0.0,231.3
Urina,04RCF_fid,Proline,,0.0,
Urina,04RCF_fid,Creatine,HMDB00064,0.0,112.3
Urina,04RCF_fid,Lactose,,0.0,
Urina,04RCF_fid,Aspartate,,0.0,
Urina,04RCF_fid,Cysteine,,0.0,
Urina,04RCF_fid,Glutamine,HMDB00641,0.0,273.9
Urina,04RCF_fid,Fructose,HMDB00660,0.0,184.6
Urina,04RCF_fid,Arginine,,0.0,
Urina,04RCF_fid,Threitol,,0.0,
Urina,04RCF_fid,Glucose-6-Phosphate,,0.0,
Urina,04RCF_fid,Pyroglutamate,HMDB00267,0.0,147.1
Urina,04RCF_fid,2-AminoAdipate,,0.0,
Urina,04RCF_fid,Glycerol,,0.0,
Urina,04RCF_fid,Uracil,HMDB00300,360.966344046593,71.1
Urina,04RCF_fid,Lysine,HMDB00182,0.0,38.6
Urina,04RCF_fid,Ethanolamine,HMDB00149,0.0,298.9
Urina,04RCF_fid,Glycerate,,0.0,
Urina,04RCF_fid,Asparagine,HMDB00168,0.0,112.8
Urina,04RCF_fid,D-Glucuronate,,0.0,
Urina,04RCF_fid,Citrulline,,0.0,
Urina,04RCF_fid,TMAO,,83.3403447234085,
Urina,04RCF_fid,Saccarate,,0.0,
Urina,04RCF_fid,Glycogen,,0.0,
Urina,04RCF_fid,Tryptophan,HMDB00929,0.0,34.5
Urina,04RCF_fid,Fucose,HMDB00174,0.0,67.4
Urina,04RCF_fid,"1,3-Diaminopropane",,0.0,
Urina,04RCF_fid,Beta-Alanine,,0.0,
Urina,04RCF_fid,Levoglucosan,,0.0,
Urina,04RCF_fid,Myo-Inositol,,0.0,
Urina,04RCF_fid,Putrescine,,0.0,
Urina,04RCF_fid,Threonine,HMDB00167,0.0,98.1
Urina,04RCF_fid,4-AminoHippurate,,0.0,
Urina,04RCF_fid,Alanine,HMDB00161,0.0,81.9
Urina,04RCF_fid,Dihydrothymine,,0.0,
Urina,04RCF_fid,trans-4-Hydroxy-L-Proline,,0.0,
Urina,04RCF_fid,Indoxylsulfate,,0.0,
Urina,04RCF_fid,Phenylalanine,,0.0,
Urina,04RCF_fid,2-Oxoglutarate,HMDB00208,0.0,53.7
Urina,04RCF_fid,Maltose,,0.0,
Urina,04RCF_fid,Uridine,HMDB00296,0.0,5.9
Urina,04RCF_fid,Glucose,HMDB00122,0.0,177.1
Urina,04RCF_fid,Sorbitol,,0.0,
Urina,04RCF_fid,D-Gluconate,,0.0,
Urina,04RCF_fid,N-Acetylglycine,,0.0,
Urina,04RCF_fid,Malonate,HMDB00691,0.0,308.3
Urina,04RCF_fid,Phenylglyoxylate,,0.0,
Urina,04RCF_fid,Anserine,,0.0,
Urina,04RCF_fid,Histidine,HMDB00177,0.0,412.4
Urina,04RCF_fid,Phenethylamine,,0.0,
Urina,04RCF_fid,Formate,HMDB00142,0.0,58.8
Urina,04RCF_fid,3-PhenylPropionate,,0.0,
Urina,04RCF_fid,Syringate,,0.0,
Urina,04RCF_fid,GMP,,0.0,
Urina,04RCF_fid,Xylitol,HMDB02917,0.0,132.0
Urina,04RCF_fid,Spermidine,,0.0,
Urina,04RCF_fid,UMP,,0.0,
Urina,04RCF_fid,Cystine,,0.0,
Urina,04RCF_fid,Carnosine,HMDB00033,0.0,42.4
Urina,04RCF_fid,N-(2-Furoyl)Glycine,,0.0,
Urina,04RCF_fid,3-Methyladipate,,0.0,
Urina,04RCF_fid,PropyleneGlycol,,0.0,
Urina,04RCF_fid,2-Oxobutyrate,,0.0,
Urina,04RCF_fid,UDP,,0.0,
Urina,04RCF_fid,Cadaverine,,0.0,
Urina,04RCF_fid,Valerate,,0.0,
Urina,04RCF_fid,Glutathione-oxidized,,0.0,
Urina,04RCF_fid,Pimelate,,0.0,
Urina,04RCF_fid,Vanillate,,0.0,
Urina,04RCF_fid,GABA,,0.0,
Urina,04RCF_fid,Hypotaurine,,0.0,
Urina,04RCF_fid,1-Methylhydantoin,,0.0,
Urina,04RCF_fid,S-Acetamidomethylcysteine,,0.0,
Urina,04RCF_fid,UDPG,,0.0,
Urina,04RCF_fid,Leucine,HMDB00687,0.0,12.2
Urina,04RCF_fid,Pyrocatechol,,0.0,
Urina,04RCF_fid,Isoleucine,HMDB00172,0.0,10.1
Urina,04RCF_fid,UTP,,0.0,
Urina,04RCF_fid,CholineChloride,,0.0,
Urina,04RCF_fid,Acetoacetate,HMDB00060,0.0,25.3
Urina,04RCF_fid,4-EthylPhenol,,0.0,
Urina,04RCF_fid,Galactitol,,0.0,
Urina,04RCF_fid,Mandelate,,0.0,
Urina,04RCF_fid,alpha-Hydroxyisobutyrate,,0.0,
Urina,04RCF_fid,Carnitine,HMDB00062,0.0,64.4
Urina,04RCF_fid,N-Acetyl-L-Aspartate,,0.0,
Urina,04RCF_fid,Saturated_fattty_acids,,0.0,
Urina,04RCF_fid,Methylguanidine,,0.0,
Urina,04RCF_fid,Glycerophosphocholine,,0.0,
Urina,04RCF_fid,Homovanillate,,0.0,
Urina,04RCF_fid,2-Propanol,,0.0,
Urina,04RCF_fid,Isovalerate,,0.0,
Urina,04RCF_fid,Levulinate,,0.0,
Urina,04RCF_fid,Trimethylamine,,0.0,
Urina,04RCF_fid,Methylmalonate,,0.0,
Urina,04RCF_fid,O-Acetyl-L-Carnitine,,0.0,
Urina,04RCF_fid,Betaine,HMDB00043,0.0,56.3
Urina,04RCF_fid,Dimethylsulfone,,0.0,
Urina,04RCF_fid,Acetone,HMDB01659,0.0,24.6
Urina,04RCF_fid,Glycine,HMDB00123,0.0,320.8
Urina,04RCF_fid,Serine,HMDB00187,0.0,399.9
Urina,04RCF_fid,Glycolate,HMDB00115,0.0,255.1
Urina,04RCF_fid,DehydroAscorbate,,0.0,
Urina,04RCF_fid,3-Methyl-L-Histidine,,89.8798043119775,
Urina,04RCF_fid,Isocitrate,,0.0,
Urina,04RCF_fid,1-Methyl-L-Histidine,,0.0,
Urina,04RCF_fid,Ascorbate,,0.0,
Urina,04RCF_fid,Glutaconate,,0.0,
Urina,04RCF_fid,4-HydroxyphenylAcetate,,0.0,
Urina,04RCF_fid,Lactate,HMDB00190,0.0,10.6
Urina,04RCF_fid,Arabitol,,0.0,
Urina,04RCF_fid,5-AminoValerate,,0.0,
Urina,04RCF_fid,beta-Hydroxyisovalerate,,0.0,
Urina,04RCF_fid,2-Deoxyadenosine,,0.0,
Urina,04RCF_fid,Adipate,,0.0,
Urina,04RCF_fid,2-Hydroxybutyrate,,0.0,
Urina,04RCF_fid,Adenine,,0.0,
Urina,04RCF_fid,Hypoxanthine,HMDB00157,0.0,20.2
Urina,04RCF_fid,Acetate,HMDB00042,0.0,23.4
Urina,04RCF_fid,Tyrosine,HMDB00158,0.0,71.3
Urina,04RCF_fid,Valine,HMDB00883,0.0,28.2
Urina,04RCF_fid,Isobutyrate,,0.0,
Urina,04RCF_fid,2-HydroxyphenylAcetate,,0.0,
Urina,04RCF_fid,Adenosine,,0.0,
Urina,04RCF_fid,Methionine,HMDB00696,0.0,6.6
Urina,04RCF_fid,Ethylmalonate,,0.0,
Urina,04RCF_fid,Dimethylglycine,,0.0,
Urina,04RCF_fid,Dimethylamine,HMDB00087,0.0,300.6
Urina,04RCF_fid,Glutarate,,0.0,
Urina,04RCF_fid,Malate,,0.0,
Urina,04RCF_fid,Trans-Acotinate,,0.0,
Urina,04RCF_fid,Mannose,,0.0,
Urina,04RCF_fid,3-Hydroxybutyrate,HMDB00357,0.0,19.5
Urina,04RCF_fid,Glutathione-reduced,,0.0,
Urina,04RCF_fid,Propionate,,0.0,
Urina,04RCF_fid,2-Methylglutarate,,0.0,
Urina,04RCF_fid,Azelaic ate,,0.0,
Urina,04RCF_fid,2-Aminobutyrate,,0.0,
Urina,04RCF_fid,3-HydroxyphenylAcetate,,0.0,
Urina,04RCF_fid,7-Methylxanthine,,0.0,
Urina,04RCF_fid,Sarcosine,,0.0,
Urina,04RCF_fid,Phosphocholine,,0.0,
Urina,05RCF_fid,Creatinine,HMDB00562,24600.2286066324,11828.5
Urina,05RCF_fid,Hippurate,HMDB00714,2100.82861142346,1300.5
Urina,05RCF_fid,Taurine,HMDB00251,0.0,161.8
Urina,05RCF_fid,Citrate,HMDB00094,502.957364382762,630.2
Urina,05RCF_fid,Glutamate,,1531.22143711631,
Urina,05RCF_fid,Threonate,,836.330922634225,
Urina,05RCF_fid,Trigonelline,HMDB00875,887.441794714003,453.9
Urina,05RCF_fid,Proline,,1480.95081523024,
Urina,05RCF_fid,Creatine,HMDB00064,0.0,36.0
Urina,05RCF_fid,Lactose,,859.607740221687,
Urina,05RCF_fid,Aspartate,,1047.95460876186,
Urina,05RCF_fid,Cysteine,,0.0,
Urina,05RCF_fid,Glutamine,HMDB00641,1239.72210851451,352.1
Urina,05RCF_fid,Fructose,HMDB00660,893.354140106958,240.4
Urina,05RCF_fid,Arginine,,1014.60026143419,
Urina,05RCF_fid,Threitol,,1014.92612610059,
Urina,05RCF_fid,Glucose-6-Phosphate,,742.86551283199,
Urina,05RCF_fid,Pyroglutamate,HMDB00267,820.974393831528,140.1
Urina,05RCF_fid,2-AminoAdipate,,1005.60403754328,
Urina,05RCF_fid,Glycerol,,454.027096392965,
Urina,05RCF_fid,Uracil,HMDB00300,2558.31284596958,76.4
Urina,05RCF_fid,Lysine,HMDB00182,0.0,60.5
Urina,05RCF_fid,Ethanolamine,HMDB00149,1178.86833402519,389.9
Urina,05RCF_fid,Glycerate,,0.0,
Urina,05RCF_fid,Asparagine,HMDB00168,377.271991842303,200.8
Urina,05RCF_fid,D-Glucuronate,,405.661581200203,
Urina,05RCF_fid,Citrulline,,699.951207550473,
Urina,05RCF_fid,TMAO,,3842.57283524991,
Urina,05RCF_fid,Saccarate,,582.743140010928,
Urina,05RCF_fid,Glycogen,,0.0,
Urina,05RCF_fid,Tryptophan,HMDB00929,394.003362136763,44.3
Urina,05RCF_fid,Fucose,HMDB00174,598.638442876824,108.0
Urina,05RCF_fid,"1,3-Diaminopropane",,672.55555181425,
Urina,05RCF_fid,Beta-Alanine,,765.370206505878,
Urina,05RCF_fid,Levoglucosan,,456.311314101749,
Urina,05RCF_fid,Myo-Inositol,,323.701215634608,
Urina,05RCF_fid,Putrescine,,0.0,
Urina,05RCF_fid,Threonine,HMDB00167,534.396622697685,169.8
Urina,05RCF_fid,4-AminoHippurate,,261.468583500414,
Urina,05RCF_fid,Alanine,HMDB00161,460.996082233858,146.2
Urina,05RCF_fid,Dihydrothymine,,258.102727310958,
Urina,05RCF_fid,trans-4-Hydroxy-L-Proline,,278.008021815093,
Urina,05RCF_fid,Indoxylsulfate,,939.491310515103,
Urina,05RCF_fid,Phenylalanine,,520.051895421879,
Urina,05RCF_fid,2-Oxoglutarate,HMDB00208,0.0,73.9
Urina,05RCF_fid,Maltose,,0.0,
Urina,05RCF_fid,Uridine,HMDB00296,250.856601074459,11.3
Urina,05RCF_fid,Glucose,HMDB00122,0.0,153.4
Urina,05RCF_fid,Sorbitol,,857.790214670059,
Urina,05RCF_fid,D-Gluconate,,416.486361815268,
Urina,05RCF_fid,N-Acetylglycine,,163.312597768681,
Urina,05RCF_fid,Malonate,HMDB00691,455.821666945015,289.3
Urina,05RCF_fid,Phenylglyoxylate,,0.0,
Urina,05RCF_fid,Anserine,,232.892767004523,
Urina,05RCF_fid,Histidine,HMDB00177,0.0,787.5
Urina,05RCF_fid,Phenethylamine,,769.062833514167,
Urina,05RCF_fid,Formate,HMDB00142,0.0,167.4
Urina,05RCF_fid,3-PhenylPropionate,,339.181985747274,
Urina,05RCF_fid,Syringate,,50.7766420532363,
Urina,05RCF_fid,GMP,,289.833251957421,
Urina,05RCF_fid,Xylitol,HMDB02917,750.918196789307,158.7
Urina,05RCF_fid,Spermidine,,0.0,
Urina,05RCF_fid,UMP,,268.744035255123,
Urina,05RCF_fid,Cystine,,190.249223511162,
Urina,05RCF_fid,Carnosine,HMDB00033,262.013950007221,126.6
Urina,05RCF_fid,N-(2-Furoyl)Glycine,,0.0,
Urina,05RCF_fid,3-Methyladipate,,194.422375332634,
Urina,05RCF_fid,PropyleneGlycol,,122.307293256839,
Urina,05RCF_fid,2-Oxobutyrate,,219.025329228686,
Urina,05RCF_fid,UDP,,0.0,
Urina,05RCF_fid,Cadaverine,,0.0,
Urina,05RCF_fid,Valerate,,178.093194492004,
Urina,05RCF_fid,Glutathione-oxidized,,0.0,
Urina,05RCF_fid,Pimelate,,0.0,
Urina,05RCF_fid,Vanillate,,262.22815937672,
Urina,05RCF_fid,GABA,,364.688227298989,
Urina,05RCF_fid,Hypotaurine,,0.0,
Urina,05RCF_fid,1-Methylhydantoin,,513.223944958725,
Urina,05RCF_fid,S-Acetamidomethylcysteine,,151.088478544835,
Urina,05RCF_fid,UDPG,,270.160682905622,
Urina,05RCF_fid,Leucine,HMDB00687,126.229310736726,27.0
Urina,05RCF_fid,Pyrocatechol,,0.0,
Urina,05RCF_fid,Isoleucine,HMDB00172,134.82620806481,10.8
Urina,05RCF_fid,UTP,,155.299410987315,
Urina,05RCF_fid,CholineChloride,,131.326650056579,
Urina,05RCF_fid,Acetoacetate,HMDB00060,163.713796073858,35.7
Urina,05RCF_fid,4-EthylPhenol,,122.19161131718,
Urina,05RCF_fid,Galactitol,,0.0,
Urina,05RCF_fid,Mandelate,,149.084371957708,
Urina,05RCF_fid,alpha-Hydroxyisobutyrate,,148.07923250505,
Urina,05RCF_fid,Carnitine,HMDB00062,0.0,16.5
Urina,05RCF_fid,N-Acetyl-L-Aspartate,,128.179457588498,
Urina,05RCF_fid,Saturated_fattty_acids,,132.133271066763,
Urina,05RCF_fid,Methylguanidine,,126.786586345977,
Urina,05RCF_fid,Glycerophosphocholine,,48.3680169182333,
Urina,05RCF_fid,Homovanillate,,119.105069708194,
Urina,05RCF_fid,2-Propanol,,63.312608580254,
Urina,05RCF_fid,Isovalerate,,79.5289762011608,
Urina,05RCF_fid,Levulinate,,118.173438148167,
Urina,05RCF_fid,Trimethylamine,,44.8362520137878,
Urina,05RCF_fid,Methylmalonate,,0.0,
Urina,05RCF_fid,O-Acetyl-L-Carnitine,,89.1897135326811,
Urina,05RCF_fid,Betaine,HMDB00043,0.0,43.2
Urina,05RCF_fid,Dimethylsulfone,,64.0402109601796,
Urina,05RCF_fid,Acetone,HMDB01659,61.6929312076865,21.0
Urina,05RCF_fid,Glycine,HMDB00123,1316.59122629762,661.6
Urina,05RCF_fid,Serine,HMDB00187,939.514786000168,486.8
Urina,05RCF_fid,Glycolate,HMDB00115,0.0,329.6
Urina,05RCF_fid,DehydroAscorbate,,1006.86888767247,
Urina,05RCF_fid,3-Methyl-L-Histidine,,232.693720113647,
Urina,05RCF_fid,Isocitrate,,307.379575684606,
Urina,05RCF_fid,1-Methyl-L-Histidine,,214.418094270539,
Urina,05RCF_fid,Ascorbate,,0.0,
Urina,05RCF_fid,Glutaconate,,0.0,
Urina,05RCF_fid,4-HydroxyphenylAcetate,,150.924381495416,
Urina,05RCF_fid,Lactate,HMDB00190,0.0,18.9
Urina,05RCF_fid,Arabitol,,1081.92342405279,
Urina,05RCF_fid,5-AminoValerate,,0.0,
Urina,05RCF_fid,beta-Hydroxyisovalerate,,0.0,
Urina,05RCF_fid,2-Deoxyadenosine,,0.0,
Urina,05RCF_fid,Adipate,,196.203315028936,
Urina,05RCF_fid,2-Hydroxybutyrate,,286.461613022271,
Urina,05RCF_fid,Adenine,,0.0,
Urina,05RCF_fid,Hypoxanthine,HMDB00157,0.0,43.2
Urina,05RCF_fid,Acetate,HMDB00042,0.0,58.6
Urina,05RCF_fid,Tyrosine,HMDB00158,234.478531048155,88.4
Urina,05RCF_fid,Valine,HMDB00883,113.275033699183,28.4
Urina,05RCF_fid,Isobutyrate,,0.0,
Urina,05RCF_fid,2-HydroxyphenylAcetate,,135.258289956511,
Urina,05RCF_fid,Adenosine,,0.0,
Urina,05RCF_fid,Methionine,HMDB00696,0.0,16.9
Urina,05RCF_fid,Ethylmalonate,,0.0,
Urina,05RCF_fid,Dimethylglycine,,0.0,
Urina,05RCF_fid,Dimethylamine,HMDB00087,68.1337412288319,327.3
Urina,05RCF_fid,Glutarate,,164.020010271332,
Urina,05RCF_fid,Malate,,462.649801776238,
Urina,05RCF_fid,Trans-Acotinate,,235.749167264499,
Urina,05RCF_fid,Mannose,,0.0,
Urina,05RCF_fid,3-Hydroxybutyrate,HMDB00357,0.0,30.0
Urina,05RCF_fid,Glutathione-reduced,,0.0,
Urina,05RCF_fid,Propionate,,0.0,
Urina,05RCF_fid,2-Methylglutarate,,0.0,
Urina,05RCF_fid,Azelaic ate,,0.0,
Urina,05RCF_fid,2-Aminobutyrate,,0.0,
Urina,05RCF_fid,3-HydroxyphenylAcetate,,155.921137462807,
Urina,05RCF_fid,7-Methylxanthine,,227.525434180122,
Urina,05RCF_fid,Sarcosine,,91.248736332339,
Urina,05RCF_fid,Phosphocholine,,46.7974647262714,
