Biofluido,Experiment,Metabolite,HMDB,Concentration_ASICS,Concentration_GS,Diferenca_Absoluta,Erro_Percentual
Soro,1_1H,D-Gluconate,,0.0,,,
Soro,1_1H,Levoglucosan,,0.0,,,
Soro,1_1H,Glucose-6-Phosphate,,0.0,,,
Soro,1_1H,Serine,HMDB00187,0.0,45.2,45.2,100.0
Soro,1_1H,Pyroglutamate,HMDB00267,0.0,,,
Soro,1_1H,Saccarate,,0.0,,,
Soro,1_1H,Methionine,HMDB00696,0.0,7.7,7.7,100.0
Soro,1_1H,Lactose,,0.0,,,
Soro,1_1H,2-Hydroxybutyrate,,0.0,10.4,10.4,100.0
Soro,1_1H,Ethanolamine,HMDB00149,0.0,,,
Soro,1_1H,S-Acetamidomethylcysteine,,0.0,,,
Soro,1_1H,Butyrate,HMDB00039,0.0,,,
Soro,1_1H,Glutathione-oxidized,,0.0,,,
Soro,1_1H,TMAO,,0.0,,,
Soro,1_1H,2-Deoxyadenosine,,0.0,,,
Soro,1_1H,Creatinine,HMDB00562,0.0,17.8,17.8,100.0
Soro,1_1H,CTP,,0.0,,,
Soro,1_1H,Urocanate,HMDB00301,0.0,,,
Soro,1_1H,Homovanillate,,0.0,,,
Soro,1_1H,Threonate,,0.0,,,
Soro,1_1H,2-Deoxycytidine,,0.0,,,
Soro,1_1H,N-(2-Furoyl)Glycine,,0.0,,,
Soro,1_1H,Asparagine,HMDB00168,0.0,13.2,13.2,100.0
Soro,1_1H,Levulinate,,0.0,,,
Soro,1_1H,Vanillate,,0.0,,,
Soro,1_1H,Allantoin,,0.0,,,
Soro,1_1H,Glycolate,HMDB00115,0.0,,,
Soro,1_1H,Histidine,HMDB00177,0.0,25.2,25.2,100.0
Soro,1_1H,Adenosine,,0.0,,,
Soro,1_1H,Nicotinate,,0.0,,,
Soro,1_1H,Malonate,HMDB00691,0.0,,,
Soro,1_1H,Glutathione-reduced,,0.0,,,
Soro,1_1H,GDP,,0.0,,,
Soro,1_1H,Inosine,,0.0,0.0,0.0,
Soro,1_1H,Trigonelline,HMDB00875,0.0,,,
Soro,1_1H,NAD,,0.0,,,
Soro,1_1H,UDPG,,0.0,,,
Soro,1_1H,AMP,,0.0,,,
Soro,1_1H,Hypoxanthine,HMDB00157,0.215230725324055,0.0,0.215230725324055,
Soro,1_1H,Fumarate,,0.340253764253065,,,
Soro,1_1H,Nicotinurate,,0.373939926640473,,,
Soro,1_1H,Sarcosine,,0.587809682404206,,,
Soro,1_1H,2-Picolinate,,0.651665606634424,,,
Soro,1_1H,Uridine,HMDB00296,0.696631043336979,,,
Soro,1_1H,ATP,,0.789337562519016,,,
Soro,1_1H,Cytosine,,0.834544868454243,,,
Soro,1_1H,Adenine,,0.970143421134985,,,
Soro,1_1H,Tyrosine,HMDB00158,0.988427766715709,16.6,15.611572233284292,94.05
Soro,1_1H,Tartarate,,1.23789789161485,,,
Soro,1_1H,Quinolinate,,1.48905196263439,,,
Soro,1_1H,dAMP,,1.61452179219807,,,
Soro,1_1H,Dimethylglycine,,1.76707934052687,,,
Soro,1_1H,Pimelate,,1.99843323115525,,,
Soro,1_1H,Formate,HMDB00142,2.09015733832056,2.7,0.6098426616794401,22.59
Soro,1_1H,Dimethylamine,HMDB00087,2.21983166131483,,,
Soro,1_1H,Isobutyrate,,2.22762096848615,,,
Soro,1_1H,Kynurenate,,2.427194799899,,,
Soro,1_1H,Glutaconate,,2.43004324589594,,,
Soro,1_1H,Acetate,HMDB00042,2.71431397187705,24.8,22.08568602812295,89.06
Soro,1_1H,Oxypurinol,,2.82295189420792,,,
Soro,1_1H,Long-chain_alkane,,2.91925860157586,,,
Soro,1_1H,2-HydroxyphenylAcetate,,3.22839568289599,,,
Soro,1_1H,Citraconate,,3.5444552432005,,,
Soro,1_1H,Carnosine,HMDB00033,3.55167354869461,,,
Soro,1_1H,N-Acetyl-L-Aspartate,,3.61215951612477,,,
Soro,1_1H,Trimethylamine,,3.71282990594555,,,
Soro,1_1H,beta-Hydroxyisovalerate,,3.98845929691143,,,
Soro,1_1H,Fructose,HMDB00660,4.02485316016968,,,
Soro,1_1H,Acetone,HMDB01659,4.10037267738615,2.8,1.3003726773861501,46.44
Soro,1_1H,Pyrocatechol,,4.30527376284056,,,
Soro,1_1H,2-Methylglutarate,,4.68657538294339,,,
Soro,1_1H,3-HydroxyphenylAcetate,,4.69812607766898,,,
Soro,1_1H,Propionate,,5.35072913253852,,,
Soro,1_1H,1-Methylhydantoin,,5.94699707403737,,,
Soro,1_1H,Methylguanidine,,6.03689058988817,,,
Soro,1_1H,2-Oxoisovalerate,,6.05662366382415,,,
Soro,1_1H,Methylamine,,6.33955857233311,,,
Soro,1_1H,1-Methyl-L-Histidine,,6.56432829041155,,,
Soro,1_1H,trans-Ferulate,,9.46799477937385,,,
Soro,1_1H,Azelaic ate,,10.4901892326758,,,
Soro,1_1H,Acetaminophen,,10.8129234795567,,,
Soro,1_1H,Dimethylsulfone,,11.7339420355635,,,
Soro,1_1H,Malate,,13.0606659963176,,,
Soro,1_1H,O-Acetyl-L-Carnitine,,15.1800615082779,,,
Soro,1_1H,Acetoacetate,HMDB00060,15.2187785921052,3.3,11.918778592105202,361.18
Soro,1_1H,Phenylglyoxylate,,16.0103710638602,,,
Soro,1_1H,Glutarate,,16.7460018061632,,,
Soro,1_1H,Mandelate,,17.4361131185841,,,
Soro,1_1H,Isovalerate,,17.5459943161054,,,
Soro,1_1H,Creatine,HMDB00064,17.6105112355092,15.6,2.0105112355092007,12.89
Soro,1_1H,Anserine,,18.0071842658967,,,
Soro,1_1H,3-PhenylPropionate,,20.9566764515119,,,
Soro,1_1H,4-AminoHippurate,,23.3826915335934,,,
Soro,1_1H,Trans-Acotinate,,23.5790466400921,,,
Soro,1_1H,Benzoate,,23.9299035924576,3.2,20.7299035924576,647.81
Soro,1_1H,4-EthylPhenol,,25.3167394513526,,,
Soro,1_1H,Sebacate,,25.414276305917,,,
Soro,1_1H,Beta-Alanine,,25.7713990512534,,,
Soro,1_1H,2-Oxobutyrate,,25.8509369396327,,,
Soro,1_1H,Adipate,,29.0510406337007,,,
Soro,1_1H,Phenylalanine,,29.6427584516777,21.4,8.242758451677702,38.52
Soro,1_1H,Hippurate,HMDB00714,30.2789296246294,,,
Soro,1_1H,Threitol,,30.8558058652253,,,
Soro,1_1H,Syringate,,31.3604806904393,,,
Soro,1_1H,Betaine,HMDB00043,31.8244555830527,6.6,25.224455583052702,382.19
Soro,1_1H,Maltose,,36.9192604276974,,,
Soro,1_1H,Valerate,,37.8279840885888,,,
Soro,1_1H,Uracil,HMDB00300,39.2883075718885,,,
Soro,1_1H,Glycerophosphocholine,,39.6785353380581,,,
Soro,1_1H,Ethylmalonate,,40.6396225455245,,,
Soro,1_1H,Pyruvate,HMDB00243,40.8233219177675,14.5,26.3233219177675,181.54
Soro,1_1H,alpha-Hydroxyisobutyrate,,41.0113589511485,,,
Soro,1_1H,Tryptophan,HMDB00929,43.3987257569548,,,
Soro,1_1H,Phenethylamine,,43.735786824292,,,
Soro,1_1H,Galactose,,44.309834786076,,,
Soro,1_1H,Glycogen,,44.4429578786127,,,
Soro,1_1H,Indoxylsulfate,,45.3727589337841,,,
Soro,1_1H,GABA,,45.8764453143184,,,
Soro,1_1H,"1,3-Diaminopropane",,48.6599322238338,,,
Soro,1_1H,Aspartate,,49.5243280786287,11.0,38.5243280786287,350.22
Soro,1_1H,Fucose,HMDB00174,50.3828313863758,,,
Soro,1_1H,2-Propanol,,52.8161479641483,,,
Soro,1_1H,Succinate,HMDB00254,52.8954599973986,4.1,48.7954599973986,1190.13
Soro,1_1H,Ornithine,,55.5788202880431,13.1,42.478820288043096,324.27
Soro,1_1H,trans-4-Hydroxy-L-Proline,,58.8194212193487,,,
Soro,1_1H,Pantothenate,HMDB00210,60.2409433241426,,,
Soro,1_1H,Saturated_fattty_acids,,62.9091556897401,,,
Soro,1_1H,Isocitrate,,63.6886270380789,,,
Soro,1_1H,DehydroAscorbate,,65.2061208038257,,,
Soro,1_1H,3-Methylxanthine,,66.837743882022,,,
Soro,1_1H,7-Methylxanthine,,67.3710838484975,,,
Soro,1_1H,CholineChloride,,68.1646700820944,,,
Soro,1_1H,Hypotaurine,,75.5006739164321,,,
Soro,1_1H,3-Methyl-L-Histidine,,76.7755286005286,,,
Soro,1_1H,Alanine,HMDB00161,78.2007721999727,101.6,23.39922780002729,23.03
Soro,1_1H,Isoleucine,HMDB00172,78.586025088064,15.6,62.986025088064004,403.76
Soro,1_1H,Spermidine,,80.4376880820859,,,
Soro,1_1H,Myo-Inositol,,82.2896495767378,,,
Soro,1_1H,Glycine,HMDB00123,86.8127783079011,102.1,15.287221692098896,14.97
Soro,1_1H,Phosphocholine,,92.9371633413705,,,
Soro,1_1H,PropyleneGlycol,,95.1440842527963,,,
Soro,1_1H,Arabitol,,98.0418594089706,,,
Soro,1_1H,5-AminoValerate,,103.412706490673,,,
Soro,1_1H,Putrescine,,104.819767101851,,,
Soro,1_1H,2-Oxoglutarate,HMDB00208,106.648190536928,2.9,103.74819053692799,3577.52
Soro,1_1H,Cadaverine,,110.689784143926,,,
Soro,1_1H,Citrate,HMDB00094,110.85042357888,28.0,82.85042357888,295.89
Soro,1_1H,3-Methyladipate,,111.656358814161,,,
Soro,1_1H,Valine,HMDB00883,114.146490245043,60.9,53.246490245043,87.43
Soro,1_1H,N-Acetylglycine,,115.736530330455,,,
Soro,1_1H,Threonine,HMDB00167,121.228738918653,33.0,88.228738918653,267.36
Soro,1_1H,3-Hydroxybutyrate,HMDB00357,137.095755851367,18.2,118.89575585136699,653.27
Soro,1_1H,4-HydroxyphenylAcetate,,153.537323322365,,,
Soro,1_1H,2-AminoAdipate,,163.010820631738,,,
Soro,1_1H,Dihydrothymine,,168.048060764475,,,
Soro,1_1H,Arginine,,174.923042476634,39.9,135.023042476634,338.4
Soro,1_1H,Mannose,,175.459757626102,19.1,156.359757626102,818.64
Soro,1_1H,Guanidinoacetate,,181.459653819165,,,
Soro,1_1H,Citrulline,,188.427559000315,,,
Soro,1_1H,Methylmalonate,,213.662818020665,,,
Soro,1_1H,Cystine,,224.430584630589,,,
Soro,1_1H,Ascorbate,,226.391290795812,,,
Soro,1_1H,Taurine,HMDB00251,226.429257914667,53.1,173.329257914667,326.42
Soro,1_1H,Xylitol,HMDB02917,245.24771834259,,,
Soro,1_1H,Carnitine,HMDB00062,247.173385733154,11.7,235.473385733154,2012.59
Soro,1_1H,Leucine,HMDB00687,247.391286361861,33.4,213.991286361861,640.69
Soro,1_1H,D-Glucuronate,,253.163216965403,,,
Soro,1_1H,Methanol,,267.555205475398,24.6,242.955205475398,987.62
Soro,1_1H,Glycerol,,313.070647293335,70.9,242.170647293335,341.57
Soro,1_1H,Galactitol,,368.381538015297,,,
Soro,1_1H,Lysine,HMDB00182,394.199843961683,57.9,336.299843961683,580.83
Soro,1_1H,Sorbitol,,428.867300709028,,,
Soro,1_1H,2-Aminobutyrate,,488.602655210249,5.6,483.002655210249,8625.05
Soro,1_1H,Glutamate,,622.710099039148,59.7,563.0100990391479,943.07
Soro,1_1H,Proline,,743.11033164233,31.8,711.3103316423301,2236.82
Soro,1_1H,Glycerate,,743.246379720859,,,
Soro,1_1H,Glutamine,HMDB00641,827.866926946014,146.9,680.966926946014,463.56
Soro,1_1H,Lactate,HMDB00190,1061.45540894701,777.8,283.6554089470101,36.47
Soro,1_1H,Glucose,HMDB00122,3579.63556210069,1197.5,2382.13556210069,198.93
Soro,20_1H,2-Oxoglutarate,HMDB00208,0.0,2.5,2.5,100.0
Soro,20_1H,Arabitol,,0.0,,,
Soro,20_1H,trans-4-Hydroxy-L-Proline,,0.0,,,
Soro,20_1H,Succinate,HMDB00254,0.0,2.8,2.8,100.0
Soro,20_1H,Indoxylsulfate,,0.0,,,
Soro,20_1H,Phenethylamine,,0.0,,,
Soro,20_1H,Uracil,HMDB00300,0.0,,,
Soro,20_1H,Syringate,,0.0,,,
Soro,20_1H,Benzoate,,0.0,0.0,0.0,
Soro,20_1H,Glutarate,,0.0,,,
Soro,20_1H,trans-Ferulate,,0.0,,,
Soro,20_1H,1-Methyl-L-Histidine,,0.0,,,
Soro,20_1H,3-HydroxyphenylAcetate,,0.0,,,
Soro,20_1H,Pyrocatechol,,0.0,,,
Soro,20_1H,Carnosine,HMDB00033,0.0,,,
Soro,20_1H,Long-chain_alkane,,0.0,,,
Soro,20_1H,Oxypurinol,,0.0,,,
Soro,20_1H,Acetate,HMDB00042,0.0,7.0,7.0,100.0
Soro,20_1H,Glutaconate,,0.0,,,
Soro,20_1H,Kynurenate,,0.0,,,
Soro,20_1H,Pimelate,,0.0,,,
Soro,20_1H,Cytosine,,0.0,,,
Soro,20_1H,ATP,,0.0,,,
Soro,20_1H,Uridine,HMDB00296,0.0,,,
Soro,20_1H,2-Picolinate,,0.0,,,
Soro,20_1H,Nicotinurate,,0.0,,,
Soro,20_1H,Homovanillate,,0.0,,,
Soro,20_1H,Threonate,,0.0,,,
Soro,20_1H,2-Deoxycytidine,,0.0,,,
Soro,20_1H,N-(2-Furoyl)Glycine,,0.0,,,
Soro,20_1H,Asparagine,HMDB00168,0.0,13.1,13.1,100.0
Soro,20_1H,Levulinate,,0.0,,,
Soro,20_1H,Vanillate,,0.0,,,
Soro,20_1H,Allantoin,,0.0,,,
Soro,20_1H,Glycolate,HMDB00115,0.0,,,
Soro,20_1H,Histidine,HMDB00177,0.0,29.9,29.9,100.0
Soro,20_1H,Adenosine,,0.0,,,
Soro,20_1H,Nicotinate,,0.0,,,
Soro,20_1H,Malonate,HMDB00691,0.0,,,
Soro,20_1H,Glutathione-reduced,,0.0,,,
Soro,20_1H,GDP,,0.0,,,
Soro,20_1H,Inosine,,0.0,0.0,0.0,
Soro,20_1H,Trigonelline,HMDB00875,0.0,,,
Soro,20_1H,NAD,,0.0,,,
Soro,20_1H,UDPG,,0.0,,,
Soro,20_1H,AMP,,0.0,,,
Soro,20_1H,Hypoxanthine,HMDB00157,0.0871915649766997,2.8,2.7128084350233,96.89
Soro,20_1H,Urocanate,HMDB00301,0.146449134409027,,,
Soro,20_1H,Acetaminophen,,0.246686620976212,,,
Soro,20_1H,Tryptophan,HMDB00929,0.391167928483864,,,
Soro,20_1H,Methylamine,,0.471423474158213,,,
Soro,20_1H,2-HydroxyphenylAcetate,,0.499814982794753,,,
Soro,20_1H,Quinolinate,,0.60014191163376,,,
Soro,20_1H,Dimethylamine,HMDB00087,0.788995449139363,,,
Soro,20_1H,CTP,,0.804152538073377,,,
Soro,20_1H,2-Oxobutyrate,,1.23255726026797,,,
Soro,20_1H,Phenylglyoxylate,,1.28892520209858,,,
Soro,20_1H,Adenine,,1.29995365878588,,,
Soro,20_1H,Hippurate,HMDB00714,1.75825350115474,,,
Soro,20_1H,Dimethylglycine,,1.95899654558534,,,
Soro,20_1H,Fumarate,,2.27564712820044,,,
Soro,20_1H,Dihydrothymine,,2.75172475403411,,,
Soro,20_1H,4-AminoHippurate,,2.99755723997052,,,
Soro,20_1H,Sarcosine,,3.2123546441747,,,
Soro,20_1H,Isocitrate,,3.78011397867619,,,
Soro,20_1H,dAMP,,4.2073294980037,,,
Soro,20_1H,Trimethylamine,,4.72442072653042,,,
Soro,20_1H,Creatinine,HMDB00562,4.81354790418786,14.8,9.98645209581214,67.48
Soro,20_1H,2-Deoxyadenosine,,5.87673537512496,,,
Soro,20_1H,Methylguanidine,,5.90696643897712,,,
Soro,20_1H,Anserine,,6.20996988854796,,,
Soro,20_1H,Acetone,HMDB01659,6.65980703794609,1.6,5.05980703794609,316.24
Soro,20_1H,Tartarate,,6.7659833734872,,,
Soro,20_1H,Glycerophosphocholine,,7.15935219139094,,,
Soro,20_1H,N-Acetyl-L-Aspartate,,8.39809563179789,,,
Soro,20_1H,TMAO,,8.43697191897127,,,
Soro,20_1H,Creatine,HMDB00064,9.19081643101349,6.0,3.1908164310134897,53.18
Soro,20_1H,alpha-Hydroxyisobutyrate,,11.4056744268616,,,
Soro,20_1H,Glutathione-oxidized,,11.7210161573522,,,
Soro,20_1H,4-EthylPhenol,,13.1782358112386,,,
Soro,20_1H,Adipate,,14.145038112692,,,
Soro,20_1H,Acetoacetate,HMDB00060,15.7508387390301,0.9,14.850838739030099,1650.09
Soro,20_1H,Mandelate,,16.0036327856012,,,
Soro,20_1H,beta-Hydroxyisovalerate,,16.7186037247094,,,
Soro,20_1H,Butyrate,HMDB00039,17.7441846115718,,,
Soro,20_1H,Dimethylsulfone,,19.023628389866,,,
Soro,20_1H,Trans-Acotinate,,20.326026975244,,,
Soro,20_1H,N-Acetylglycine,,22.9067240967495,,,
Soro,20_1H,Myo-Inositol,,23.3452154110593,,,
Soro,20_1H,1-Methylhydantoin,,23.4889826149621,,,
Soro,20_1H,Citraconate,,28.1279812889012,,,
Soro,20_1H,3-PhenylPropionate,,28.4296720216205,,,
Soro,20_1H,Azelaic ate,,30.3762667072729,,,
Soro,20_1H,Isobutyrate,,30.7965559132711,,,
Soro,20_1H,Formate,HMDB00142,31.7569176524342,2.8,28.9569176524342,1034.18
Soro,20_1H,S-Acetamidomethylcysteine,,34.7295065647315,,,
Soro,20_1H,GABA,,38.984867648213,,,
Soro,20_1H,O-Acetyl-L-Carnitine,,42.3235092010227,,,
Soro,20_1H,Methylmalonate,,42.9674547649084,,,
Soro,20_1H,Ethanolamine,HMDB00149,44.5874092566818,,,
Soro,20_1H,Pyruvate,HMDB00243,46.5860680954904,16.7,29.886068095490398,178.96
Soro,20_1H,Ethylmalonate,,47.836667091773,,,
Soro,20_1H,Propionate,,49.4292266017284,,,
Soro,20_1H,7-Methylxanthine,,51.8702351484298,,,
Soro,20_1H,2-Hydroxybutyrate,,52.0155205298796,12.9,39.1155205298796,303.22
Soro,20_1H,Sebacate,,52.2709314282637,,,
Soro,20_1H,Tyrosine,HMDB00158,53.9648449847006,22.2,31.7648449847006,143.08
Soro,20_1H,Aspartate,,54.6501974436865,10.1,44.5501974436865,441.09
Soro,20_1H,Malate,,55.9304997109783,,,
Soro,20_1H,Isovalerate,,58.8729136628002,,,
Soro,20_1H,3-Methyl-L-Histidine,,59.2095895231033,,,
Soro,20_1H,Beta-Alanine,,62.200647695837,,,
Soro,20_1H,2-Methylglutarate,,64.6858081571862,,,
Soro,20_1H,Phosphocholine,,68.3955023531866,,,
Soro,20_1H,Spermidine,,69.7037728368129,,,
Soro,20_1H,2-Oxoisovalerate,,72.2254788709029,,,
Soro,20_1H,Lactose,,75.2323185313875,,,
Soro,20_1H,Galactitol,,78.7141691104697,,,
Soro,20_1H,Saturated_fattty_acids,,80.7604658501958,,,
Soro,20_1H,5-AminoValerate,,82.0272549463419,,,
Soro,20_1H,Valerate,,85.4014005532295,,,
Soro,20_1H,Hypotaurine,,85.768090000024,,,
Soro,20_1H,Methionine,HMDB00696,91.0477531670682,6.7,84.34775316706819,1258.92
Soro,20_1H,Putrescine,,101.223411789044,,,
Soro,20_1H,"1,3-Diaminopropane",,109.05111679054,,,
Soro,20_1H,Fucose,HMDB00174,109.605325886516,,,
Soro,20_1H,Pantothenate,HMDB00210,110.576137092318,,,
Soro,20_1H,Maltose,,113.117072833784,,,
Soro,20_1H,Saccarate,,129.960702016084,,,
Soro,20_1H,3-Methylxanthine,,145.900949612609,,,
Soro,20_1H,2-AminoAdipate,,146.049069485874,,,
Soro,20_1H,3-Methyladipate,,146.144891719437,,,
Soro,20_1H,PropyleneGlycol,,176.353793800731,,,
Soro,20_1H,Phenylalanine,,222.517471432824,26.4,196.117471432824,742.87
Soro,20_1H,Guanidinoacetate,,230.258862128021,,,
Soro,20_1H,Isoleucine,HMDB00172,230.456649793519,22.7,207.75664979351902,915.23
Soro,20_1H,Pyroglutamate,HMDB00267,239.274719348445,,,
Soro,20_1H,4-HydroxyphenylAcetate,,247.662170920265,,,
Soro,20_1H,Methanol,,252.644623925101,41.9,210.744623925101,502.97
Soro,20_1H,Citrulline,,256.702166560404,,,
Soro,20_1H,Ornithine,,270.464735655178,13.3,257.164735655178,1933.57
Soro,20_1H,Serine,HMDB00187,282.937671122384,56.3,226.637671122384,402.55
Soro,20_1H,Carnitine,HMDB00062,284.669485021802,16.1,268.569485021802,1668.13
Soro,20_1H,Taurine,HMDB00251,304.814401418308,40.0,264.814401418308,662.04
Soro,20_1H,Glucose-6-Phosphate,,311.993959367496,,,
Soro,20_1H,CholineChloride,,316.41357180201,,,
Soro,20_1H,Ascorbate,,322.551301208091,,,
Soro,20_1H,Levoglucosan,,329.210539331991,,,
Soro,20_1H,Cadaverine,,330.244806174151,,,
Soro,20_1H,Glycogen,,332.45174145873,,,
Soro,20_1H,Citrate,HMDB00094,345.726102743116,41.2,304.526102743116,739.14
Soro,20_1H,Xylitol,HMDB02917,346.693723431571,,,
Soro,20_1H,2-Propanol,,351.066207821876,,,
Soro,20_1H,Sorbitol,,351.129397698335,,,
Soro,20_1H,D-Glucuronate,,353.777487977755,,,
Soro,20_1H,3-Hydroxybutyrate,HMDB00357,369.045752879066,11.7,357.345752879066,3054.24
Soro,20_1H,DehydroAscorbate,,369.564037452305,,,
Soro,20_1H,Betaine,HMDB00043,381.794306369773,10.3,371.49430636977297,3606.74
Soro,20_1H,D-Gluconate,,397.571412408273,,,
Soro,20_1H,Mannose,,399.746690981207,21.7,378.046690981207,1742.15
Soro,20_1H,Threonine,HMDB00167,424.429977910751,40.5,383.929977910751,947.98
Soro,20_1H,Galactose,,437.153420223248,,,
Soro,20_1H,Cystine,,443.223233314569,,,
Soro,20_1H,Lysine,HMDB00182,494.89023233393,51.1,443.79023233392996,868.47
Soro,20_1H,2-Aminobutyrate,,532.216649411859,5.0,527.216649411859,10544.33
Soro,20_1H,Fructose,HMDB00660,557.434630060092,,,
Soro,20_1H,Leucine,HMDB00687,632.875027645838,46.8,586.0750276458381,1252.3
Soro,20_1H,Alanine,HMDB00161,664.405527830335,131.6,532.805527830335,404.87
Soro,20_1H,Valine,HMDB00883,692.098258305608,74.6,617.498258305608,827.75
Soro,20_1H,Threitol,,695.052174035578,,,
Soro,20_1H,Glycerol,,709.905040989798,117.8,592.105040989798,502.64
Soro,20_1H,Glutamate,,819.942541987972,45.5,774.442541987972,1702.07
Soro,20_1H,Proline,,841.187765657753,60.3,780.887765657753,1295.0
Soro,20_1H,Glycine,HMDB00123,1035.15807112989,87.9,947.25807112989,1077.65
Soro,20_1H,Arginine,,1108.5246908635,58.9,1049.6246908634998,1782.05
Soro,20_1H,Glutamine,HMDB00641,1928.20923221238,140.6,1787.60923221238,1271.41
Soro,20_1H,Glycerate,,2064.89644682155,,,
Soro,20_1H,Lactate,HMDB00190,5523.55319448869,719.1,4804.453194488689,668.12
Soro,20_1H,Glucose,HMDB00122,6478.81665190145,1122.6,5356.21665190145,477.13
Soro,2_1H,2-Oxoglutarate,HMDB00208,0.0,3.0,3.0,100.0
Soro,2_1H,Phosphocholine,,0.0,,,
Soro,2_1H,DehydroAscorbate,,0.0,,,
Soro,2_1H,trans-4-Hydroxy-L-Proline,,0.0,,,
Soro,2_1H,Adipate,,0.0,,,
Soro,2_1H,Glutarate,,0.0,,,
Soro,2_1H,Malate,,0.0,,,
Soro,2_1H,Dimethylsulfone,,0.0,,,
Soro,2_1H,Propionate,,0.0,,,
Soro,2_1H,Acetate,HMDB00042,0.0,12.7,12.7,100.0
Soro,2_1H,Pimelate,,0.0,,,
Soro,2_1H,Tartarate,,0.0,,,
Soro,2_1H,Uridine,HMDB00296,0.0,,,
Soro,2_1H,Nicotinurate,,0.0,,,
Soro,2_1H,Levoglucosan,,0.0,,,
Soro,2_1H,Saccarate,,0.0,,,
Soro,2_1H,Methionine,HMDB00696,0.0,8.6,8.6,100.0
Soro,2_1H,2-Hydroxybutyrate,,0.0,11.2,11.2,100.0
Soro,2_1H,Ethanolamine,HMDB00149,0.0,,,
Soro,2_1H,S-Acetamidomethylcysteine,,0.0,,,
Soro,2_1H,Glutathione-oxidized,,0.0,,,
Soro,2_1H,TMAO,,0.0,,,
Soro,2_1H,Creatinine,HMDB00562,0.0,20.4,20.4,100.0
Soro,2_1H,CTP,,0.0,,,
Soro,2_1H,Malonate,HMDB00691,0.0,,,
Soro,2_1H,Glutathione-reduced,,0.0,,,
Soro,2_1H,GDP,,0.0,,,
Soro,2_1H,Inosine,,0.0,1.3,1.3,100.0
Soro,2_1H,Trigonelline,HMDB00875,0.0,,,
Soro,2_1H,NAD,,0.0,,,
Soro,2_1H,UDPG,,0.0,,,
Soro,2_1H,AMP,,0.0,,,
Soro,2_1H,Maltose,,0.344159356473647,,,
Soro,2_1H,ATP,,0.377989124874369,,,
Soro,2_1H,Acetaminophen,,0.584256422590802,,,
Soro,2_1H,Sebacate,,1.20459469109345,,,
Soro,2_1H,Nicotinate,,2.07661021833891,,,
Soro,2_1H,Glycogen,,2.39813019436251,,,
Soro,2_1H,Carnosine,HMDB00033,2.6847889657719,,,
Soro,2_1H,Hypoxanthine,HMDB00157,2.69799385458819,3.8,1.10200614541181,29.0
Soro,2_1H,Adenosine,,2.93480766410105,,,
Soro,2_1H,Butyrate,HMDB00039,4.12321398406028,,,
Soro,2_1H,Acetone,HMDB01659,4.22722838246893,2.8,1.4272283824689298,50.97
Soro,2_1H,Kynurenate,,4.26475954309551,,,
Soro,2_1H,Dimethylglycine,,4.81463396697876,,,
Soro,2_1H,Trimethylamine,,5.02085458738244,,,
Soro,2_1H,Long-chain_alkane,,5.16480801882131,,,
Soro,2_1H,Oxypurinol,,5.17872439091291,,,
Soro,2_1H,2-Picolinate,,5.37340379509608,,,
Soro,2_1H,Azelaic ate,,5.45384804707214,,,
Soro,2_1H,1-Methylhydantoin,,5.6139647334989,,,
Soro,2_1H,Citraconate,,5.96442798559049,,,
Soro,2_1H,Valerate,,6.35052219843431,,,
Soro,2_1H,O-Acetyl-L-Carnitine,,6.5388416763404,,,
Soro,2_1H,Methylguanidine,,6.68451638715245,,,
Soro,2_1H,2-Deoxyadenosine,,6.78407628423828,,,
Soro,2_1H,Methylamine,,6.9326952557795,,,
Soro,2_1H,Tyrosine,HMDB00158,7.11506164708662,17.6,10.484938352913382,59.57
Soro,2_1H,Adenine,,7.12994706211897,,,
Soro,2_1H,Histidine,HMDB00177,7.1389305574582,27.9,20.7610694425418,74.41
Soro,2_1H,beta-Hydroxyisovalerate,,7.5963094385849,,,
Soro,2_1H,3-Methylxanthine,,8.15333465262865,,,
Soro,2_1H,Syringate,,9.53633514033869,,,
Soro,2_1H,1-Methyl-L-Histidine,,10.0858911458581,,,
Soro,2_1H,Glycolate,HMDB00115,10.1156440099839,,,
Soro,2_1H,Isobutyrate,,10.2331586138831,,,
Soro,2_1H,dAMP,,10.5815393312152,,,
Soro,2_1H,Mandelate,,11.6879911129935,,,
Soro,2_1H,D-Gluconate,,11.9933061772555,,,
Soro,2_1H,Dimethylamine,HMDB00087,13.3210218463981,,,
Soro,2_1H,Glycerophosphocholine,,13.8240081202785,,,
Soro,2_1H,GABA,,14.0540545745909,,,
Soro,2_1H,Allantoin,,14.9123241272784,,,
Soro,2_1H,Fumarate,,15.173315657387,,,
Soro,2_1H,Threitol,,15.6137699839602,,,
Soro,2_1H,2-Methylglutarate,,16.106945907388,,,
Soro,2_1H,4-AminoHippurate,,16.9256781912394,,,
Soro,2_1H,Sarcosine,,17.0720462868887,,,
Soro,2_1H,Phenylglyoxylate,,18.0626437089473,,,
Soro,2_1H,Quinolinate,,18.901752616011,,,
Soro,2_1H,Vanillate,,20.1622697248032,,,
Soro,2_1H,Acetoacetate,HMDB00060,21.6830598206625,4.4,17.2830598206625,392.8
Soro,2_1H,4-EthylPhenol,,23.309070246958,,,
Soro,2_1H,Uracil,HMDB00300,24.7833791703695,,,
Soro,2_1H,2-Oxoisovalerate,,24.8229520702581,,,
Soro,2_1H,Hippurate,HMDB00714,26.5030923676374,,,
Soro,2_1H,Levulinate,,27.5024519676201,,,
Soro,2_1H,Formate,HMDB00142,27.6766766353617,6.8,20.8766766353617,307.01
Soro,2_1H,Indoxylsulfate,,28.9925076620802,,,
Soro,2_1H,"1,3-Diaminopropane",,29.1598107557427,,,
Soro,2_1H,Creatine,HMDB00064,31.9525820351608,7.2,24.7525820351608,343.79
Soro,2_1H,Asparagine,HMDB00168,33.8529443471131,15.0,18.8529443471131,125.69
Soro,2_1H,Pyrocatechol,,35.2129312565398,,,
Soro,2_1H,Beta-Alanine,,35.267568658535,,,
Soro,2_1H,3-PhenylPropionate,,38.0637317662394,,,
Soro,2_1H,Cytosine,,40.019348629779,,,
Soro,2_1H,Urocanate,HMDB00301,40.3784266838606,,,
Soro,2_1H,Isovalerate,,43.4426434351688,,,
Soro,2_1H,Tryptophan,HMDB00929,43.904876099993,,,
Soro,2_1H,Benzoate,,44.5988092751409,10.9,33.6988092751409,309.16
Soro,2_1H,N-(2-Furoyl)Glycine,,44.8508486402821,,,
Soro,2_1H,Fucose,HMDB00174,45.1084104021782,,,
Soro,2_1H,Pantothenate,HMDB00210,45.2887759462692,,,
Soro,2_1H,Betaine,HMDB00043,47.1912761182274,10.1,37.0912761182274,367.24
Soro,2_1H,N-Acetyl-L-Aspartate,,49.5834478249736,,,
Soro,2_1H,Phenethylamine,,50.1061903913143,,,
Soro,2_1H,Fructose,HMDB00660,50.2236269181618,,,
Soro,2_1H,Anserine,,50.5130132854341,,,
Soro,2_1H,alpha-Hydroxyisobutyrate,,51.8972066203455,,,
Soro,2_1H,Saturated_fattty_acids,,57.5845017754211,,,
Soro,2_1H,2-Deoxycytidine,,62.2391491680323,,,
Soro,2_1H,Succinate,HMDB00254,64.2946458908923,3.8,60.4946458908923,1591.96
Soro,2_1H,2-HydroxyphenylAcetate,,67.3943873555614,,,
Soro,2_1H,trans-Ferulate,,68.0493618653666,,,
Soro,2_1H,Isocitrate,,68.7683197079991,,,
Soro,2_1H,3-HydroxyphenylAcetate,,71.2139754978897,,,
Soro,2_1H,Ethylmalonate,,71.3239881021795,,,
Soro,2_1H,Glutaconate,,73.1177723193992,,,
Soro,2_1H,7-Methylxanthine,,73.1997876656155,,,
Soro,2_1H,3-Methyl-L-Histidine,,77.4107161768969,,,
Soro,2_1H,Threonate,,79.0919534480374,,,
Soro,2_1H,2-Oxobutyrate,,82.1509713780228,,,
Soro,2_1H,3-Methyladipate,,87.4307813919029,,,
Soro,2_1H,5-AminoValerate,,90.8104066740056,,,
Soro,2_1H,Phenylalanine,,91.0845440671331,23.7,67.38454406713309,284.32
Soro,2_1H,Pyruvate,HMDB00243,95.8125993619449,16.2,79.6125993619449,491.44
Soro,2_1H,Serine,HMDB00187,96.1643327085275,66.5,29.664332708527496,44.61
Soro,2_1H,Cadaverine,,101.244897508383,,,
Soro,2_1H,Glycine,HMDB00123,102.700370440052,82.9,19.800370440051992,23.88
Soro,2_1H,Alanine,HMDB00161,108.722219304315,115.4,6.677780695685001,5.79
Soro,2_1H,Threonine,HMDB00167,109.632647704286,40.2,69.432647704286,172.72
Soro,2_1H,Ornithine,,110.457185851026,13.1,97.357185851026,743.18
Soro,2_1H,Isoleucine,HMDB00172,111.905817675998,20.4,91.505817675998,448.56
Soro,2_1H,Galactose,,112.082246117082,,,
Soro,2_1H,Homovanillate,,114.468225371939,,,
Soro,2_1H,4-HydroxyphenylAcetate,,119.856559756343,,,
Soro,2_1H,Arabitol,,123.393586184193,,,
Soro,2_1H,Lactose,,125.881785577111,,,
Soro,2_1H,Aspartate,,131.462032144252,16.2,115.26203214425199,711.49
Soro,2_1H,Myo-Inositol,,131.80852540619,,,
Soro,2_1H,Spermidine,,135.273831668033,,,
Soro,2_1H,Putrescine,,149.937697835533,,,
Soro,2_1H,Citrate,HMDB00094,162.411861281146,37.7,124.711861281146,330.8
Soro,2_1H,Mannose,,165.22943229047,12.7,152.52943229047,1201.02
Soro,2_1H,Valine,HMDB00883,166.230275670977,63.7,102.53027567097699,160.96
Soro,2_1H,N-Acetylglycine,,170.388417666219,,,
Soro,2_1H,Glucose-6-Phosphate,,172.999052030574,,,
Soro,2_1H,Hypotaurine,,178.42387081579,,,
Soro,2_1H,Guanidinoacetate,,195.398988961761,,,
Soro,2_1H,CholineChloride,,205.162577972562,,,
Soro,2_1H,D-Glucuronate,,212.477858859229,,,
Soro,2_1H,Trans-Acotinate,,213.41564450035,,,
Soro,2_1H,Pyroglutamate,HMDB00267,234.712129066333,,,
Soro,2_1H,Methylmalonate,,254.366496179616,,,
Soro,2_1H,2-AminoAdipate,,257.515028432054,,,
Soro,2_1H,Ascorbate,,257.864822570262,,,
Soro,2_1H,2-Propanol,,267.913028138164,,,
Soro,2_1H,Carnitine,HMDB00062,271.648562473059,10.3,261.34856247305896,2537.36
Soro,2_1H,Dihydrothymine,,288.206115731354,,,
Soro,2_1H,3-Hydroxybutyrate,HMDB00357,301.032568665079,21.5,279.532568665079,1300.15
Soro,2_1H,PropyleneGlycol,,305.779198077484,,,
Soro,2_1H,Cystine,,306.96031542954,,,
Soro,2_1H,Methanol,,317.634865145088,29.2,288.434865145088,987.79
Soro,2_1H,Lysine,HMDB00182,340.961275553769,43.0,297.961275553769,692.93
Soro,2_1H,Leucine,HMDB00687,341.606311253449,39.7,301.906311253449,760.47
Soro,2_1H,Arginine,,359.674051923009,55.9,303.77405192300904,543.42
Soro,2_1H,Glycerol,,363.192248057862,70.9,292.292248057862,412.26
Soro,2_1H,Citrulline,,381.136970775157,,,
Soro,2_1H,Xylitol,HMDB02917,389.00806451391,,,
Soro,2_1H,Galactitol,,417.235464786113,,,
Soro,2_1H,2-Aminobutyrate,,511.618986280185,7.7,503.91898628018504,6544.4
Soro,2_1H,Taurine,HMDB00251,522.736997992219,60.3,462.436997992219,766.89
Soro,2_1H,Glycerate,,706.214028619876,,,
Soro,2_1H,Sorbitol,,772.562866525619,,,
Soro,2_1H,Glutamine,HMDB00641,825.810203870696,160.4,665.410203870696,414.84
Soro,2_1H,Lactate,HMDB00190,963.047325396193,602.6,360.4473253961929,59.82
Soro,2_1H,Glutamate,,1043.12941394306,102.9,940.22941394306,913.73
Soro,2_1H,Proline,,1443.8172389041,54.5,1389.3172389041,2549.21
Soro,2_1H,Glucose,HMDB00122,3988.62722283712,1268.9,2719.72722283712,214.34
Soro,4_1H,Mannose,,0.0,17.3,17.3,100.0
Soro,4_1H,Phosphocholine,,0.0,,,
Soro,4_1H,trans-4-Hydroxy-L-Proline,,0.0,,,
Soro,4_1H,Galactose,,0.0,,,
Soro,4_1H,Uracil,HMDB00300,0.0,,,
Soro,4_1H,Hippurate,HMDB00714,0.0,,,
Soro,4_1H,4-AminoHippurate,,0.0,,,
Soro,4_1H,Anserine,,0.0,,,
Soro,4_1H,Dimethylsulfone,,0.0,,,
Soro,4_1H,Azelaic ate,,0.0,,,
Soro,4_1H,Carnosine,HMDB00033,0.0,,,
Soro,4_1H,Oxypurinol,,0.0,,,
Soro,4_1H,Acetate,HMDB00042,0.0,11.1,11.1,100.0
Soro,4_1H,Kynurenate,,0.0,,,
Soro,4_1H,Pimelate,,0.0,,,
Soro,4_1H,dAMP,,0.0,,,
Soro,4_1H,Tartarate,,0.0,,,
Soro,4_1H,Tyrosine,HMDB00158,0.0,20.3,20.3,100.0
Soro,4_1H,ATP,,0.0,,,
Soro,4_1H,Uridine,HMDB00296,0.0,,,
Soro,4_1H,2-Picolinate,,0.0,,,
Soro,4_1H,D-Gluconate,,0.0,,,
Soro,4_1H,Levoglucosan,,0.0,,,
Soro,4_1H,Glucose-6-Phosphate,,0.0,,,
Soro,4_1H,Serine,HMDB00187,0.0,42.7,42.7,100.0
Soro,4_1H,Saccarate,,0.0,,,
Soro,4_1H,Methionine,HMDB00696,0.0,13.2,13.2,100.0
Soro,4_1H,Lactose,,0.0,,,
Soro,4_1H,2-Hydroxybutyrate,,0.0,12.0,12.0,100.0
Soro,4_1H,Ethanolamine,HMDB00149,0.0,,,
Soro,4_1H,S-Acetamidomethylcysteine,,0.0,,,
Soro,4_1H,Butyrate,HMDB00039,0.0,,,
Soro,4_1H,TMAO,,0.0,,,
Soro,4_1H,Creatinine,HMDB00562,0.0,19.8,19.8,100.0
Soro,4_1H,CTP,,0.0,,,
Soro,4_1H,Threonate,,0.0,,,
Soro,4_1H,N-(2-Furoyl)Glycine,,0.0,,,
Soro,4_1H,Asparagine,HMDB00168,0.0,19.9,19.9,100.0
Soro,4_1H,Allantoin,,0.0,,,
Soro,4_1H,Histidine,HMDB00177,0.0,23.6,23.6,100.0
Soro,4_1H,Adenosine,,0.0,,,
Soro,4_1H,Trigonelline,HMDB00875,0.0,,,
Soro,4_1H,NAD,,0.0,,,
Soro,4_1H,UDPG,,0.0,,,
Soro,4_1H,AMP,,0.0,,,
Soro,4_1H,Isobutyrate,,0.0978701565802391,,,
Soro,4_1H,Hypoxanthine,HMDB00157,0.228617966663364,3.1,2.871382033336636,92.63
Soro,4_1H,Urocanate,HMDB00301,0.297691738027638,,,
Soro,4_1H,Fumarate,,0.404400486065769,,,
Soro,4_1H,Cytosine,,0.437838539000855,,,
Soro,4_1H,Adenine,,0.452947061320414,,,
Soro,4_1H,2-HydroxyphenylAcetate,,0.536551249083417,,,
Soro,4_1H,2-Deoxycytidine,,0.692269790699261,,,
Soro,4_1H,Nicotinurate,,0.787546565459362,,,
Soro,4_1H,Phenylglyoxylate,,0.875676570856861,,,
Soro,4_1H,Mandelate,,1.29134062242772,,,
Soro,4_1H,Inosine,,1.62217388157429,1.9,0.2778261184257098,14.62
Soro,4_1H,Quinolinate,,1.66612726980548,,,
Soro,4_1H,GDP,,1.67401784187264,,,
Soro,4_1H,Nicotinate,,1.67949493477038,,,
Soro,4_1H,Glutaconate,,1.81158512400478,,,
Soro,4_1H,1-Methyl-L-Histidine,,1.86248862714395,,,
Soro,4_1H,Citraconate,,1.9133228685672,,,
Soro,4_1H,Sarcosine,,2.77917391688668,,,
Soro,4_1H,2-Methylglutarate,,2.989734771759,,,
Soro,4_1H,Malate,,3.42917243952556,,,
Soro,4_1H,2-Deoxyadenosine,,4.65932315571091,,,
Soro,4_1H,Trimethylamine,,5.00555317869375,,,
Soro,4_1H,Maltose,,5.0905794674783,,,
Soro,4_1H,Long-chain_alkane,,5.55993934931185,,,
Soro,4_1H,Dimethylglycine,,5.66142177822034,,,
Soro,4_1H,Vanillate,,5.89040390406571,,,
Soro,4_1H,Glutathione-reduced,,6.0373670787591,,,
Soro,4_1H,Benzoate,,6.70701383173709,8.4,1.6929861682629106,20.15
Soro,4_1H,O-Acetyl-L-Carnitine,,6.79040214493733,,,
Soro,4_1H,Glycogen,,6.95084116725477,,,
Soro,4_1H,Tryptophan,HMDB00929,7.07674445377352,,,
Soro,4_1H,3-Methylxanthine,,8.03089369689857,,,
Soro,4_1H,Indoxylsulfate,,8.11835966216353,,,
Soro,4_1H,Acetone,HMDB01659,8.17650743966346,2.6,5.576507439663461,214.48
Soro,4_1H,Acetaminophen,,8.38936190288441,,,
Soro,4_1H,Propionate,,8.80446383400911,,,
Soro,4_1H,Glutathione-oxidized,,8.94309781091248,,,
Soro,4_1H,1-Methylhydantoin,,9.10837305149087,,,
Soro,4_1H,Methylguanidine,,9.24295841443919,,,
Soro,4_1H,beta-Hydroxyisovalerate,,9.41842116293139,,,
Soro,4_1H,2-Oxoglutarate,HMDB00208,10.7019942173129,1.8,8.901994217312899,494.56
Soro,4_1H,"1,3-Diaminopropane",,10.8610431843051,,,
Soro,4_1H,Ascorbate,,11.9651549287613,,,
Soro,4_1H,Syringate,,12.5108933303069,,,
Soro,4_1H,Dimethylamine,HMDB00087,13.9892254848883,,,
Soro,4_1H,Glycolate,HMDB00115,14.2614692674974,,,
Soro,4_1H,Methylamine,,15.3359730206554,,,
Soro,4_1H,Creatine,HMDB00064,17.3213489218979,8.6,8.721348921897901,101.41
Soro,4_1H,trans-Ferulate,,20.6175049279151,,,
Soro,4_1H,Pantothenate,HMDB00210,21.8081361228415,,,
Soro,4_1H,Glycerophosphocholine,,25.3011387055064,,,
Soro,4_1H,Isovalerate,,29.3244866223422,,,
Soro,4_1H,DehydroAscorbate,,29.3928258373908,,,
Soro,4_1H,Acetoacetate,HMDB00060,29.9573073408542,6.5,23.4573073408542,360.88
Soro,4_1H,Pyrocatechol,,31.1506461386709,,,
Soro,4_1H,Fructose,HMDB00660,33.0073007108618,,,
Soro,4_1H,Glutarate,,33.2253468383539,,,
Soro,4_1H,Formate,HMDB00142,33.3975689756628,8.7,24.6975689756628,283.88
Soro,4_1H,Phenethylamine,,34.0043939676414,,,
Soro,4_1H,Betaine,HMDB00043,35.1650651963496,13.7,21.465065196349602,156.68
Soro,4_1H,alpha-Hydroxyisobutyrate,,35.6656178632486,,,
Soro,4_1H,Glycine,HMDB00123,38.5879862442742,73.3,34.7120137557258,47.36
Soro,4_1H,3-PhenylPropionate,,42.582300529569,,,
Soro,4_1H,3-HydroxyphenylAcetate,,42.8035524869529,,,
Soro,4_1H,Malonate,HMDB00691,43.8645083872004,,,
Soro,4_1H,2-Oxoisovalerate,,45.0690808345994,,,
Soro,4_1H,Adipate,,45.5492676949338,,,
Soro,4_1H,Levulinate,,47.5209659303633,,,
Soro,4_1H,Valerate,,47.8335368539165,,,
Soro,4_1H,7-Methylxanthine,,48.5280919690624,,,
Soro,4_1H,2-Oxobutyrate,,49.2846363125066,,,
Soro,4_1H,Phenylalanine,,50.4828224266488,23.9,26.582822426648804,111.23
Soro,4_1H,Saturated_fattty_acids,,52.1017244144528,,,
Soro,4_1H,4-EthylPhenol,,54.9581169771819,,,
Soro,4_1H,Sebacate,,56.7036704793847,,,
Soro,4_1H,3-Methyl-L-Histidine,,60.6267308966853,,,
Soro,4_1H,Beta-Alanine,,64.0451802928609,,,
Soro,4_1H,Succinate,HMDB00254,66.8704169966809,4.1,62.7704169966809,1530.99
Soro,4_1H,Ethylmalonate,,71.4790468015194,,,
Soro,4_1H,3-Hydroxybutyrate,HMDB00357,72.835135496679,11.9,60.935135496679,512.06
Soro,4_1H,Homovanillate,,76.5334384913812,,,
Soro,4_1H,Myo-Inositol,,77.6599613470831,,,
Soro,4_1H,Fucose,HMDB00174,78.173069380692,,,
Soro,4_1H,Isoleucine,HMDB00172,88.097714769639,23.4,64.69771476963899,276.49
Soro,4_1H,CholineChloride,,89.7214542806193,,,
Soro,4_1H,Ornithine,,90.063664883173,15.1,74.96366488317301,496.45
Soro,4_1H,Arabitol,,91.0035906940801,,,
Soro,4_1H,5-AminoValerate,,92.504523407326,,,
Soro,4_1H,Pyruvate,HMDB00243,98.8082962135546,23.4,75.40829621355459,322.26
Soro,4_1H,Cadaverine,,102.339555070788,,,
Soro,4_1H,Spermidine,,107.54075615961,,,
Soro,4_1H,N-Acetyl-L-Aspartate,,108.882615567509,,,
Soro,4_1H,Trans-Acotinate,,110.282128961207,,,
Soro,4_1H,Putrescine,,118.225968853605,,,
Soro,4_1H,Guanidinoacetate,,119.411223231382,,,
Soro,4_1H,Threitol,,120.01385971097,,,
Soro,4_1H,Citrate,HMDB00094,124.71273902326,32.9,91.81273902326001,279.07
Soro,4_1H,Isocitrate,,124.959383590179,,,
Soro,4_1H,4-HydroxyphenylAcetate,,125.194910028596,,,
Soro,4_1H,Pyroglutamate,HMDB00267,126.571859165315,,,
Soro,4_1H,Alanine,HMDB00161,134.051259665599,146.6,12.548740334401003,8.56
Soro,4_1H,Aspartate,,138.375362618957,20.4,117.975362618957,578.31
Soro,4_1H,Valine,HMDB00883,139.373346746287,77.0,62.37334674628701,81.0
Soro,4_1H,Threonine,HMDB00167,149.090771497811,30.1,118.99077149781101,395.32
Soro,4_1H,GABA,,183.510243834758,,,
Soro,4_1H,N-Acetylglycine,,184.643653140514,,,
Soro,4_1H,Glycerol,,191.617974930618,41.2,150.41797493061802,365.09
Soro,4_1H,Hypotaurine,,198.25281319975,,,
Soro,4_1H,Cystine,,203.741290611981,,,
Soro,4_1H,2-Propanol,,204.556013080304,,,
Soro,4_1H,Citrulline,,206.361132177923,,,
Soro,4_1H,3-Methyladipate,,206.967131093044,,,
Soro,4_1H,D-Glucuronate,,213.870008240765,,,
Soro,4_1H,Carnitine,HMDB00062,236.951684711107,10.8,226.15168471110698,2094.0
Soro,4_1H,Methylmalonate,,245.766985570674,,,
Soro,4_1H,PropyleneGlycol,,251.024794171113,,,
Soro,4_1H,Dihydrothymine,,257.920396009137,,,
Soro,4_1H,Methanol,,270.289514083283,23.9,246.389514083283,1030.92
Soro,4_1H,2-AminoAdipate,,276.782546162463,,,
Soro,4_1H,Taurine,HMDB00251,284.518604361085,67.9,216.618604361085,319.03
Soro,4_1H,Xylitol,HMDB02917,297.607242553416,,,
Soro,4_1H,Arginine,,302.561460126481,50.9,251.661460126481,494.42
Soro,4_1H,Galactitol,,306.775653463858,,,
Soro,4_1H,Leucine,HMDB00687,317.960603661962,43.2,274.760603661962,636.02
Soro,4_1H,Lysine,HMDB00182,377.087297760392,54.0,323.087297760392,598.31
Soro,4_1H,Glycerate,,453.81377270723,,,
Soro,4_1H,Sorbitol,,462.779543830439,,,
Soro,4_1H,2-Aminobutyrate,,479.846326217927,6.1,473.746326217927,7766.33
Soro,4_1H,Lactate,HMDB00190,794.628582076812,685.9,108.72858207681202,15.85
Soro,4_1H,Glutamine,HMDB00641,1087.34279845403,193.0,894.3427984540299,463.39
Soro,4_1H,Glutamate,,1109.65595018385,120.1,989.5559501838501,823.94
Soro,4_1H,Proline,,1289.95924123441,40.8,1249.15924123441,3061.66
Soro,4_1H,Glucose,HMDB00122,3074.83595492353,1139.8,1935.0359549235302,169.77
Soro,5_1H,Ascorbate,,0.0,,,
Soro,5_1H,DehydroAscorbate,,0.0,,,
Soro,5_1H,trans-4-Hydroxy-L-Proline,,0.0,,,
Soro,5_1H,"1,3-Diaminopropane",,0.0,,,
Soro,5_1H,Galactose,,0.0,,,
Soro,5_1H,4-AminoHippurate,,0.0,,,
Soro,5_1H,Glutarate,,0.0,,,
Soro,5_1H,Dimethylsulfone,,0.0,,,
Soro,5_1H,Methylguanidine,,0.0,,,
Soro,5_1H,1-Methylhydantoin,,0.0,,,
Soro,5_1H,Fructose,HMDB00660,0.0,,,
Soro,5_1H,beta-Hydroxyisovalerate,,0.0,,,
Soro,5_1H,Acetate,HMDB00042,0.0,9.4,9.4,100.0
Soro,5_1H,Kynurenate,,0.0,,,
Soro,5_1H,Isobutyrate,,0.0,,,
Soro,5_1H,Pimelate,,0.0,,,
Soro,5_1H,Tartarate,,0.0,,,
Soro,5_1H,ATP,,0.0,,,
Soro,5_1H,Uridine,HMDB00296,0.0,,,
Soro,5_1H,2-Picolinate,,0.0,,,
Soro,5_1H,Nicotinurate,,0.0,,,
Soro,5_1H,Levoglucosan,,0.0,,,
Soro,5_1H,Serine,HMDB00187,0.0,39.6,39.6,100.0
Soro,5_1H,Saccarate,,0.0,,,
Soro,5_1H,Methionine,HMDB00696,0.0,5.3,5.3,100.0
Soro,5_1H,2-Hydroxybutyrate,,0.0,15.8,15.8,100.0
Soro,5_1H,Ethanolamine,HMDB00149,0.0,,,
Soro,5_1H,Butyrate,HMDB00039,0.0,,,
Soro,5_1H,TMAO,,0.0,,,
Soro,5_1H,Creatinine,HMDB00562,0.0,17.8,17.8,100.0
Soro,5_1H,CTP,,0.0,,,
Soro,5_1H,Threonate,,0.0,,,
Soro,5_1H,Asparagine,HMDB00168,0.0,8.2,8.2,100.0
Soro,5_1H,Levulinate,,0.0,,,
Soro,5_1H,Allantoin,,0.0,,,
Soro,5_1H,Glycolate,HMDB00115,0.0,,,
Soro,5_1H,Histidine,HMDB00177,0.0,25.0,25.0,100.0
Soro,5_1H,Adenosine,,0.0,,,
Soro,5_1H,Glutathione-reduced,,0.0,,,
Soro,5_1H,GDP,,0.0,,,
Soro,5_1H,AMP,,0.0,,,
Soro,5_1H,Hippurate,HMDB00714,0.0075926084037296,,,
Soro,5_1H,UDPG,,0.347378685307956,,,
Soro,5_1H,NAD,,0.570991477907098,,,
Soro,5_1H,Trigonelline,HMDB00875,0.598338923571817,,,
Soro,5_1H,Nicotinate,,0.860759613799439,,,
Soro,5_1H,Glutathione-oxidized,,1.32273140695902,,,
Soro,5_1H,N-Acetyl-L-Aspartate,,1.9283959797182,,,
Soro,5_1H,Quinolinate,,1.93340642237608,,,
Soro,5_1H,3-PhenylPropionate,,2.04638973753417,,,
Soro,5_1H,Inosine,,2.16389009234072,3.4,1.23610990765928,36.36
Soro,5_1H,Hypoxanthine,HMDB00157,2.18308446808873,2.8,0.6169155319112698,22.03
Soro,5_1H,1-Methyl-L-Histidine,,3.05476232010793,,,
Soro,5_1H,Dimethylglycine,,3.74954138233903,,,
Soro,5_1H,Citraconate,,3.8377322318641,,,
Soro,5_1H,Tyrosine,HMDB00158,4.02264282203874,13.1,9.077357177961261,69.29
Soro,5_1H,Fumarate,,4.60771390997032,,,
Soro,5_1H,Phenylglyoxylate,,4.65935856087642,,,
Soro,5_1H,2-Deoxyadenosine,,5.07875879384507,,,
Soro,5_1H,Long-chain_alkane,,5.71885595761876,,,
Soro,5_1H,Glycerophosphocholine,,7.3355375692291,,,
Soro,5_1H,dAMP,,7.70140981908436,,,
Soro,5_1H,Trimethylamine,,7.72521207542318,,,
Soro,5_1H,Propionate,,8.15287332072817,,,
Soro,5_1H,Adenine,,9.39867788713304,,,
Soro,5_1H,Acetaminophen,,9.78589456352337,,,
Soro,5_1H,Isocitrate,,11.2649328012209,,,
Soro,5_1H,2-Deoxycytidine,,11.5081084420309,,,
Soro,5_1H,S-Acetamidomethylcysteine,,11.6987424546183,,,
Soro,5_1H,Malate,,13.3134913113222,,,
Soro,5_1H,N-(2-Furoyl)Glycine,,14.8674834237234,,,
Soro,5_1H,Pyroglutamate,HMDB00267,18.5666894054111,,,
Soro,5_1H,Carnosine,HMDB00033,18.7103967534712,,,
Soro,5_1H,Saturated_fattty_acids,,18.9979035784042,,,
Soro,5_1H,Uracil,HMDB00300,19.1221663253153,,,
Soro,5_1H,Mandelate,,19.9615901880252,,,
Soro,5_1H,Oxypurinol,,20.510132470226,,,
Soro,5_1H,Tryptophan,HMDB00929,20.8379822879128,,,
Soro,5_1H,Cytosine,,20.8671049292833,,,
Soro,5_1H,2-Methylglutarate,,24.9645602555499,,,
Soro,5_1H,Methylamine,,29.6876449569913,,,
Soro,5_1H,Acetone,HMDB01659,32.0616877447632,5.5,26.561687744763198,482.94
Soro,5_1H,Malonate,HMDB00691,32.3688544800635,,,
Soro,5_1H,Anserine,,33.4310009280171,,,
Soro,5_1H,Dimethylamine,HMDB00087,34.0991001616292,,,
Soro,5_1H,2-HydroxyphenylAcetate,,39.1438637475317,,,
Soro,5_1H,Azelaic ate,,40.3795531022306,,,
Soro,5_1H,Urocanate,HMDB00301,40.845400349276,,,
Soro,5_1H,Creatine,HMDB00064,46.0127180009852,3.8,42.212718000985205,1110.86
Soro,5_1H,Vanillate,,49.2866038236192,,,
Soro,5_1H,Indoxylsulfate,,52.3182387859585,,,
Soro,5_1H,Maltose,,56.4178844786939,,,
Soro,5_1H,Syringate,,58.6726721204045,,,
Soro,5_1H,O-Acetyl-L-Carnitine,,61.2256990704257,,,
Soro,5_1H,Benzoate,,63.5033187235022,7.9,55.6033187235022,703.84
Soro,5_1H,Pyrocatechol,,67.7431609156558,,,
Soro,5_1H,Sarcosine,,68.6013057716526,,,
Soro,5_1H,Sebacate,,70.53631461797,,,
Soro,5_1H,Fucose,HMDB00174,72.9276328797815,,,
Soro,5_1H,2-Oxoisovalerate,,73.4419726419822,,,
Soro,5_1H,3-Methylxanthine,,75.4008614412822,,,
Soro,5_1H,trans-Ferulate,,85.3206566590627,,,
Soro,5_1H,Formate,HMDB00142,93.9561369150373,4.8,89.15613691503731,1857.42
Soro,5_1H,3-HydroxyphenylAcetate,,101.187644267364,,,
Soro,5_1H,Adipate,,101.649635033952,,,
Soro,5_1H,4-EthylPhenol,,103.053968501102,,,
Soro,5_1H,Beta-Alanine,,105.168099414844,,,
Soro,5_1H,Isovalerate,,105.370466620385,,,
Soro,5_1H,Phenethylamine,,105.765062487381,,,
Soro,5_1H,7-Methylxanthine,,113.531683838691,,,
Soro,5_1H,Acetoacetate,HMDB00060,114.674899243049,5.0,109.674899243049,2193.5
Soro,5_1H,Glutaconate,,125.764552763577,,,
Soro,5_1H,Homovanillate,,126.902563142408,,,
Soro,5_1H,2-Oxoglutarate,HMDB00208,134.265893015856,1.7,132.565893015856,7797.99
Soro,5_1H,Betaine,HMDB00043,143.095865911131,20.1,122.995865911131,611.92
Soro,5_1H,Trans-Acotinate,,149.504470171922,,,
Soro,5_1H,Valerate,,152.769988566565,,,
Soro,5_1H,Phosphocholine,,153.10465795592,,,
Soro,5_1H,alpha-Hydroxyisobutyrate,,161.036076201587,,,
Soro,5_1H,D-Gluconate,,169.228393553127,,,
Soro,5_1H,2-Oxobutyrate,,182.709592603946,,,
Soro,5_1H,Lactose,,185.482033132833,,,
Soro,5_1H,5-AminoValerate,,194.319638087006,,,
Soro,5_1H,Glucose-6-Phosphate,,196.178733498933,,,
Soro,5_1H,3-Methyl-L-Histidine,,209.827692306004,,,
Soro,5_1H,Pantothenate,HMDB00210,218.595328676772,,,
Soro,5_1H,GABA,,231.305655071721,,,
Soro,5_1H,Phenylalanine,,240.388787075734,19.4,220.988787075734,1139.12
Soro,5_1H,Ornithine,,243.24581955316,6.7,236.54581955316002,3530.53
Soro,5_1H,Myo-Inositol,,244.9405613919,,,
Soro,5_1H,Glycogen,,248.348079490287,,,
Soro,5_1H,Aspartate,,251.528191947724,10.3,241.22819194772399,2342.02
Soro,5_1H,Succinate,HMDB00254,268.533571702517,1.4,267.13357170251703,19080.97
Soro,5_1H,Cadaverine,,273.335733172571,,,
Soro,5_1H,3-Methyladipate,,290.943689092596,,,
Soro,5_1H,Isoleucine,HMDB00172,295.415887165109,17.5,277.915887165109,1588.09
Soro,5_1H,Arabitol,,306.763670029812,,,
Soro,5_1H,Alanine,HMDB00161,322.902977833492,101.6,221.302977833492,217.82
Soro,5_1H,4-HydroxyphenylAcetate,,323.924719743285,,,
Soro,5_1H,D-Glucuronate,,344.026086003763,,,
Soro,5_1H,CholineChloride,,344.234360358956,,,
Soro,5_1H,Glycine,HMDB00123,394.257715938437,55.6,338.657715938437,609.1
Soro,5_1H,Pyruvate,HMDB00243,412.261025528231,16.9,395.36102552823104,2339.41
Soro,5_1H,Lysine,HMDB00182,414.18639041036,37.9,376.28639041036,992.84
Soro,5_1H,Ethylmalonate,,418.863606237321,,,
Soro,5_1H,Spermidine,,420.86743831461,,,
Soro,5_1H,2-Propanol,,448.913491371277,,,
Soro,5_1H,3-Hydroxybutyrate,HMDB00357,517.16552969605,39.3,477.86552969605003,1215.94
Soro,5_1H,Hypotaurine,,531.336087383751,,,
Soro,5_1H,Cystine,,545.45079328639,,,
Soro,5_1H,Threonine,HMDB00167,547.406345810997,33.0,514.406345810997,1558.81
Soro,5_1H,Guanidinoacetate,,550.065004640883,,,
Soro,5_1H,Putrescine,,589.635547570947,,,
Soro,5_1H,Valine,HMDB00883,607.975404247451,60.9,547.075404247451,898.32
Soro,5_1H,Threitol,,615.774151783517,,,
Soro,5_1H,Carnitine,HMDB00062,778.541866229155,10.0,768.541866229155,7685.42
Soro,5_1H,Methylmalonate,,788.744198840817,,,
Soro,5_1H,PropyleneGlycol,,913.888106072271,,,
Soro,5_1H,Glycerate,,922.040709346765,,,
Soro,5_1H,Mannose,,945.041917945723,19.1,925.9419179457229,4847.86
Soro,5_1H,Citrate,HMDB00094,956.853278711355,47.6,909.2532787113549,1910.2
Soro,5_1H,Leucine,HMDB00687,960.871971335828,33.4,927.471971335828,2776.86
Soro,5_1H,N-Acetylglycine,,983.551113039183,,,
Soro,5_1H,2-AminoAdipate,,999.896128964968,,,
Soro,5_1H,Citrulline,,1242.5517566627,,,
Soro,5_1H,Methanol,,1284.68279092095,29.0,1255.68279092095,4329.94
Soro,5_1H,2-Aminobutyrate,,1443.60859002624,5.8,1437.8085900262402,24789.8
Soro,5_1H,Dihydrothymine,,1466.64537721609,,,
Soro,5_1H,Galactitol,,1471.8806287583,,,
Soro,5_1H,Taurine,HMDB00251,1502.02055414952,53.1,1448.92055414952,2728.66
Soro,5_1H,Glycerol,,1519.68516545025,83.5,1436.18516545025,1719.98
Soro,5_1H,Lactate,HMDB00190,1582.86335938753,269.1,1313.7633593875298,488.21
Soro,5_1H,Xylitol,HMDB02917,1648.25337968819,,,
Soro,5_1H,Arginine,,1743.2146063766,55.6,1687.6146063766,3035.28
Soro,5_1H,Sorbitol,,2397.37470841561,,,
Soro,5_1H,Glutamine,HMDB00641,2992.72654812565,146.9,2845.82654812565,1937.25
Soro,5_1H,Glutamate,,3662.33211047187,90.4,3571.9321104718697,3951.25
Soro,5_1H,Proline,,5036.82501668508,40.5,4996.32501668508,12336.6
Soro,5_1H,Glucose,HMDB00122,17432.9487855537,1410.4,16022.548785553701,1136.03
Soro,6_1H,Arabitol,,0.0,,,
Soro,6_1H,Spermidine,,0.0,,,
Soro,6_1H,Sebacate,,0.0,,,
Soro,6_1H,Glutarate,,0.0,,,
Soro,6_1H,Azelaic ate,,0.0,,,
Soro,6_1H,Methylguanidine,,0.0,,,
Soro,6_1H,Propionate,,0.0,,,
Soro,6_1H,Oxypurinol,,0.0,,,
Soro,6_1H,Isobutyrate,,0.0,,,
Soro,6_1H,Pimelate,,0.0,,,
Soro,6_1H,Tartarate,,0.0,,,
Soro,6_1H,Adenine,,0.0,,,
Soro,6_1H,ATP,,0.0,,,
Soro,6_1H,Nicotinurate,,0.0,,,
Soro,6_1H,Fumarate,,0.0,,,
Soro,6_1H,D-Gluconate,,0.0,,,
Soro,6_1H,Levoglucosan,,0.0,,,
Soro,6_1H,Serine,HMDB00187,0.0,64.2,64.2,100.0
Soro,6_1H,Saccarate,,0.0,,,
Soro,6_1H,Methionine,HMDB00696,0.0,9.7,9.7,100.0
Soro,6_1H,Ethanolamine,HMDB00149,0.0,,,
Soro,6_1H,S-Acetamidomethylcysteine,,0.0,,,
Soro,6_1H,Glutathione-oxidized,,0.0,,,
Soro,6_1H,Creatinine,HMDB00562,0.0,19.0,19.0,100.0
Soro,6_1H,Urocanate,HMDB00301,0.0,,,
Soro,6_1H,Threonate,,0.0,,,
Soro,6_1H,Asparagine,HMDB00168,0.0,16.1,16.1,100.0
Soro,6_1H,Histidine,HMDB00177,0.0,30.3,30.3,100.0
Soro,6_1H,Adenosine,,0.0,,,
Soro,6_1H,Glutathione-reduced,,0.0,,,
Soro,6_1H,GDP,,0.0,,,
Soro,6_1H,Inosine,,0.0,0.0,0.0,
Soro,6_1H,UDPG,,0.0,,,
Soro,6_1H,2-Picolinate,,0.0270494644233016,,,
Soro,6_1H,NAD,,0.0367187003929695,,,
Soro,6_1H,CTP,,0.0906299823927846,,,
Soro,6_1H,Nicotinate,,0.470649521488463,,,
Soro,6_1H,Hypoxanthine,HMDB00157,0.673959174126589,2.0,1.3260408258734109,66.3
Soro,6_1H,2-Deoxyadenosine,,0.762848286254196,,,
Soro,6_1H,Quinolinate,,0.848445189095732,,,
Soro,6_1H,Trigonelline,HMDB00875,1.18611780294623,,,
Soro,6_1H,AMP,,1.32707897212267,,,
Soro,6_1H,2-Deoxycytidine,,2.56073169652586,,,
Soro,6_1H,Glycerophosphocholine,,2.74645838832087,,,
Soro,6_1H,trans-4-Hydroxy-L-Proline,,2.93676574910676,,,
Soro,6_1H,Butyrate,HMDB00039,5.06252569814863,,,
Soro,6_1H,3-Methylxanthine,,7.32201946539638,,,
Soro,6_1H,Uridine,HMDB00296,7.36684918416474,,,
Soro,6_1H,Fructose,HMDB00660,8.25762369802913,,,
Soro,6_1H,dAMP,,8.59213430229884,,,
Soro,6_1H,Malate,,8.88424099507632,,,
Soro,6_1H,N-Acetyl-L-Aspartate,,9.84089029744993,,,
Soro,6_1H,Trimethylamine,,10.1879533403667,,,
Soro,6_1H,Acetaminophen,,11.2936577353946,,,
Soro,6_1H,1-Methylhydantoin,,11.8886459039259,,,
Soro,6_1H,Glutaconate,,12.1875630351724,,,
Soro,6_1H,1-Methyl-L-Histidine,,12.8724962514692,,,
Soro,6_1H,Kynurenate,,13.5766522168568,,,
Soro,6_1H,Cytosine,,13.6510732056146,,,
Soro,6_1H,Citraconate,,14.0011620001706,,,
Soro,6_1H,Methylamine,,15.4517402409989,,,
Soro,6_1H,Dimethylglycine,,17.2860670968103,,,
Soro,6_1H,Maltose,,17.3589780612099,,,
Soro,6_1H,O-Acetyl-L-Carnitine,,20.2166703167977,,,
Soro,6_1H,Tyrosine,HMDB00158,21.923921682276,19.7,2.223921682276,11.29
Soro,6_1H,TMAO,,23.6922039498327,,,
Soro,6_1H,Phenylglyoxylate,,24.1001340110785,,,
Soro,6_1H,2-Methylglutarate,,24.7899283175577,,,
Soro,6_1H,Dimethylsulfone,,24.9452791905903,,,
Soro,6_1H,Adipate,,25.9466361742421,,,
Soro,6_1H,Acetate,HMDB00042,26.0570572237908,18.9,7.157057223790801,37.87
Soro,6_1H,N-(2-Furoyl)Glycine,,26.3069375506324,,,
Soro,6_1H,Mandelate,,27.7818750321144,,,
Soro,6_1H,Acetone,HMDB01659,30.473083972276,4.4,26.073083972276002,592.57
Soro,6_1H,Malonate,HMDB00691,31.9030267391833,,,
Soro,6_1H,Uracil,HMDB00300,33.6175069410479,,,
Soro,6_1H,Allantoin,,34.0029501049817,,,
Soro,6_1H,Dimethylamine,HMDB00087,34.8679471860134,,,
Soro,6_1H,Glucose-6-Phosphate,,38.6688017134472,,,
Soro,6_1H,Carnosine,HMDB00033,41.1622936267376,,,
Soro,6_1H,Long-chain_alkane,,43.4727106813303,,,
Soro,6_1H,Sarcosine,,45.4720292983363,,,
Soro,6_1H,Creatine,HMDB00064,47.1564076901927,16.2,30.9564076901927,191.09
Soro,6_1H,Hippurate,HMDB00714,47.3866125952484,,,
Soro,6_1H,trans-Ferulate,,47.5289939538348,,,
Soro,6_1H,Betaine,HMDB00043,54.0420729761339,7.2,46.8420729761339,650.58
Soro,6_1H,Galactose,,57.6339404842055,,,
Soro,6_1H,4-AminoHippurate,,58.800625542468,,,
Soro,6_1H,Phosphocholine,,59.6532747175016,,,
Soro,6_1H,Vanillate,,61.3918805364279,,,
Soro,6_1H,Levulinate,,61.4807287112273,,,
Soro,6_1H,beta-Hydroxyisovalerate,,69.2374522430193,,,
Soro,6_1H,Formate,HMDB00142,72.2535443677398,9.7,62.5535443677398,644.88
Soro,6_1H,Pyrocatechol,,72.8300206721431,,,
Soro,6_1H,2-Hydroxybutyrate,,75.8014483441504,20.6,55.2014483441504,267.97
Soro,6_1H,Glycolate,HMDB00115,78.0340461078439,,,
Soro,6_1H,Acetoacetate,HMDB00060,83.6083579643582,6.0,77.6083579643582,1293.47
Soro,6_1H,3-PhenylPropionate,,84.0179264154707,,,
Soro,6_1H,Beta-Alanine,,84.6748954228388,,,
Soro,6_1H,Valerate,,90.2497461663803,,,
Soro,6_1H,Anserine,,90.6910365355465,,,
Soro,6_1H,Phenethylamine,,95.9215020980868,,,
Soro,6_1H,Benzoate,,97.7284319013504,8.9,88.8284319013504,998.07
Soro,6_1H,alpha-Hydroxyisobutyrate,,105.199810080592,,,
Soro,6_1H,Indoxylsulfate,,105.225054788769,,,
Soro,6_1H,4-EthylPhenol,,106.64516654357,,,
Soro,6_1H,"1,3-Diaminopropane",,109.691932062609,,,
Soro,6_1H,Syringate,,116.802399773958,,,
Soro,6_1H,Myo-Inositol,,123.494152468902,,,
Soro,6_1H,DehydroAscorbate,,128.442448230514,,,
Soro,6_1H,Tryptophan,HMDB00929,132.731903123035,,,
Soro,6_1H,Lactose,,136.58252406299,,,
Soro,6_1H,Isovalerate,,136.955496852757,,,
Soro,6_1H,2-Oxobutyrate,,139.886322533807,,,
Soro,6_1H,Ascorbate,,149.631963070989,,,
Soro,6_1H,2-Propanol,,169.21131378177,,,
Soro,6_1H,Aspartate,,170.037546529587,17.3,152.73754652958698,882.88
Soro,6_1H,Threitol,,172.412964324581,,,
Soro,6_1H,Trans-Acotinate,,173.827607109613,,,
Soro,6_1H,Succinate,HMDB00254,175.191149161399,4.8,170.391149161399,3549.82
Soro,6_1H,3-HydroxyphenylAcetate,,178.614076792231,,,
Soro,6_1H,Saturated_fattty_acids,,179.668124024885,,,
Soro,6_1H,Glycogen,,184.692119847702,,,
Soro,6_1H,7-Methylxanthine,,196.632121432689,,,
Soro,6_1H,2-Oxoglutarate,HMDB00208,197.596390320999,2.9,194.696390320999,6713.67
Soro,6_1H,Pantothenate,HMDB00210,201.764502894631,,,
Soro,6_1H,3-Methyl-L-Histidine,,207.800542995954,,,
Soro,6_1H,5-AminoValerate,,208.616183115434,,,
Soro,6_1H,Phenylalanine,,216.973750640168,27.5,189.473750640168,689.0
Soro,6_1H,Alanine,HMDB00161,223.406461144502,127.9,95.506461144502,74.67
Soro,6_1H,2-HydroxyphenylAcetate,,224.327382161488,,,
Soro,6_1H,Cadaverine,,227.030130629313,,,
Soro,6_1H,Arginine,,235.464782337157,35.5,199.964782337157,563.28
Soro,6_1H,Homovanillate,,246.009018311069,,,
Soro,6_1H,GABA,,251.360686559109,,,
Soro,6_1H,Isoleucine,HMDB00172,255.649619813355,21.0,234.649619813355,1117.38
Soro,6_1H,3-Hydroxybutyrate,HMDB00357,255.718561738396,29.6,226.118561738396,763.91
Soro,6_1H,Pyruvate,HMDB00243,257.975633108152,31.8,226.175633108152,711.24
Soro,6_1H,Ethylmalonate,,262.918643796832,,,
Soro,6_1H,Isocitrate,,264.571353155298,,,
Soro,6_1H,4-HydroxyphenylAcetate,,266.29520770602,,,
Soro,6_1H,3-Methyladipate,,278.420207253389,,,
Soro,6_1H,Putrescine,,304.533055596456,,,
Soro,6_1H,Citrate,HMDB00094,315.527285225148,30.0,285.527285225148,951.76
Soro,6_1H,2-Oxoisovalerate,,332.348552828798,,,
Soro,6_1H,Guanidinoacetate,,360.55895927319,,,
Soro,6_1H,Valine,HMDB00883,377.868107533026,76.8,301.06810753302597,392.02
Soro,6_1H,Hypotaurine,,399.063705799139,,,
Soro,6_1H,Pyroglutamate,HMDB00267,400.898027535242,,,
Soro,6_1H,CholineChloride,,437.695774226861,,,
Soro,6_1H,Threonine,HMDB00167,455.189431039578,40.9,414.289431039578,1012.93
Soro,6_1H,Fucose,HMDB00174,467.155599692858,,,
Soro,6_1H,Mannose,,487.400748198474,19.1,468.30074819847397,2451.84
Soro,6_1H,Ornithine,,524.971617307429,18.5,506.471617307429,2737.68
Soro,6_1H,Citrulline,,529.013796649608,,,
Soro,6_1H,PropyleneGlycol,,564.46848274513,,,
Soro,6_1H,Carnitine,HMDB00062,570.413516962467,12.4,558.0135169624671,4500.11
Soro,6_1H,2-AminoAdipate,,575.594835421981,,,
Soro,6_1H,Cystine,,592.028079912708,,,
Soro,6_1H,Taurine,HMDB00251,603.870477392906,53.1,550.770477392906,1037.23
Soro,6_1H,Xylitol,HMDB02917,664.597012125527,,,
Soro,6_1H,Leucine,HMDB00687,691.988200452731,47.8,644.188200452731,1347.67
Soro,6_1H,Glycerol,,699.544073717286,70.9,628.644073717286,886.66
Soro,6_1H,N-Acetylglycine,,704.023923285581,,,
Soro,6_1H,Methanol,,735.625362221217,37.2,698.4253622212169,1877.49
Soro,6_1H,Dihydrothymine,,752.652740990926,,,
Soro,6_1H,D-Glucuronate,,756.798164851639,,,
Soro,6_1H,Lysine,HMDB00182,835.077627490765,55.3,779.7776274907651,1410.09
Soro,6_1H,Methylmalonate,,857.596729433557,,,
Soro,6_1H,2-Aminobutyrate,,963.549382457551,8.3,955.2493824575511,11509.03
Soro,6_1H,Glycerate,,984.031633897595,,,
Soro,6_1H,Galactitol,,997.78327840847,,,
Soro,6_1H,Sorbitol,,1100.7017217201,,,
Soro,6_1H,Glycine,HMDB00123,1445.32424830869,145.5,1299.82424830869,893.35
Soro,6_1H,Glutamine,HMDB00641,2401.94451231698,201.5,2200.44451231698,1092.03
Soro,6_1H,Glutamate,,2434.30381671821,111.5,2322.80381671821,2083.23
Soro,6_1H,Lactate,HMDB00190,2449.74423957203,890.0,1559.74423957203,175.25
Soro,6_1H,Proline,,3306.45554637627,31.8,3274.6555463762697,10297.66
Soro,6_1H,Glucose,HMDB00122,8720.86450472252,1182.6,7538.26450472252,637.43
Urina,01RCF_ex1_p1,3-Methyl-L-Histidine,,0.0,,,
Urina,01RCF_ex1_p1,DehydroAscorbate,,0.0,,,
Urina,01RCF_ex1_p1,Malonate,HMDB00691,0.0,685.2,685.2,100.0
Urina,01RCF_ex1_p1,Adenosine,,0.0,,,
Urina,01RCF_ex1_p1,Glutarate,,0.0,,,
Urina,01RCF_ex1_p1,Citraconate,,0.0,,,
Urina,01RCF_ex1_p1,Ascorbate,,0.0,,,
Urina,01RCF_ex1_p1,Propionate,,0.0,,,
Urina,01RCF_ex1_p1,Long-chain_alkane,,0.0,,,
Urina,01RCF_ex1_p1,AMP,,0.0,,,
Urina,01RCF_ex1_p1,NAD,,0.0,,,
Urina,01RCF_ex1_p1,Mandelate,,0.0,,,
Urina,01RCF_ex1_p1,NADP,,0.0568522196321375,,,
Urina,01RCF_ex1_p1,Nicotinurate,,0.263328575496967,,,
Urina,01RCF_ex1_p1,CDP,,2.33723086837575,,,
Urina,01RCF_ex1_p1,dAMP,,3.66239809043155,,,
Urina,01RCF_ex1_p1,Nicotinate,,3.89525503464296,,,
Urina,01RCF_ex1_p1,Fumarate,,22.380326921978,,,
Urina,01RCF_ex1_p1,Azelaic ate,,37.1319593236383,,,
Urina,01RCF_ex1_p1,GDP,,47.1265781957637,,,
Urina,01RCF_ex1_p1,Acetone,HMDB01659,58.3641687247222,29.7,28.6641687247222,96.51
Urina,01RCF_ex1_p1,2-Picolinate,,62.3009428995943,,,
Urina,01RCF_ex1_p1,IMP,,74.729964012583,,,
Urina,01RCF_ex1_p1,Maltose,,78.7434131620704,,,
Urina,01RCF_ex1_p1,ATP,,118.374554846858,,,
Urina,01RCF_ex1_p1,CTP,,184.032243425324,,,
Urina,01RCF_ex1_p1,UDPG,,233.661161555896,,,
Urina,01RCF_ex1_p1,Acetaminophen,,242.47574867394,,,
Urina,01RCF_ex1_p1,Dimethylglycine,,245.303005803142,,,
Urina,01RCF_ex1_p1,Levulinate,,263.548532119366,,,
Urina,01RCF_ex1_p1,Sebacate,,274.294299329072,,,
Urina,01RCF_ex1_p1,7-Methylxanthine,,279.221477358613,,,
Urina,01RCF_ex1_p1,Kynurenate,,288.78910890939,,,
Urina,01RCF_ex1_p1,2-Deoxyadenosine,,312.983676534088,,,
Urina,01RCF_ex1_p1,Succinate,HMDB00254,316.090371280542,58.4,257.690371280542,441.25
Urina,01RCF_ex1_p1,UMP,,376.323827638565,,,
Urina,01RCF_ex1_p1,Glycerophosphocholine,,379.527338827209,,,
Urina,01RCF_ex1_p1,Adenine,,383.074578132574,,,
Urina,01RCF_ex1_p1,2-HydroxyphenylAcetate,,405.707713298014,,,
Urina,01RCF_ex1_p1,Isoleucine,HMDB00172,420.752434359151,22.4,398.352434359151,1778.36
Urina,01RCF_ex1_p1,1-Methyl-L-Histidine,,425.657294247498,,,
Urina,01RCF_ex1_p1,GMP,,464.520491027673,,,
Urina,01RCF_ex1_p1,2-Oxobutyrate,,488.709354602632,,,
Urina,01RCF_ex1_p1,Pyruvate,HMDB00243,499.124290536785,65.8,433.324290536785,658.55
Urina,01RCF_ex1_p1,2-Oxoisovalerate,,531.627953151227,,,
Urina,01RCF_ex1_p1,Adipate,,539.506925597276,,,
Urina,01RCF_ex1_p1,UDP,,566.871009769082,,,
Urina,01RCF_ex1_p1,CholineChloride,,602.25966780528,,,
Urina,01RCF_ex1_p1,Hypoxanthine,HMDB00157,611.545391672101,119.9,491.645391672101,410.05
Urina,01RCF_ex1_p1,Acetoacetate,HMDB00060,618.45671102571,83.5,534.95671102571,640.67
Urina,01RCF_ex1_p1,Trimethylamine,,627.901200873609,,,
Urina,01RCF_ex1_p1,TMAO,,634.12548770753,,,
Urina,01RCF_ex1_p1,3-HydroxyphenylAcetate,,645.825609721457,,,
Urina,01RCF_ex1_p1,Ethylmalonate,,690.371098674332,,,
Urina,01RCF_ex1_p1,Uridine,HMDB00296,699.323154852169,46.3,653.023154852169,1410.42
Urina,01RCF_ex1_p1,2-Methylglutarate,,703.702182905656,,,
Urina,01RCF_ex1_p1,4-AminoHippurate,,711.14798425445,,,
Urina,01RCF_ex1_p1,N-(2-Furoyl)Glycine,,726.636169216821,,,
Urina,01RCF_ex1_p1,Benzoate,,766.905959324048,,,
Urina,01RCF_ex1_p1,Pantothenate,HMDB00210,783.451519503305,72.2,711.251519503305,985.11
Urina,01RCF_ex1_p1,Trigonelline,HMDB00875,792.35991695209,1538.7,746.3400830479101,48.5
Urina,01RCF_ex1_p1,Isobutyrate,,804.759825562905,,,
Urina,01RCF_ex1_p1,3-Methylxanthine,,808.223973344141,,,
Urina,01RCF_ex1_p1,2-Aminobutyrate,,835.539367064388,,,
Urina,01RCF_ex1_p1,CMP,,867.535092796321,,,
Urina,01RCF_ex1_p1,Isovalerate,,922.214316077438,,,
Urina,01RCF_ex1_p1,Carnosine,HMDB00033,934.955206207668,111.4,823.555206207668,739.28
Urina,01RCF_ex1_p1,Carnitine,HMDB00062,935.262538455737,121.9,813.362538455737,667.24
Urina,01RCF_ex1_p1,Valine,HMDB00883,983.839770835278,73.0,910.839770835278,1247.73
Urina,01RCF_ex1_p1,Methylamine,,1006.98904568648,,,
Urina,01RCF_ex1_p1,Valerate,,1055.91883334881,,,
Urina,01RCF_ex1_p1,Tartarate,,1064.20501425133,,,
Urina,01RCF_ex1_p1,Inosine,,1064.69888056051,,,
Urina,01RCF_ex1_p1,Leucine,HMDB00687,1110.71978174612,91.8,1018.91978174612,1109.93
Urina,01RCF_ex1_p1,alpha-Hydroxyisobutyrate,,1135.84871501521,,,
Urina,01RCF_ex1_p1,PropyleneGlycol,,1142.54582122757,,,
Urina,01RCF_ex1_p1,Acetate,HMDB00042,1179.84966304064,160.9,1018.9496630406401,633.28
Urina,01RCF_ex1_p1,Syringate,,1223.49500090302,,,
Urina,01RCF_ex1_p1,Dimethylsulfone,,1228.44898028654,,,
Urina,01RCF_ex1_p1,Tyrosine,HMDB00158,1281.78185399416,157.3,1124.48185399416,714.86
Urina,01RCF_ex1_p1,GTP,,1285.06552728236,,,
Urina,01RCF_ex1_p1,Vanillate,,1310.14590709887,,,
Urina,01RCF_ex1_p1,4-EthylPhenol,,1320.08549515962,,,
Urina,01RCF_ex1_p1,Glutathione-reduced,,1331.60781854831,,,
Urina,01RCF_ex1_p1,Homovanillate,,1386.23458769578,,,
Urina,01RCF_ex1_p1,Pyrocatechol,,1392.93117759336,,,
Urina,01RCF_ex1_p1,Saturated_fattty_acids,,1435.91344908117,,,
Urina,01RCF_ex1_p1,UTP,,1439.02299763388,,,
Urina,01RCF_ex1_p1,Quinolinate,,1462.07608682436,,,
Urina,01RCF_ex1_p1,S-Acetamidomethylcysteine,,1464.48180198681,,,
Urina,01RCF_ex1_p1,Phosphocholine,,1465.0140941592,,,
Urina,01RCF_ex1_p1,5-AminoValerate,,1548.1178712071,,,
Urina,01RCF_ex1_p1,Sarcosine,,1566.94397404984,,,
Urina,01RCF_ex1_p1,Glutaconate,,1574.98159598531,,,
Urina,01RCF_ex1_p1,2-Deoxyguanosine,,1585.39090882607,,,
Urina,01RCF_ex1_p1,Dihydrothymine,,1608.47998063749,,,
Urina,01RCF_ex1_p1,3-Methyladipate,,1619.1351334979,,,
Urina,01RCF_ex1_p1,Alanine,HMDB00161,1628.27978193476,383.0,1245.27978193476,325.14
Urina,01RCF_ex1_p1,Methionine,HMDB00696,1641.88687334281,79.5,1562.38687334281,1965.27
Urina,01RCF_ex1_p1,Threonine,HMDB00167,1720.01581511536,390.6,1329.4158151153601,340.35
Urina,01RCF_ex1_p1,trans-Ferulate,,1737.60265263987,,,
Urina,01RCF_ex1_p1,Anserine,,1831.89273597692,,,
Urina,01RCF_ex1_p1,Allantoin,,1832.79309525385,,,
Urina,01RCF_ex1_p1,Glycogen,,1872.02145728325,,,
Urina,01RCF_ex1_p1,Fucose,HMDB00174,1893.47316986967,184.2,1709.27316986967,927.94
Urina,01RCF_ex1_p1,Phenylglyoxylate,,1950.27838651778,,,
Urina,01RCF_ex1_p1,O-Acetyl-L-Carnitine,,1953.88016045398,,,
Urina,01RCF_ex1_p1,Methylguanidine,,1966.22158968227,,,
Urina,01RCF_ex1_p1,1-Methylhydantoin,,2045.00645340238,,,
Urina,01RCF_ex1_p1,Hypotaurine,,2060.50339934482,,,
Urina,01RCF_ex1_p1,4-HydroxyphenylAcetate,,2113.29123954202,,,
Urina,01RCF_ex1_p1,2-Propanol,,2151.09567720965,,,
Urina,01RCF_ex1_p1,Putrescine,,2191.08668337226,,,
Urina,01RCF_ex1_p1,Arginine,,2213.50030634072,,,
Urina,01RCF_ex1_p1,Urocanate,HMDB00301,2238.94449628954,25.0,2213.94449628954,8855.78
Urina,01RCF_ex1_p1,3-Hydroxybutyrate,HMDB00357,2338.61638093897,122.6,2216.01638093897,1807.52
Urina,01RCF_ex1_p1,Glutathione-oxidized,,2508.93607312883,,,
Urina,01RCF_ex1_p1,Indoxylsulfate,,2520.02824557336,,,
Urina,01RCF_ex1_p1,Sorbitol,,2644.07546177237,,,
Urina,01RCF_ex1_p1,Spermidine,,2644.89974252666,,,
Urina,01RCF_ex1_p1,Methylmalonate,,2679.08308726344,,,
Urina,01RCF_ex1_p1,Argininosuccinate,,2754.58112809287,,,
Urina,01RCF_ex1_p1,Phenylalanine,,2852.62305355892,,,
Urina,01RCF_ex1_p1,3-PhenylPropionate,,2868.93193899826,,,
Urina,01RCF_ex1_p1,Trans-Acotinate,,2895.75164872919,,,
Urina,01RCF_ex1_p1,Formate,HMDB00142,2924.63285804939,515.2,2409.4328580493902,467.67
Urina,01RCF_ex1_p1,2-Oxoglutarate,HMDB00208,2928.9821575696,165.2,2763.7821575696003,1672.99
Urina,01RCF_ex1_p1,N-Acetylglycine,,3013.00652137936,,,
Urina,01RCF_ex1_p1,trans-4-Hydroxy-L-Proline,,3158.23097358878,,,
Urina,01RCF_ex1_p1,Arabitol,,3222.02925602539,,,
Urina,01RCF_ex1_p1,Tryptophan,HMDB00929,3263.48739484744,111.3,3152.18739484744,2832.15
Urina,01RCF_ex1_p1,Galactose,,3357.74186032764,,,
Urina,01RCF_ex1_p1,Cadaverine,,3531.92276407892,,,
Urina,01RCF_ex1_p1,Histidine,HMDB00177,3560.12768105752,1947.6,1612.52768105752,82.8
Urina,01RCF_ex1_p1,Creatine,HMDB00064,3736.89600080405,215.4,3521.49600080405,1634.86
Urina,01RCF_ex1_p1,Lysine,HMDB00182,3815.40375141231,472.0,3343.40375141231,708.35
Urina,01RCF_ex1_p1,Pyroglutamate,HMDB00267,3877.88140718988,502.6,3375.28140718988,671.56
Urina,01RCF_ex1_p1,Levoglucosan,,3883.2459519021,,,
Urina,01RCF_ex1_p1,Ornithine,,4039.44901188191,,,
Urina,01RCF_ex1_p1,Galactitol,,4117.26146626321,,,
Urina,01RCF_ex1_p1,GABA,,4618.53680134868,,,
Urina,01RCF_ex1_p1,Citrulline,,4850.32136517696,,,
Urina,01RCF_ex1_p1,Glutamate,,4861.60549361839,,,
Urina,01RCF_ex1_p1,Beta-Alanine,,4885.04310406752,,,
Urina,01RCF_ex1_p1,2-AminoAdipate,,4919.37301490738,,,
Urina,01RCF_ex1_p1,Myo-Inositol,,5040.65850304404,,,
Urina,01RCF_ex1_p1,Mannose,,5053.84860827823,,,
Urina,01RCF_ex1_p1,Lactate,HMDB00190,5109.66115443565,44.3,5065.36115443565,11434.22
Urina,01RCF_ex1_p1,N-Acetyl-L-Aspartate,,5144.35815303069,,,
Urina,01RCF_ex1_p1,Asparagine,HMDB00168,5344.58440754538,188.7,5155.88440754538,2732.32
Urina,01RCF_ex1_p1,Cystine,,5416.34483968003,,,
Urina,01RCF_ex1_p1,Malate,,5571.77771355457,,,
Urina,01RCF_ex1_p1,Glycerol,,6002.90433381067,,,
Urina,01RCF_ex1_p1,D-Glucuronate,,6060.78235187244,,,
Urina,01RCF_ex1_p1,Glutamine,HMDB00641,6204.3298717283,839.1,5365.229871728299,639.4
Urina,01RCF_ex1_p1,Threitol,,6208.01439205347,,,
Urina,01RCF_ex1_p1,Aspartate,,6326.17016168126,,,
Urina,01RCF_ex1_p1,"1,3-Diaminopropane",,6452.98266689282,,,
Urina,01RCF_ex1_p1,Dimethylamine,HMDB00087,6458.54009573264,759.3,5699.24009573264,750.59
Urina,01RCF_ex1_p1,Lactose,,7211.61216399885,,,
Urina,01RCF_ex1_p1,Xylitol,HMDB02917,7219.30217612643,498.6,6720.70217612643,1347.91
Urina,01RCF_ex1_p1,Isocitrate,,7334.87634889928,,,
Urina,01RCF_ex1_p1,Glucose-6-Phosphate,,7454.44235725773,,,
Urina,01RCF_ex1_p1,Fructose,HMDB00660,7750.53141724093,611.9,7138.63141724093,1166.63
Urina,01RCF_ex1_p1,2-Deoxycytidine,,7822.71091817544,,,
Urina,01RCF_ex1_p1,Glucose,HMDB00122,8255.5188589324,610.1,7645.4188589324,1253.14
Urina,01RCF_ex1_p1,Phenethylamine,,8500.18214524583,,,
Urina,01RCF_ex1_p1,Guanidinoacetate,,8525.91432896693,,,
Urina,01RCF_ex1_p1,Betaine,HMDB00043,8590.68049024339,179.1,8411.58049024339,4696.58
Urina,01RCF_ex1_p1,Saccarate,,8848.67622824952,,,
Urina,01RCF_ex1_p1,Ethanolamine,HMDB00149,9460.50885901954,979.4,8481.10885901954,865.95
Urina,01RCF_ex1_p1,Hippurate,HMDB00714,9741.46236464434,4653.1,5088.362364644339,109.35
Urina,01RCF_ex1_p1,Citrate,HMDB00094,10960.533585261,3886.5,7074.033585261001,182.02
Urina,01RCF_ex1_p1,D-Gluconate,,11134.5764227819,,,
Urina,01RCF_ex1_p1,Cysteine,,11796.1294195556,,,
Urina,01RCF_ex1_p1,Proline,,12056.6398232553,,,
Urina,01RCF_ex1_p1,Glycine,HMDB00123,15543.3204474895,1518.6,14024.720447489499,923.53
Urina,01RCF_ex1_p1,Serine,HMDB00187,17181.1846411819,896.5,16284.684641181899,1816.47
Urina,01RCF_ex1_p1,Uracil,HMDB00300,18885.6038443532,181.8,18703.803844353202,10288.12
Urina,01RCF_ex1_p1,Threonate,,19235.3915727742,,,
Urina,01RCF_ex1_p1,Taurine,HMDB00251,19318.1267760495,2148.6,17169.5267760495,799.1
Urina,01RCF_ex1_p1,Glycolate,HMDB00115,23920.0792551569,1226.6,22693.4792551569,1850.11
Urina,01RCF_ex1_p1,Cytosine,,26516.6910776538,,,
Urina,01RCF_ex1_p1,Creatinine,HMDB00562,120826.437446869,24012.6,96813.837446869,403.18
Urina,02RCF_ex1_p1,Arabitol,,0.0,,,
Urina,02RCF_ex1_p1,Methionine,HMDB00696,0.0,34.4,34.4,100.0
Urina,02RCF_ex1_p1,Tartarate,,0.0,,,
Urina,02RCF_ex1_p1,UDP,,0.0,,,
Urina,02RCF_ex1_p1,Pyruvate,HMDB00243,0.0,54.9,54.9,100.0
Urina,02RCF_ex1_p1,Succinate,HMDB00254,0.0,20.1,20.1,100.0
Urina,02RCF_ex1_p1,Sebacate,,0.0,,,
Urina,02RCF_ex1_p1,GDP,,0.0,,,
Urina,02RCF_ex1_p1,Azelaic ate,,0.0,,,
Urina,02RCF_ex1_p1,dAMP,,0.0,,,
Urina,02RCF_ex1_p1,Nicotinurate,,0.0,,,
Urina,02RCF_ex1_p1,NADP,,0.0,,,
Urina,02RCF_ex1_p1,Propionate,,0.0,,,
Urina,02RCF_ex1_p1,Long-chain_alkane,,0.0,,,
Urina,02RCF_ex1_p1,AMP,,0.0,,,
Urina,02RCF_ex1_p1,NAD,,0.0,,,
Urina,02RCF_ex1_p1,Mandelate,,0.0,,,
Urina,02RCF_ex1_p1,Nicotinate,,0.0685259068681063,,,
Urina,02RCF_ex1_p1,Fumarate,,6.04785043690419,,,
Urina,02RCF_ex1_p1,Homovanillate,,12.992727012245,,,
Urina,02RCF_ex1_p1,Ascorbate,,42.9093634530622,,,
Urina,02RCF_ex1_p1,CTP,,47.4555638305981,,,
Urina,02RCF_ex1_p1,2-Picolinate,,94.3508015834879,,,
Urina,02RCF_ex1_p1,2-HydroxyphenylAcetate,,133.486824335084,,,
Urina,02RCF_ex1_p1,UDPG,,183.47233207809,,,
Urina,02RCF_ex1_p1,IMP,,192.154860241966,,,
Urina,02RCF_ex1_p1,Citraconate,,198.731682368565,,,
Urina,02RCF_ex1_p1,Urocanate,HMDB00301,235.211067200968,17.0,218.211067200968,1283.59
Urina,02RCF_ex1_p1,Vanillate,,246.294152383622,,,
Urina,02RCF_ex1_p1,Kynurenate,,273.692059461691,,,
Urina,02RCF_ex1_p1,Acetone,HMDB01659,321.442115915296,43.1,278.34211591529595,645.81
Urina,02RCF_ex1_p1,Inosine,,340.295036450178,,,
Urina,02RCF_ex1_p1,Acetaminophen,,367.837167999421,,,
Urina,02RCF_ex1_p1,S-Acetamidomethylcysteine,,370.80749321237,,,
Urina,02RCF_ex1_p1,Isoleucine,HMDB00172,406.124491703669,31.4,374.724491703669,1193.39
Urina,02RCF_ex1_p1,2-Deoxyadenosine,,432.251939237384,,,
Urina,02RCF_ex1_p1,Uridine,HMDB00296,432.449612878862,26.9,405.54961287886204,1507.62
Urina,02RCF_ex1_p1,2-Propanol,,441.634042120442,,,
Urina,02RCF_ex1_p1,ATP,,491.604929674145,,,
Urina,02RCF_ex1_p1,2-Methylglutarate,,527.782744213409,,,
Urina,02RCF_ex1_p1,Trimethylamine,,549.609793418933,,,
Urina,02RCF_ex1_p1,Glutarate,,594.30833709211,,,
Urina,02RCF_ex1_p1,TMAO,,604.363744986481,,,
Urina,02RCF_ex1_p1,Dimethylglycine,,619.673125206147,,,
Urina,02RCF_ex1_p1,Hypoxanthine,HMDB00157,645.488387230875,106.6,538.888387230875,505.52
Urina,02RCF_ex1_p1,UMP,,690.78684913664,,,
Urina,02RCF_ex1_p1,Adipate,,725.174021155002,,,
Urina,02RCF_ex1_p1,Syringate,,730.286163732815,,,
Urina,02RCF_ex1_p1,Benzoate,,751.195325806364,,,
Urina,02RCF_ex1_p1,Acetoacetate,HMDB00060,756.01497331386,55.1,700.91497331386,1272.08
Urina,02RCF_ex1_p1,Levulinate,,764.470132178567,,,
Urina,02RCF_ex1_p1,CDP,,765.931491679984,,,
Urina,02RCF_ex1_p1,Cadaverine,,783.156229110476,,,
Urina,02RCF_ex1_p1,Glutaconate,,814.564723196167,,,
Urina,02RCF_ex1_p1,CMP,,831.818234736497,,,
Urina,02RCF_ex1_p1,2-Aminobutyrate,,870.042854039074,,,
Urina,02RCF_ex1_p1,Sarcosine,,874.267471893863,,,
Urina,02RCF_ex1_p1,Glycerophosphocholine,,898.911280386589,,,
Urina,02RCF_ex1_p1,Adenine,,899.04264940122,,,
Urina,02RCF_ex1_p1,Valerate,,949.175131462943,,,
Urina,02RCF_ex1_p1,N-(2-Furoyl)Glycine,,953.807742857024,,,
Urina,02RCF_ex1_p1,Adenosine,,956.381966435173,,,
Urina,02RCF_ex1_p1,Methylamine,,1099.73328814472,,,
Urina,02RCF_ex1_p1,Pantothenate,HMDB00210,1127.36652083295,65.2,1062.16652083295,1629.09
Urina,02RCF_ex1_p1,Isovalerate,,1161.89339484278,,,
Urina,02RCF_ex1_p1,3-HydroxyphenylAcetate,,1198.79786734888,,,
Urina,02RCF_ex1_p1,2-Oxoisovalerate,,1255.03229538934,,,
Urina,02RCF_ex1_p1,Dihydrothymine,,1278.09447971067,,,
Urina,02RCF_ex1_p1,Trans-Acotinate,,1292.57729352916,,,
Urina,02RCF_ex1_p1,Phenylalanine,,1332.415669879,,,
Urina,02RCF_ex1_p1,trans-4-Hydroxy-L-Proline,,1372.27959844643,,,
Urina,02RCF_ex1_p1,2-Deoxyguanosine,,1381.40089115566,,,
Urina,02RCF_ex1_p1,Glutathione-reduced,,1448.52532226929,,,
Urina,02RCF_ex1_p1,Methylguanidine,,1452.80052640514,,,
Urina,02RCF_ex1_p1,trans-Ferulate,,1496.85365501781,,,
Urina,02RCF_ex1_p1,7-Methylxanthine,,1505.7722431374,,,
Urina,02RCF_ex1_p1,Putrescine,,1508.07463259015,,,
Urina,02RCF_ex1_p1,alpha-Hydroxyisobutyrate,,1547.12653085412,,,
Urina,02RCF_ex1_p1,PropyleneGlycol,,1550.56530164565,,,
Urina,02RCF_ex1_p1,Fructose,HMDB00660,1599.0671714285,158.1,1440.9671714285,911.43
Urina,02RCF_ex1_p1,Maltose,,1642.56744188816,,,
Urina,02RCF_ex1_p1,4-HydroxyphenylAcetate,,1679.39932147043,,,
Urina,02RCF_ex1_p1,5-AminoValerate,,1706.30438870005,,,
Urina,02RCF_ex1_p1,Malate,,1723.14641176692,,,
Urina,02RCF_ex1_p1,Threonine,HMDB00167,1747.39029796116,645.5,1101.89029796116,170.7
Urina,02RCF_ex1_p1,2-Oxobutyrate,,1781.06710572204,,,
Urina,02RCF_ex1_p1,4-AminoHippurate,,1786.02757506267,,,
Urina,02RCF_ex1_p1,4-EthylPhenol,,1816.04218510472,,,
Urina,02RCF_ex1_p1,Ethylmalonate,,1837.63243358871,,,
Urina,02RCF_ex1_p1,Hypotaurine,,1888.83020252302,,,
Urina,02RCF_ex1_p1,Pyrocatechol,,1893.91346470173,,,
Urina,02RCF_ex1_p1,Uracil,HMDB00300,1901.60335515759,88.3,1813.30335515759,2053.57
Urina,02RCF_ex1_p1,Fucose,HMDB00174,1907.70624536568,82.2,1825.50624536568,2220.81
Urina,02RCF_ex1_p1,Leucine,HMDB00687,1909.37660564962,86.6,1822.77660564962,2104.82
Urina,02RCF_ex1_p1,Galactose,,1915.32736605701,,,
Urina,02RCF_ex1_p1,Tyrosine,HMDB00158,2030.47588819515,212.7,1817.77588819515,854.62
Urina,02RCF_ex1_p1,Dimethylsulfone,,2079.20952750915,,,
Urina,02RCF_ex1_p1,3-Hydroxybutyrate,HMDB00357,2092.02758835731,49.4,2042.6275883573098,4134.87
Urina,02RCF_ex1_p1,Glycogen,,2093.1817486215,,,
Urina,02RCF_ex1_p1,Acetate,HMDB00042,2144.11611499558,132.4,2011.71611499558,1519.42
Urina,02RCF_ex1_p1,Xylitol,HMDB02917,2192.02157281648,321.3,1870.72157281648,582.24
Urina,02RCF_ex1_p1,3-Methyladipate,,2213.32093010138,,,
Urina,02RCF_ex1_p1,Valine,HMDB00883,2251.66669006968,96.9,2154.76669006968,2223.7
Urina,02RCF_ex1_p1,UTP,,2342.07538280095,,,
Urina,02RCF_ex1_p1,Quinolinate,,2386.30476849341,,,
Urina,02RCF_ex1_p1,Levoglucosan,,2403.06267760215,,,
Urina,02RCF_ex1_p1,Phenylglyoxylate,,2419.48801831485,,,
Urina,02RCF_ex1_p1,3-PhenylPropionate,,2452.71354507769,,,
Urina,02RCF_ex1_p1,Isobutyrate,,2475.32783096408,,,
Urina,02RCF_ex1_p1,Argininosuccinate,,2554.10495205633,,,
Urina,02RCF_ex1_p1,CholineChloride,,2574.02023444251,,,
Urina,02RCF_ex1_p1,Tryptophan,HMDB00929,2589.32370924492,87.8,2501.5237092449197,2849.12
Urina,02RCF_ex1_p1,Indoxylsulfate,,2756.17926527944,,,
Urina,02RCF_ex1_p1,Arginine,,2801.58474871438,,,
Urina,02RCF_ex1_p1,Spermidine,,2850.72737269191,,,
Urina,02RCF_ex1_p1,GTP,,2923.67719595409,,,
Urina,02RCF_ex1_p1,Histidine,HMDB00177,2925.26540803874,2458.2,467.0654080387403,19.0
Urina,02RCF_ex1_p1,O-Acetyl-L-Carnitine,,2997.29711323832,,,
Urina,02RCF_ex1_p1,Malonate,HMDB00691,3009.46150708023,602.0,2407.46150708023,399.91
Urina,02RCF_ex1_p1,Saturated_fattty_acids,,3112.17958485142,,,
Urina,02RCF_ex1_p1,Cystine,,3167.68079364474,,,
Urina,02RCF_ex1_p1,Citrulline,,3228.25636025318,,,
Urina,02RCF_ex1_p1,Methylmalonate,,3415.72258621146,,,
Urina,02RCF_ex1_p1,Allantoin,,3496.68269494622,,,
Urina,02RCF_ex1_p1,Cytosine,,3570.6997664157,,,
Urina,02RCF_ex1_p1,3-Methylxanthine,,3599.16966433866,,,
Urina,02RCF_ex1_p1,Glutathione-oxidized,,3843.59363077198,,,
Urina,02RCF_ex1_p1,Anserine,,3969.97810438743,,,
Urina,02RCF_ex1_p1,Alanine,HMDB00161,4079.68762878759,672.2,3407.4876287875895,506.92
Urina,02RCF_ex1_p1,Carnitine,HMDB00062,4097.3736147873,175.9,3921.4736147872995,2229.38
Urina,02RCF_ex1_p1,Myo-Inositol,,4110.5521152939,,,
Urina,02RCF_ex1_p1,GMP,,4210.77242257809,,,
Urina,02RCF_ex1_p1,Mannose,,4261.3570653616,,,
Urina,02RCF_ex1_p1,Betaine,HMDB00043,4283.58431605369,127.5,4156.08431605369,3259.67
Urina,02RCF_ex1_p1,Phosphocholine,,4340.12821708965,,,
Urina,02RCF_ex1_p1,2-Deoxycytidine,,4428.62112935823,,,
Urina,02RCF_ex1_p1,1-Methylhydantoin,,4466.48820808522,,,
Urina,02RCF_ex1_p1,Citrate,HMDB00094,4598.03280330224,1742.3,2855.7328033022395,163.91
Urina,02RCF_ex1_p1,Lysine,HMDB00182,4668.61826263588,114.5,4554.11826263588,3977.4
Urina,02RCF_ex1_p1,Galactitol,,4760.20619029745,,,
Urina,02RCF_ex1_p1,N-Acetylglycine,,4861.02511369734,,,
Urina,02RCF_ex1_p1,Glycerol,,4974.33406342317,,,
Urina,02RCF_ex1_p1,N-Acetyl-L-Aspartate,,5032.44148181553,,,
Urina,02RCF_ex1_p1,GABA,,5163.20224165213,,,
Urina,02RCF_ex1_p1,Ornithine,,5854.22603771566,,,
Urina,02RCF_ex1_p1,Glucose,HMDB00122,5866.97074040764,278.2,5588.77074040764,2008.9
Urina,02RCF_ex1_p1,"1,3-Diaminopropane",,5910.29397537815,,,
Urina,02RCF_ex1_p1,D-Glucuronate,,5989.1136341984,,,
Urina,02RCF_ex1_p1,2-Oxoglutarate,HMDB00208,6039.11206767813,200.0,5839.11206767813,2919.56
Urina,02RCF_ex1_p1,Saccarate,,6256.29997334198,,,
Urina,02RCF_ex1_p1,Trigonelline,HMDB00875,6422.95572235987,346.3,6076.65572235987,1754.74
Urina,02RCF_ex1_p1,2-AminoAdipate,,6456.80701916821,,,
Urina,02RCF_ex1_p1,Pyroglutamate,HMDB00267,6575.84317380835,232.6,6343.24317380835,2727.1
Urina,02RCF_ex1_p1,DehydroAscorbate,,6656.66590746274,,,
Urina,02RCF_ex1_p1,Glycolate,HMDB00115,6775.07314812203,547.1,6227.97314812203,1138.36
Urina,02RCF_ex1_p1,D-Gluconate,,7070.2451895923,,,
Urina,02RCF_ex1_p1,1-Methyl-L-Histidine,,7355.12011381491,,,
Urina,02RCF_ex1_p1,Asparagine,HMDB00168,7564.12578412142,577.3,6986.82578412142,1210.26
Urina,02RCF_ex1_p1,Aspartate,,7738.83694820853,,,
Urina,02RCF_ex1_p1,Dimethylamine,HMDB00087,7960.19044592568,449.1,7511.09044592568,1672.48
Urina,02RCF_ex1_p1,Glutamate,,8243.78001600327,,,
Urina,02RCF_ex1_p1,Beta-Alanine,,8953.00155631872,,,
Urina,02RCF_ex1_p1,Formate,HMDB00142,9221.42413409191,775.6,8445.82413409191,1088.94
Urina,02RCF_ex1_p1,Phenethylamine,,10173.5067720378,,,
Urina,02RCF_ex1_p1,Sorbitol,,10334.4492022914,,,
Urina,02RCF_ex1_p1,Glucose-6-Phosphate,,10846.929736738,,,
Urina,02RCF_ex1_p1,Isocitrate,,11103.3911146069,,,
Urina,02RCF_ex1_p1,Proline,,11262.6613337183,,,
Urina,02RCF_ex1_p1,Lactate,HMDB00190,13106.1947384058,39.4,13066.7947384058,33164.45
Urina,02RCF_ex1_p1,Hippurate,HMDB00714,13758.6600272098,698.6,13060.0600272098,1869.46
Urina,02RCF_ex1_p1,Lactose,,13853.9305177342,,,
Urina,02RCF_ex1_p1,Threonate,,14667.3672042561,,,
Urina,02RCF_ex1_p1,Ethanolamine,HMDB00149,14720.6859294296,662.5,14058.1859294296,2121.99
Urina,02RCF_ex1_p1,Creatine,HMDB00064,15914.5097832402,965.6,14948.9097832402,1548.15
Urina,02RCF_ex1_p1,Carnosine,HMDB00033,16021.9411146306,651.0,15370.9411146306,2361.13
Urina,02RCF_ex1_p1,Threitol,,16579.3231112409,,,
Urina,02RCF_ex1_p1,Guanidinoacetate,,17787.988140959,,,
Urina,02RCF_ex1_p1,Glutamine,HMDB00641,22149.2025223504,1095.6,21053.6025223504,1921.65
Urina,02RCF_ex1_p1,Cysteine,,23501.9391777993,,,
Urina,02RCF_ex1_p1,Taurine,HMDB00251,27915.5194276784,1589.1,26326.4194276784,1656.69
Urina,02RCF_ex1_p1,Serine,HMDB00187,31789.7987221952,1137.6,30652.1987221952,2694.46
Urina,02RCF_ex1_p1,3-Methyl-L-Histidine,,37182.8099559478,,,
Urina,02RCF_ex1_p1,Glycine,HMDB00123,81779.2290826844,3972.8,77806.4290826844,1958.48
Urina,02RCF_ex1_p1,Creatinine,HMDB00562,338374.919256005,14392.1,323982.81925600505,2251.12
Urina,03RCF_ex1_p1,Glycine,HMDB00123,0.0,1538.4,1538.4,100.0
Urina,03RCF_ex1_p1,Argininosuccinate,,0.0,,,
Urina,03RCF_ex1_p1,Hypotaurine,,0.0,,,
Urina,03RCF_ex1_p1,Pyrocatechol,,0.0,,,
Urina,03RCF_ex1_p1,Glutathione-reduced,,0.0,,,
Urina,03RCF_ex1_p1,Acetate,HMDB00042,0.0,73.4,73.4,100.0
Urina,03RCF_ex1_p1,Uridine,HMDB00296,0.0,13.0,13.0,100.0
Urina,03RCF_ex1_p1,TMAO,,0.0,,,
Urina,03RCF_ex1_p1,Succinate,HMDB00254,0.0,86.9,86.9,100.0
Urina,03RCF_ex1_p1,Kynurenate,,0.0,,,
Urina,03RCF_ex1_p1,7-Methylxanthine,,0.0,,,
Urina,03RCF_ex1_p1,Levulinate,,0.0,,,
Urina,03RCF_ex1_p1,GDP,,0.0,,,
Urina,03RCF_ex1_p1,3-Methyl-L-Histidine,,0.0,,,
Urina,03RCF_ex1_p1,DehydroAscorbate,,0.0,,,
Urina,03RCF_ex1_p1,Ascorbate,,0.0,,,
Urina,03RCF_ex1_p1,NAD,,0.0,,,
Urina,03RCF_ex1_p1,Mandelate,,0.0,,,
Urina,03RCF_ex1_p1,D-Glucuronate,,1.21285670126123,,,
Urina,03RCF_ex1_p1,dAMP,,1.2962577003994,,,
Urina,03RCF_ex1_p1,NADP,,25.3087710052976,,,
Urina,03RCF_ex1_p1,Nicotinurate,,25.4814359243707,,,
Urina,03RCF_ex1_p1,Adenosine,,25.8452905086165,,,
Urina,03RCF_ex1_p1,AMP,,31.6639653934883,,,
Urina,03RCF_ex1_p1,Fumarate,,34.1274032304273,,,
Urina,03RCF_ex1_p1,Citraconate,,39.8205975150363,,,
Urina,03RCF_ex1_p1,UDP,,45.7884632772059,,,
Urina,03RCF_ex1_p1,CMP,,54.303380936412,,,
Urina,03RCF_ex1_p1,Syringate,,61.252665409328,,,
Urina,03RCF_ex1_p1,Formate,HMDB00142,71.1037683193926,312.9,241.79623168060738,77.28
Urina,03RCF_ex1_p1,IMP,,76.1298738714493,,,
Urina,03RCF_ex1_p1,Cadaverine,,80.3293925103656,,,
Urina,03RCF_ex1_p1,Glucose,HMDB00122,85.0648586653017,311.6,226.53514133469832,72.7
Urina,03RCF_ex1_p1,Tartarate,,97.8430221297051,,,
Urina,03RCF_ex1_p1,Galactose,,101.917984444614,,,
Urina,03RCF_ex1_p1,UMP,,103.304446972533,,,
Urina,03RCF_ex1_p1,Nicotinate,,112.998863015829,,,
Urina,03RCF_ex1_p1,Inosine,,113.339842810623,,,
Urina,03RCF_ex1_p1,Pantothenate,HMDB00210,128.698049294956,58.4,70.298049294956,120.37
Urina,03RCF_ex1_p1,GMP,,130.48687201082,,,
Urina,03RCF_ex1_p1,Dimethylglycine,,141.448965971639,,,
Urina,03RCF_ex1_p1,Adipate,,145.133341657028,,,
Urina,03RCF_ex1_p1,Valine,HMDB00883,149.286991416793,41.6,107.686991416793,258.86
Urina,03RCF_ex1_p1,CTP,,164.295867092849,,,
Urina,03RCF_ex1_p1,Isobutyrate,,172.155220605801,,,
Urina,03RCF_ex1_p1,Valerate,,172.216267797097,,,
Urina,03RCF_ex1_p1,Trimethylamine,,191.279989350846,,,
Urina,03RCF_ex1_p1,Methylamine,,237.605774294457,,,
Urina,03RCF_ex1_p1,2-Deoxyadenosine,,248.712340285414,,,
Urina,03RCF_ex1_p1,3-Hydroxybutyrate,HMDB00357,256.653237273178,45.1,211.55323727317798,469.08
Urina,03RCF_ex1_p1,Phosphocholine,,257.963091354206,,,
Urina,03RCF_ex1_p1,Hypoxanthine,HMDB00157,258.585339955194,22.5,236.085339955194,1049.27
Urina,03RCF_ex1_p1,Long-chain_alkane,,267.18290421727,,,
Urina,03RCF_ex1_p1,Alanine,HMDB00161,288.319817854606,219.9,68.41981785460601,31.11
Urina,03RCF_ex1_p1,Arginine,,298.941548957504,,,
Urina,03RCF_ex1_p1,Adenine,,303.641715891342,,,
Urina,03RCF_ex1_p1,Dimethylamine,HMDB00087,307.382848341018,471.9,164.51715165898196,34.86
Urina,03RCF_ex1_p1,Tyrosine,HMDB00158,324.602121241556,137.4,187.202121241556,136.25
Urina,03RCF_ex1_p1,Glutarate,,343.019775870369,,,
Urina,03RCF_ex1_p1,Homovanillate,,354.283237456493,,,
Urina,03RCF_ex1_p1,CDP,,355.103405581288,,,
Urina,03RCF_ex1_p1,Malate,,362.596369555248,,,
Urina,03RCF_ex1_p1,Sebacate,,369.760012459835,,,
Urina,03RCF_ex1_p1,Glycerophosphocholine,,376.916180319119,,,
Urina,03RCF_ex1_p1,UDPG,,388.066396592464,,,
Urina,03RCF_ex1_p1,Glutaconate,,400.02059351415,,,
Urina,03RCF_ex1_p1,Acetone,HMDB01659,404.261530932529,25.5,378.761530932529,1485.34
Urina,03RCF_ex1_p1,UTP,,427.187693577459,,,
Urina,03RCF_ex1_p1,Trigonelline,HMDB00875,428.875682174987,588.2,159.32431782501305,27.09
Urina,03RCF_ex1_p1,2-Oxoisovalerate,,454.807778375261,,,
Urina,03RCF_ex1_p1,ATP,,456.961981360015,,,
Urina,03RCF_ex1_p1,4-EthylPhenol,,496.003450321238,,,
Urina,03RCF_ex1_p1,Pyruvate,HMDB00243,519.398470977315,35.4,483.99847097731504,1367.23
Urina,03RCF_ex1_p1,Saturated_fattty_acids,,543.154191500514,,,
Urina,03RCF_ex1_p1,Maltose,,561.465294576416,,,
Urina,03RCF_ex1_p1,Benzoate,,565.003119192231,,,
Urina,03RCF_ex1_p1,2-Aminobutyrate,,599.727632404237,,,
Urina,03RCF_ex1_p1,Anserine,,605.879594869022,,,
Urina,03RCF_ex1_p1,Isovalerate,,605.929171642263,,,
Urina,03RCF_ex1_p1,Leucine,HMDB00687,609.968820124471,49.0,560.968820124471,1144.83
Urina,03RCF_ex1_p1,Acetoacetate,HMDB00060,622.20351195153,56.7,565.50351195153,997.36
Urina,03RCF_ex1_p1,alpha-Hydroxyisobutyrate,,641.896686303215,,,
Urina,03RCF_ex1_p1,N-(2-Furoyl)Glycine,,653.943924853624,,,
Urina,03RCF_ex1_p1,CholineChloride,,658.995054992967,,,
Urina,03RCF_ex1_p1,Dimethylsulfone,,665.319188352349,,,
Urina,03RCF_ex1_p1,Trans-Acotinate,,677.283029151018,,,
Urina,03RCF_ex1_p1,Isoleucine,HMDB00172,733.058910435539,16.3,716.7589104355391,4397.29
Urina,03RCF_ex1_p1,Mannose,,741.132311480182,,,
Urina,03RCF_ex1_p1,Allantoin,,752.73103782945,,,
Urina,03RCF_ex1_p1,4-HydroxyphenylAcetate,,773.001190480757,,,
Urina,03RCF_ex1_p1,Propionate,,838.421326033369,,,
Urina,03RCF_ex1_p1,Fucose,HMDB00174,855.030232614586,122.2,732.830232614586,599.7
Urina,03RCF_ex1_p1,Acetaminophen,,937.510479663213,,,
Urina,03RCF_ex1_p1,1-Methylhydantoin,,943.364159848372,,,
Urina,03RCF_ex1_p1,1-Methyl-L-Histidine,,972.020559641689,,,
Urina,03RCF_ex1_p1,GTP,,1032.71434647143,,,
Urina,03RCF_ex1_p1,Ornithine,,1045.63620885385,,,
Urina,03RCF_ex1_p1,Glycerol,,1048.72109702971,,,
Urina,03RCF_ex1_p1,S-Acetamidomethylcysteine,,1069.49198826439,,,
Urina,03RCF_ex1_p1,Glycogen,,1083.70918951896,,,
Urina,03RCF_ex1_p1,Ethylmalonate,,1088.2483331838,,,
Urina,03RCF_ex1_p1,Threonine,HMDB00167,1089.8012291698,337.5,752.3012291698001,222.9
Urina,03RCF_ex1_p1,2-HydroxyphenylAcetate,,1099.6552434477,,,
Urina,03RCF_ex1_p1,Creatine,HMDB00064,1111.8666219187,174.1,937.7666219187,538.64
Urina,03RCF_ex1_p1,4-AminoHippurate,,1127.66284940426,,,
Urina,03RCF_ex1_p1,2-Oxobutyrate,,1144.09277352646,,,
Urina,03RCF_ex1_p1,2-Deoxyguanosine,,1159.12494601279,,,
Urina,03RCF_ex1_p1,3-PhenylPropionate,,1170.07149948689,,,
Urina,03RCF_ex1_p1,Azelaic ate,,1211.83483662933,,,
Urina,03RCF_ex1_p1,Malonate,HMDB00691,1247.46122516236,396.4,851.0612251623601,214.7
Urina,03RCF_ex1_p1,Levoglucosan,,1261.35522484307,,,
Urina,03RCF_ex1_p1,Carnitine,HMDB00062,1271.02554497486,51.6,1219.42554497486,2363.23
Urina,03RCF_ex1_p1,Methylguanidine,,1276.62541788558,,,
Urina,03RCF_ex1_p1,2-Methylglutarate,,1282.85381270192,,,
Urina,03RCF_ex1_p1,Carnosine,HMDB00033,1291.29409876408,135.8,1155.49409876408,850.88
Urina,03RCF_ex1_p1,Sarcosine,,1299.09278903404,,,
Urina,03RCF_ex1_p1,2-Picolinate,,1315.24547775434,,,
Urina,03RCF_ex1_p1,Methylmalonate,,1348.87110923943,,,
Urina,03RCF_ex1_p1,Urocanate,HMDB00301,1357.4239209246,17.2,1340.2239209246,7792.0
Urina,03RCF_ex1_p1,trans-Ferulate,,1398.708336253,,,
Urina,03RCF_ex1_p1,Spermidine,,1481.26804851812,,,
Urina,03RCF_ex1_p1,5-AminoValerate,,1483.59870631292,,,
Urina,03RCF_ex1_p1,Galactitol,,1532.66752094286,,,
Urina,03RCF_ex1_p1,Quinolinate,,1541.88896853707,,,
Urina,03RCF_ex1_p1,3-Methyladipate,,1647.67175067287,,,
Urina,03RCF_ex1_p1,Xylitol,HMDB02917,1712.80506648651,148.5,1564.30506648651,1053.4
Urina,03RCF_ex1_p1,Tryptophan,HMDB00929,1802.22592769618,68.3,1733.92592769618,2538.69
Urina,03RCF_ex1_p1,Phenylalanine,,1835.18740569706,,,
Urina,03RCF_ex1_p1,Indoxylsulfate,,1855.83163687849,,,
Urina,03RCF_ex1_p1,Sorbitol,,1875.33166462119,,,
Urina,03RCF_ex1_p1,Vanillate,,2001.42819186718,,,
Urina,03RCF_ex1_p1,PropyleneGlycol,,2011.53751916178,,,
Urina,03RCF_ex1_p1,Lactate,HMDB00190,2026.75461629931,23.0,2003.75461629931,8711.98
Urina,03RCF_ex1_p1,trans-4-Hydroxy-L-Proline,,2106.15194752607,,,
Urina,03RCF_ex1_p1,O-Acetyl-L-Carnitine,,2123.9497884971,,,
Urina,03RCF_ex1_p1,Fructose,HMDB00660,2280.79088914984,338.1,1942.6908891498401,574.59
Urina,03RCF_ex1_p1,Histidine,HMDB00177,2308.59656170877,517.5,1791.09656170877,346.11
Urina,03RCF_ex1_p1,Putrescine,,2348.79282887031,,,
Urina,03RCF_ex1_p1,3-HydroxyphenylAcetate,,2358.12160257624,,,
Urina,03RCF_ex1_p1,Citrate,HMDB00094,2474.70902006229,2359.8,114.90902006228998,4.87
Urina,03RCF_ex1_p1,Phenylglyoxylate,,2511.68827561985,,,
Urina,03RCF_ex1_p1,2-Oxoglutarate,HMDB00208,2518.7342868971,175.6,2343.1342868971,1334.36
Urina,03RCF_ex1_p1,2-Propanol,,2541.13151886869,,,
Urina,03RCF_ex1_p1,N-Acetylglycine,,2617.82545809319,,,
Urina,03RCF_ex1_p1,N-Acetyl-L-Aspartate,,2749.93795471045,,,
Urina,03RCF_ex1_p1,Glutathione-oxidized,,2840.41731681299,,,
Urina,03RCF_ex1_p1,Citrulline,,2845.31793383742,,,
Urina,03RCF_ex1_p1,Asparagine,HMDB00168,2913.14341155778,165.2,2747.94341155778,1663.4
Urina,03RCF_ex1_p1,Guanidinoacetate,,3017.29281178147,,,
Urina,03RCF_ex1_p1,Glutamine,HMDB00641,3213.05849669047,510.1,2702.95849669047,529.89
Urina,03RCF_ex1_p1,Myo-Inositol,,3301.54194460936,,,
Urina,03RCF_ex1_p1,Dihydrothymine,,3455.85610298987,,,
Urina,03RCF_ex1_p1,Methionine,HMDB00696,3565.29396818035,44.3,3520.99396818035,7948.07
Urina,03RCF_ex1_p1,Pyroglutamate,HMDB00267,3593.22732530511,237.5,3355.72732530511,1412.94
Urina,03RCF_ex1_p1,Ethanolamine,HMDB00149,3613.77357007986,468.9,3144.8735700798597,670.69
Urina,03RCF_ex1_p1,Lysine,HMDB00182,3684.91459921164,145.8,3539.11459921164,2427.38
Urina,03RCF_ex1_p1,Lactose,,3874.80673972288,,,
Urina,03RCF_ex1_p1,2-AminoAdipate,,4006.72121364181,,,
Urina,03RCF_ex1_p1,Cystine,,4174.15945251234,,,
Urina,03RCF_ex1_p1,Aspartate,,4284.28269163807,,,
Urina,03RCF_ex1_p1,Hippurate,HMDB00714,4475.80877759257,1676.6,2799.2087775925697,166.96
Urina,03RCF_ex1_p1,Beta-Alanine,,4711.32878874357,,,
Urina,03RCF_ex1_p1,Cysteine,,4764.91849186493,,,
Urina,03RCF_ex1_p1,GABA,,4907.47394571275,,,
Urina,03RCF_ex1_p1,Saccarate,,5454.56508114008,,,
Urina,03RCF_ex1_p1,Glutamate,,5514.1843560536,,,
Urina,03RCF_ex1_p1,Glucose-6-Phosphate,,5614.95691972063,,,
Urina,03RCF_ex1_p1,Phenethylamine,,5763.04254927206,,,
Urina,03RCF_ex1_p1,Betaine,HMDB00043,6275.78050515882,162.0,6113.78050515882,3773.94
Urina,03RCF_ex1_p1,Arabitol,,6447.04184113836,,,
Urina,03RCF_ex1_p1,"1,3-Diaminopropane",,6507.10353402404,,,
Urina,03RCF_ex1_p1,D-Gluconate,,6739.46874421063,,,
Urina,03RCF_ex1_p1,Uracil,HMDB00300,6858.95263564217,92.1,6766.85263564217,7347.29
Urina,03RCF_ex1_p1,Isocitrate,,7052.6226510673,,,
Urina,03RCF_ex1_p1,Threitol,,7056.791570525,,,
Urina,03RCF_ex1_p1,2-Deoxycytidine,,7175.18160099008,,,
Urina,03RCF_ex1_p1,Proline,,7447.05752700975,,,
Urina,03RCF_ex1_p1,Serine,HMDB00187,8017.01195208643,606.9,7410.11195208643,1220.98
Urina,03RCF_ex1_p1,3-Methylxanthine,,8200.40154766399,,,
Urina,03RCF_ex1_p1,Threonate,,8824.28856917539,,,
Urina,03RCF_ex1_p1,Cytosine,,10429.7105991447,,,
Urina,03RCF_ex1_p1,Glycolate,HMDB00115,11290.4686787848,498.1,10792.3686787848,2166.71
Urina,03RCF_ex1_p1,Taurine,HMDB00251,16645.95208275,1277.3,15368.652082749999,1203.21
Urina,03RCF_ex1_p1,Creatinine,HMDB00562,127646.832917817,13319.9,114326.932917817,858.32
Urina,04RCF_ex1_p1,Glycine,HMDB00123,0.0,320.8,320.8,100.0
Urina,04RCF_ex1_p1,Guanidinoacetate,,0.0,,,
Urina,04RCF_ex1_p1,Cadaverine,,0.0,,,
Urina,04RCF_ex1_p1,Spermidine,,0.0,,,
Urina,04RCF_ex1_p1,Arginine,,0.0,,,
Urina,04RCF_ex1_p1,Glutathione-reduced,,0.0,,,
Urina,04RCF_ex1_p1,Uridine,HMDB00296,0.0,5.9,5.9,100.0
Urina,04RCF_ex1_p1,Adipate,,0.0,,,
Urina,04RCF_ex1_p1,Succinate,HMDB00254,0.0,7.4,7.4,100.0
Urina,04RCF_ex1_p1,Kynurenate,,0.0,,,
Urina,04RCF_ex1_p1,Levulinate,,0.0,,,
Urina,04RCF_ex1_p1,Azelaic ate,,0.0,,,
Urina,04RCF_ex1_p1,Glutarate,,0.0,,,
Urina,04RCF_ex1_p1,Propionate,,0.0,,,
Urina,04RCF_ex1_p1,Mandelate,,0.0,,,
Urina,04RCF_ex1_p1,NAD,,0.0376104353889104,,,
Urina,04RCF_ex1_p1,NADP,,0.040502714341454,,,
Urina,04RCF_ex1_p1,Nicotinurate,,0.0578655331914058,,,
Urina,04RCF_ex1_p1,GDP,,0.693622971922685,,,
Urina,04RCF_ex1_p1,Formate,HMDB00142,0.913469533320465,58.8,57.88653046667953,98.45
Urina,04RCF_ex1_p1,Alanine,HMDB00161,2.82397546398467,81.9,79.07602453601534,96.55
Urina,04RCF_ex1_p1,Fumarate,,3.15737268390424,,,
Urina,04RCF_ex1_p1,Trimethylamine,,3.33477835494608,,,
Urina,04RCF_ex1_p1,Acetate,HMDB00042,3.36056986758518,23.4,20.039430132414818,85.64
Urina,04RCF_ex1_p1,Tartarate,,3.37727878706,,,
Urina,04RCF_ex1_p1,Adenosine,,3.39885702585362,,,
Urina,04RCF_ex1_p1,Acetoacetate,HMDB00060,5.96948753519287,25.3,19.330512464807132,76.41
Urina,04RCF_ex1_p1,AMP,,6.22032004377874,,,
Urina,04RCF_ex1_p1,CTP,,6.47341102583785,,,
Urina,04RCF_ex1_p1,4-EthylPhenol,,9.22544668598749,,,
Urina,04RCF_ex1_p1,Dimethylglycine,,10.1371649854447,,,
Urina,04RCF_ex1_p1,Pyruvate,HMDB00243,10.6291883273985,34.7,24.0708116726015,69.37
Urina,04RCF_ex1_p1,Homovanillate,,10.8023056742785,,,
Urina,04RCF_ex1_p1,Isobutyrate,,11.0264191813294,,,
Urina,04RCF_ex1_p1,Ascorbate,,11.508436066258,,,
Urina,04RCF_ex1_p1,Hypoxanthine,HMDB00157,11.6478266584259,20.2,8.552173341574099,42.34
Urina,04RCF_ex1_p1,Leucine,HMDB00687,12.0141374747753,12.2,0.18586252522469948,1.52
Urina,04RCF_ex1_p1,CDP,,12.0160183150417,,,
Urina,04RCF_ex1_p1,Dimethylamine,HMDB00087,12.6618655833243,300.6,287.9381344166757,95.79
Urina,04RCF_ex1_p1,2-Deoxyadenosine,,13.9802967807981,,,
Urina,04RCF_ex1_p1,Acetone,HMDB01659,19.7682898035141,24.6,4.831710196485901,19.64
Urina,04RCF_ex1_p1,Phosphocholine,,19.9065871402165,,,
Urina,04RCF_ex1_p1,Inosine,,21.3698472165612,,,
Urina,04RCF_ex1_p1,Valine,HMDB00883,22.3928054345691,28.2,5.807194565430898,20.59
Urina,04RCF_ex1_p1,Lysine,HMDB00182,22.3981732617331,38.6,16.201826738266902,41.97
Urina,04RCF_ex1_p1,IMP,,24.0495691731532,,,
Urina,04RCF_ex1_p1,Long-chain_alkane,,24.2426407425272,,,
Urina,04RCF_ex1_p1,Saturated_fattty_acids,,24.593178610865,,,
Urina,04RCF_ex1_p1,1-Methylhydantoin,,25.1775016128462,,,
Urina,04RCF_ex1_p1,2-Aminobutyrate,,25.4615154860882,,,
Urina,04RCF_ex1_p1,Adenine,,27.1009791087322,,,
Urina,04RCF_ex1_p1,Citraconate,,27.7373231836269,,,
Urina,04RCF_ex1_p1,Nicotinate,,29.302827073384,,,
Urina,04RCF_ex1_p1,Methionine,HMDB00696,29.3332897912839,6.6,22.7332897912839,344.44
Urina,04RCF_ex1_p1,dAMP,,29.509068904579,,,
Urina,04RCF_ex1_p1,Trigonelline,HMDB00875,30.873057583862,231.3,200.42694241613802,86.65
Urina,04RCF_ex1_p1,Glycerophosphocholine,,31.0893472410149,,,
Urina,04RCF_ex1_p1,Fucose,HMDB00174,34.1199884023317,67.4,33.280011597668306,49.38
Urina,04RCF_ex1_p1,TMAO,,34.1644990532157,,,
Urina,04RCF_ex1_p1,Sebacate,,34.8938168173705,,,
Urina,04RCF_ex1_p1,Benzoate,,36.5037836375843,,,
Urina,04RCF_ex1_p1,Betaine,HMDB00043,37.0368295012837,56.3,19.2631704987163,34.22
Urina,04RCF_ex1_p1,Valerate,,37.2417763394996,,,
Urina,04RCF_ex1_p1,Methylamine,,37.7380589666426,,,
Urina,04RCF_ex1_p1,Glutathione-oxidized,,38.7088492579953,,,
Urina,04RCF_ex1_p1,Hypotaurine,,40.7962977684641,,,
Urina,04RCF_ex1_p1,Maltose,,42.0073514085676,,,
Urina,04RCF_ex1_p1,Methylguanidine,,43.0645456005033,,,
Urina,04RCF_ex1_p1,4-HydroxyphenylAcetate,,44.1892338721839,,,
Urina,04RCF_ex1_p1,2-HydroxyphenylAcetate,,44.6240540764095,,,
Urina,04RCF_ex1_p1,Sarcosine,,44.8348876994141,,,
Urina,04RCF_ex1_p1,GMP,,46.6669021281047,,,
Urina,04RCF_ex1_p1,Putrescine,,46.6766019328859,,,
Urina,04RCF_ex1_p1,Ethylmalonate,,49.478559871376,,,
Urina,04RCF_ex1_p1,O-Acetyl-L-Carnitine,,50.9962022775798,,,
Urina,04RCF_ex1_p1,Beta-Alanine,,52.9510112056645,,,
Urina,04RCF_ex1_p1,Acetaminophen,,53.3911549178142,,,
Urina,04RCF_ex1_p1,Trans-Acotinate,,53.4841176814808,,,
Urina,04RCF_ex1_p1,Isovalerate,,53.6347087635182,,,
Urina,04RCF_ex1_p1,Pantothenate,HMDB00210,55.3392677826905,34.6,20.739267782690497,59.94
Urina,04RCF_ex1_p1,CMP,,56.5346859554439,,,
Urina,04RCF_ex1_p1,1-Methyl-L-Histidine,,56.6996832239732,,,
Urina,04RCF_ex1_p1,alpha-Hydroxyisobutyrate,,59.6833496382385,,,
Urina,04RCF_ex1_p1,Allantoin,,60.7573888683076,,,
Urina,04RCF_ex1_p1,3-Methylxanthine,,62.3360664963782,,,
Urina,04RCF_ex1_p1,Dimethylsulfone,,63.521395194695,,,
Urina,04RCF_ex1_p1,Tyrosine,HMDB00158,67.1107289713114,71.3,4.189271028688594,5.88
Urina,04RCF_ex1_p1,Threonine,HMDB00167,67.6387418546609,98.1,30.461258145339087,31.05
Urina,04RCF_ex1_p1,D-Glucuronate,,68.7203659588686,,,
Urina,04RCF_ex1_p1,2-Oxoisovalerate,,70.4656871194354,,,
Urina,04RCF_ex1_p1,Levoglucosan,,71.2827754924073,,,
Urina,04RCF_ex1_p1,Isoleucine,HMDB00172,73.7538909870858,10.1,63.653890987085795,630.24
Urina,04RCF_ex1_p1,Anserine,,75.7528778750981,,,
Urina,04RCF_ex1_p1,Urocanate,HMDB00301,77.7282434526684,0.0,77.7282434526684,
Urina,04RCF_ex1_p1,7-Methylxanthine,,77.959835716722,,,
Urina,04RCF_ex1_p1,UDPG,,80.4365415667796,,,
Urina,04RCF_ex1_p1,Pyrocatechol,,82.5710045532694,,,
Urina,04RCF_ex1_p1,UDP,,86.0154072250282,,,
Urina,04RCF_ex1_p1,Syringate,,87.1362362297376,,,
Urina,04RCF_ex1_p1,ATP,,87.7294861965549,,,
Urina,04RCF_ex1_p1,Methylmalonate,,89.6349494834422,,,
Urina,04RCF_ex1_p1,GTP,,91.4375480344226,,,
Urina,04RCF_ex1_p1,S-Acetamidomethylcysteine,,91.6258920543267,,,
Urina,04RCF_ex1_p1,UMP,,93.1922472123778,,,
Urina,04RCF_ex1_p1,Glutaconate,,93.8939752665931,,,
Urina,04RCF_ex1_p1,Carnitine,HMDB00062,96.1359435443672,64.4,31.73594354436719,49.28
Urina,04RCF_ex1_p1,UTP,,96.5589365592308,,,
Urina,04RCF_ex1_p1,4-AminoHippurate,,100.500098749443,,,
Urina,04RCF_ex1_p1,Argininosuccinate,,105.17638082107,,,
Urina,04RCF_ex1_p1,Pyroglutamate,HMDB00267,111.467922359188,147.1,35.632077640812,24.22
Urina,04RCF_ex1_p1,2-Methylglutarate,,111.5655448135,,,
Urina,04RCF_ex1_p1,Glutamine,HMDB00641,116.08486518749,273.9,157.81513481251,57.62
Urina,04RCF_ex1_p1,Quinolinate,,118.033999185938,,,
Urina,04RCF_ex1_p1,N-(2-Furoyl)Glycine,,118.44963132445,,,
Urina,04RCF_ex1_p1,3-HydroxyphenylAcetate,,120.682075346088,,,
Urina,04RCF_ex1_p1,Galactose,,128.04470311279,,,
Urina,04RCF_ex1_p1,Lactate,HMDB00190,131.776009275512,10.6,121.176009275512,1143.17
Urina,04RCF_ex1_p1,Indoxylsulfate,,134.977386156759,,,
Urina,04RCF_ex1_p1,2-Oxobutyrate,,140.507023596199,,,
Urina,04RCF_ex1_p1,trans-Ferulate,,140.669294834107,,,
Urina,04RCF_ex1_p1,2-Picolinate,,140.942783495415,,,
Urina,04RCF_ex1_p1,5-AminoValerate,,142.358672878351,,,
Urina,04RCF_ex1_p1,3-PhenylPropionate,,144.880778399785,,,
Urina,04RCF_ex1_p1,Phenylalanine,,147.920349998397,,,
Urina,04RCF_ex1_p1,DehydroAscorbate,,149.246808143556,,,
Urina,04RCF_ex1_p1,Vanillate,,152.121104351751,,,
Urina,04RCF_ex1_p1,Malate,,155.381726546895,,,
Urina,04RCF_ex1_p1,Aspartate,,159.898920352321,,,
Urina,04RCF_ex1_p1,CholineChloride,,164.658760936415,,,
Urina,04RCF_ex1_p1,PropyleneGlycol,,167.625023055999,,,
Urina,04RCF_ex1_p1,Tryptophan,HMDB00929,168.313732165923,34.5,133.813732165923,387.87
Urina,04RCF_ex1_p1,Mannose,,173.75634199296,,,
Urina,04RCF_ex1_p1,Galactitol,,175.776691513776,,,
Urina,04RCF_ex1_p1,3-Methyladipate,,180.958809917228,,,
Urina,04RCF_ex1_p1,3-Hydroxybutyrate,HMDB00357,185.302188051151,19.5,165.802188051151,850.27
Urina,04RCF_ex1_p1,Carnosine,HMDB00033,188.748035645406,42.4,146.348035645406,345.16
Urina,04RCF_ex1_p1,Glycogen,,199.906571014716,,,
Urina,04RCF_ex1_p1,Glucose-6-Phosphate,,210.689991527453,,,
Urina,04RCF_ex1_p1,Citrate,HMDB00094,223.418196213954,131.6,91.818196213954,69.77
Urina,04RCF_ex1_p1,Glucose,HMDB00122,223.482157259534,177.1,46.38215725953401,26.19
Urina,04RCF_ex1_p1,2-Propanol,,224.860421390795,,,
Urina,04RCF_ex1_p1,trans-4-Hydroxy-L-Proline,,228.89294942317,,,
Urina,04RCF_ex1_p1,Ornithine,,241.515152673792,,,
Urina,04RCF_ex1_p1,2-Deoxyguanosine,,249.837699829408,,,
Urina,04RCF_ex1_p1,Xylitol,HMDB02917,266.468175644146,132.0,134.46817564414602,101.87
Urina,04RCF_ex1_p1,GABA,,276.373325001255,,,
Urina,04RCF_ex1_p1,Glutamate,,278.056229935124,,,
Urina,04RCF_ex1_p1,Glycerol,,284.110467989196,,,
Urina,04RCF_ex1_p1,Phenylglyoxylate,,301.367969254479,,,
Urina,04RCF_ex1_p1,Histidine,HMDB00177,311.479270112138,412.4,100.92072988786197,24.47
Urina,04RCF_ex1_p1,2-AminoAdipate,,318.192780267615,,,
Urina,04RCF_ex1_p1,2-Oxoglutarate,HMDB00208,321.245496173331,53.7,267.545496173331,498.22
Urina,04RCF_ex1_p1,Ethanolamine,HMDB00149,339.054248174686,298.9,40.15424817468602,13.43
Urina,04RCF_ex1_p1,Arabitol,,339.544905214968,,,
Urina,04RCF_ex1_p1,Creatinine,HMDB00562,347.580979498714,12524.0,12176.419020501286,97.22
Urina,04RCF_ex1_p1,Sorbitol,,369.297120593264,,,
Urina,04RCF_ex1_p1,Phenethylamine,,375.59954462356,,,
Urina,04RCF_ex1_p1,N-Acetylglycine,,400.015755457834,,,
Urina,04RCF_ex1_p1,Saccarate,,402.163132798539,,,
Urina,04RCF_ex1_p1,Asparagine,HMDB00168,411.706768826472,112.8,298.906768826472,264.99
Urina,04RCF_ex1_p1,N-Acetyl-L-Aspartate,,412.350233860506,,,
Urina,04RCF_ex1_p1,Isocitrate,,419.111971800778,,,
Urina,04RCF_ex1_p1,Citrulline,,426.201300568259,,,
Urina,04RCF_ex1_p1,"1,3-Diaminopropane",,432.241030482496,,,
Urina,04RCF_ex1_p1,Lactose,,456.716890505233,,,
Urina,04RCF_ex1_p1,Serine,HMDB00187,486.276509307543,399.9,86.37650930754302,21.6
Urina,04RCF_ex1_p1,Fructose,HMDB00660,489.300457358812,184.6,304.70045735881206,165.06
Urina,04RCF_ex1_p1,Malonate,HMDB00691,495.9443148138,308.3,187.6443148138,60.86
Urina,04RCF_ex1_p1,Myo-Inositol,,544.083428111835,,,
Urina,04RCF_ex1_p1,Cystine,,558.632735689887,,,
Urina,04RCF_ex1_p1,Dihydrothymine,,558.935044477809,,,
Urina,04RCF_ex1_p1,D-Gluconate,,572.199842639085,,,
Urina,04RCF_ex1_p1,Taurine,HMDB00251,580.788359361578,354.4,226.38835936157807,63.88
Urina,04RCF_ex1_p1,Proline,,661.207353370059,,,
Urina,04RCF_ex1_p1,3-Methyl-L-Histidine,,667.25738581643,,,
Urina,04RCF_ex1_p1,2-Deoxycytidine,,691.514704451838,,,
Urina,04RCF_ex1_p1,Threonate,,805.327949230049,,,
Urina,04RCF_ex1_p1,Hippurate,HMDB00714,878.80770231517,2053.8,1174.9922976848302,57.21
Urina,04RCF_ex1_p1,Cysteine,,891.642157891299,,,
Urina,04RCF_ex1_p1,Threitol,,950.203244347798,,,
Urina,04RCF_ex1_p1,Creatine,HMDB00064,1303.19299435412,112.3,1190.89299435412,1060.46
Urina,04RCF_ex1_p1,Uracil,HMDB00300,1468.19688621315,71.1,1397.0968862131501,1964.97
Urina,04RCF_ex1_p1,Cytosine,,2089.27062576867,,,
Urina,04RCF_ex1_p1,Glycolate,HMDB00115,2462.34384200255,255.1,2207.24384200255,865.25
Urina,05RCF_ex1_p1,Glycine,HMDB00123,0.0,661.6,661.6,100.0
Urina,05RCF_ex1_p1,Formate,HMDB00142,0.0,167.4,167.4,100.0
Urina,05RCF_ex1_p1,Methionine,HMDB00696,0.0,16.9,16.9,100.0
Urina,05RCF_ex1_p1,Acetate,HMDB00042,0.0,58.6,58.6,100.0
Urina,05RCF_ex1_p1,Tartarate,,0.0,,,
Urina,05RCF_ex1_p1,Adipate,,0.0,,,
Urina,05RCF_ex1_p1,Succinate,HMDB00254,0.0,13.8,13.8,100.0
Urina,05RCF_ex1_p1,CDP,,0.0,,,
Urina,05RCF_ex1_p1,Malonate,HMDB00691,0.0,289.3,289.3,100.0
Urina,05RCF_ex1_p1,Glutarate,,0.0,,,
Urina,05RCF_ex1_p1,Ascorbate,,0.0,,,
Urina,05RCF_ex1_p1,Propionate,,0.0,,,
Urina,05RCF_ex1_p1,NAD,,0.0345281718186784,,,
Urina,05RCF_ex1_p1,NADP,,0.0372646938389646,,,
Urina,05RCF_ex1_p1,Nicotinate,,0.0716121201153916,,,
Urina,05RCF_ex1_p1,Nicotinurate,,0.129164050607797,,,
Urina,05RCF_ex1_p1,AMP,,1.8445895119109,,,
Urina,05RCF_ex1_p1,Mandelate,,2.65416761663598,,,
Urina,05RCF_ex1_p1,Fumarate,,8.35059348426033,,,
Urina,05RCF_ex1_p1,Glutaconate,,25.0940184261436,,,
Urina,05RCF_ex1_p1,2-Deoxyadenosine,,58.2650259314814,,,
Urina,05RCF_ex1_p1,Trimethylamine,,66.393769956266,,,
Urina,05RCF_ex1_p1,IMP,,102.052682228424,,,
Urina,05RCF_ex1_p1,Isobutyrate,,124.982480574848,,,
Urina,05RCF_ex1_p1,Acetaminophen,,146.135477857607,,,
Urina,05RCF_ex1_p1,GDP,,148.003473588889,,,
Urina,05RCF_ex1_p1,Kynurenate,,156.628383311751,,,
Urina,05RCF_ex1_p1,UDP,,166.303430523291,,,
Urina,05RCF_ex1_p1,Adenosine,,204.192877830561,,,
Urina,05RCF_ex1_p1,Sebacate,,240.095420208736,,,
Urina,05RCF_ex1_p1,CTP,,257.008126650508,,,
Urina,05RCF_ex1_p1,Dimethylglycine,,260.216317288824,,,
Urina,05RCF_ex1_p1,Acetone,HMDB01659,264.232235471826,21.0,243.23223547182602,1158.25
Urina,05RCF_ex1_p1,Levulinate,,289.241870272022,,,
Urina,05RCF_ex1_p1,Hypoxanthine,HMDB00157,294.730719465521,43.2,251.53071946552103,582.25
Urina,05RCF_ex1_p1,Pyruvate,HMDB00243,314.779352901801,25.6,289.179352901801,1129.61
Urina,05RCF_ex1_p1,Citraconate,,320.973292681934,,,
Urina,05RCF_ex1_p1,Valine,HMDB00883,346.527688081548,28.4,318.127688081548,1120.17
Urina,05RCF_ex1_p1,Long-chain_alkane,,346.836767018317,,,
Urina,05RCF_ex1_p1,ATP,,358.722487631486,,,
Urina,05RCF_ex1_p1,2-HydroxyphenylAcetate,,409.140420342011,,,
Urina,05RCF_ex1_p1,Uridine,HMDB00296,460.046822452164,11.3,448.746822452164,3971.21
Urina,05RCF_ex1_p1,Pantothenate,HMDB00210,490.58485559873,31.9,458.68485559873,1437.88
Urina,05RCF_ex1_p1,TMAO,,498.48897317683,,,
Urina,05RCF_ex1_p1,4-HydroxyphenylAcetate,,499.081844418201,,,
Urina,05RCF_ex1_p1,Phosphocholine,,503.726338340115,,,
Urina,05RCF_ex1_p1,Inosine,,506.290059031543,,,
Urina,05RCF_ex1_p1,Cadaverine,,528.201843327888,,,
Urina,05RCF_ex1_p1,Homovanillate,,542.768537563351,,,
Urina,05RCF_ex1_p1,7-Methylxanthine,,570.157698594356,,,
Urina,05RCF_ex1_p1,Urocanate,HMDB00301,572.539708888012,14.2,558.339708888012,3931.97
Urina,05RCF_ex1_p1,N-(2-Furoyl)Glycine,,580.675938818321,,,
Urina,05RCF_ex1_p1,CMP,,582.977927576173,,,
Urina,05RCF_ex1_p1,Syringate,,586.670690310465,,,
Urina,05RCF_ex1_p1,Leucine,HMDB00687,673.266665145432,27.0,646.266665145432,2393.58
Urina,05RCF_ex1_p1,Maltose,,708.077687137236,,,
Urina,05RCF_ex1_p1,CholineChloride,,729.793456082509,,,
Urina,05RCF_ex1_p1,Adenine,,773.556198657585,,,
Urina,05RCF_ex1_p1,Trigonelline,HMDB00875,776.955011523519,453.9,323.05501152351906,71.17
Urina,05RCF_ex1_p1,Cystine,,818.036319591275,,,
Urina,05RCF_ex1_p1,Glycerophosphocholine,,819.807297609259,,,
Urina,05RCF_ex1_p1,dAMP,,857.899420594494,,,
Urina,05RCF_ex1_p1,2-Oxoisovalerate,,872.286431523403,,,
Urina,05RCF_ex1_p1,Isoleucine,HMDB00172,896.953518249036,10.8,886.1535182490361,8205.13
Urina,05RCF_ex1_p1,Galactose,,905.959775707525,,,
Urina,05RCF_ex1_p1,Alanine,HMDB00161,915.180656777835,146.2,768.9806567778351,525.98
Urina,05RCF_ex1_p1,Trans-Acotinate,,929.598238967391,,,
Urina,05RCF_ex1_p1,Argininosuccinate,,943.97938281723,,,
Urina,05RCF_ex1_p1,Ethylmalonate,,946.8621780481,,,
Urina,05RCF_ex1_p1,Vanillate,,953.370390971221,,,
Urina,05RCF_ex1_p1,GMP,,957.986481542199,,,
Urina,05RCF_ex1_p1,Saturated_fattty_acids,,962.124809240388,,,
Urina,05RCF_ex1_p1,Isovalerate,,962.631167368598,,,
Urina,05RCF_ex1_p1,4-EthylPhenol,,964.457781659971,,,
Urina,05RCF_ex1_p1,Glutathione-reduced,,988.19844504038,,,
Urina,05RCF_ex1_p1,Benzoate,,1018.97016363543,,,
Urina,05RCF_ex1_p1,Hypotaurine,,1100.98904438906,,,
Urina,05RCF_ex1_p1,alpha-Hydroxyisobutyrate,,1115.43862448341,,,
Urina,05RCF_ex1_p1,2-Methylglutarate,,1126.89870470551,,,
Urina,05RCF_ex1_p1,PropyleneGlycol,,1143.78279589147,,,
Urina,05RCF_ex1_p1,Xylitol,HMDB02917,1186.88364809436,158.7,1028.18364809436,647.88
Urina,05RCF_ex1_p1,Glucose,HMDB00122,1230.76836160318,153.4,1077.36836160318,702.33
Urina,05RCF_ex1_p1,UDPG,,1249.65968867928,,,
Urina,05RCF_ex1_p1,Acetoacetate,HMDB00060,1252.06556757704,35.7,1216.3655675770399,3407.19
Urina,05RCF_ex1_p1,Azelaic ate,,1262.76551303712,,,
Urina,05RCF_ex1_p1,Allantoin,,1273.2194112044,,,
Urina,05RCF_ex1_p1,Tyrosine,HMDB00158,1364.66543812727,88.4,1276.2654381272698,1443.74
Urina,05RCF_ex1_p1,2-Aminobutyrate,,1415.16144204147,,,
Urina,05RCF_ex1_p1,GTP,,1436.0408181627,,,
Urina,05RCF_ex1_p1,Glycogen,,1483.73689222166,,,
Urina,05RCF_ex1_p1,Carnitine,HMDB00062,1498.97965040711,16.5,1482.47965040711,8984.73
Urina,05RCF_ex1_p1,Valerate,,1507.08033495286,,,
Urina,05RCF_ex1_p1,2-Oxobutyrate,,1524.9308630282,,,
Urina,05RCF_ex1_p1,Glutathione-oxidized,,1561.02476828207,,,
Urina,05RCF_ex1_p1,4-AminoHippurate,,1603.52371111758,,,
Urina,05RCF_ex1_p1,UTP,,1624.27468034224,,,
Urina,05RCF_ex1_p1,Anserine,,1644.41423357429,,,
Urina,05RCF_ex1_p1,UMP,,1661.62440325952,,,
Urina,05RCF_ex1_p1,2-Picolinate,,1673.05706656514,,,
Urina,05RCF_ex1_p1,Pyrocatechol,,1686.70064654233,,,
Urina,05RCF_ex1_p1,3-Hydroxybutyrate,HMDB00357,1689.65387613785,30.0,1659.65387613785,5532.18
Urina,05RCF_ex1_p1,O-Acetyl-L-Carnitine,,1789.7180829771,,,
Urina,05RCF_ex1_p1,trans-Ferulate,,1835.53863066977,,,
Urina,05RCF_ex1_p1,Dimethylsulfone,,1835.63494143576,,,
Urina,05RCF_ex1_p1,Carnosine,HMDB00033,1836.03824153413,126.6,1709.4382415341302,1350.27
Urina,05RCF_ex1_p1,S-Acetamidomethylcysteine,,1888.29836984709,,,
Urina,05RCF_ex1_p1,2-Propanol,,1924.37076914856,,,
Urina,05RCF_ex1_p1,Methylamine,,1928.27491853934,,,
Urina,05RCF_ex1_p1,DehydroAscorbate,,1974.38813876572,,,
Urina,05RCF_ex1_p1,Levoglucosan,,2127.23020450605,,,
Urina,05RCF_ex1_p1,Dimethylamine,HMDB00087,2130.94708200933,327.3,1803.6470820093302,551.07
Urina,05RCF_ex1_p1,N-Acetylglycine,,2136.532511429,,,
Urina,05RCF_ex1_p1,Fucose,HMDB00174,2209.65241643635,108.0,2101.65241643635,1945.97
Urina,05RCF_ex1_p1,Threonine,HMDB00167,2211.82066047386,169.8,2042.0206604738598,1202.6
Urina,05RCF_ex1_p1,Tryptophan,HMDB00929,2212.90023267145,44.3,2168.6002326714497,4895.26
Urina,05RCF_ex1_p1,Methylguanidine,,2235.0667334812,,,
Urina,05RCF_ex1_p1,Mannose,,2261.15615797823,,,
Urina,05RCF_ex1_p1,5-AminoValerate,,2269.05210740539,,,
Urina,05RCF_ex1_p1,3-Methyladipate,,2282.87075047014,,,
Urina,05RCF_ex1_p1,Quinolinate,,2306.48943526894,,,
Urina,05RCF_ex1_p1,Guanidinoacetate,,2329.02614293004,,,
Urina,05RCF_ex1_p1,2-Deoxyguanosine,,2465.47966130097,,,
Urina,05RCF_ex1_p1,Sarcosine,,2493.36364041659,,,
Urina,05RCF_ex1_p1,Spermidine,,2567.39585724815,,,
Urina,05RCF_ex1_p1,3-HydroxyphenylAcetate,,2639.30358993419,,,
Urina,05RCF_ex1_p1,Methylmalonate,,2684.51742420403,,,
Urina,05RCF_ex1_p1,Galactitol,,2720.26020980336,,,
Urina,05RCF_ex1_p1,Ornithine,,2775.19554517834,,,
Urina,05RCF_ex1_p1,1-Methyl-L-Histidine,,2789.70012088616,,,
Urina,05RCF_ex1_p1,Citrate,HMDB00094,2825.53840832217,630.2,2195.33840832217,348.36
Urina,05RCF_ex1_p1,3-Methyl-L-Histidine,,2835.45489086151,,,
Urina,05RCF_ex1_p1,Histidine,HMDB00177,2837.03110961823,787.5,2049.53110961823,260.26
Urina,05RCF_ex1_p1,trans-4-Hydroxy-L-Proline,,2858.9114878993,,,
Urina,05RCF_ex1_p1,Creatine,HMDB00064,3001.06086839243,36.0,2965.06086839243,8236.28
Urina,05RCF_ex1_p1,D-Glucuronate,,3007.07782432055,,,
Urina,05RCF_ex1_p1,Putrescine,,3014.84220421603,,,
Urina,05RCF_ex1_p1,Arginine,,3047.46402909258,,,
Urina,05RCF_ex1_p1,Phenylalanine,,3099.8461551443,,,
Urina,05RCF_ex1_p1,N-Acetyl-L-Aspartate,,3271.12398987494,,,
Urina,05RCF_ex1_p1,3-PhenylPropionate,,3321.48802211088,,,
Urina,05RCF_ex1_p1,Malate,,3449.70502868812,,,
Urina,05RCF_ex1_p1,2-Oxoglutarate,HMDB00208,3625.18706497063,73.9,3551.28706497063,4805.53
Urina,05RCF_ex1_p1,Lysine,HMDB00182,3866.11945223479,60.5,3805.61945223479,6290.28
Urina,05RCF_ex1_p1,1-Methylhydantoin,,3919.00116496414,,,
Urina,05RCF_ex1_p1,Glutamine,HMDB00641,3944.14562315616,352.1,3592.04562315616,1020.18
Urina,05RCF_ex1_p1,Lactate,HMDB00190,3978.5765491614,18.9,3959.6765491614,20950.67
Urina,05RCF_ex1_p1,Glycerol,,4086.24647547374,,,
Urina,05RCF_ex1_p1,Fructose,HMDB00660,4207.34465296616,240.4,3966.9446529661595,1650.14
Urina,05RCF_ex1_p1,Beta-Alanine,,4266.21936726771,,,
Urina,05RCF_ex1_p1,Myo-Inositol,,4707.78355426033,,,
Urina,05RCF_ex1_p1,GABA,,4714.25382546497,,,
Urina,05RCF_ex1_p1,Asparagine,HMDB00168,4798.21524199617,200.8,4597.41524199617,2289.55
Urina,05RCF_ex1_p1,Pyroglutamate,HMDB00267,5144.73035332519,140.1,5004.630353325189,3572.18
Urina,05RCF_ex1_p1,Glucose-6-Phosphate,,5156.00321485144,,,
Urina,05RCF_ex1_p1,Dihydrothymine,,5536.50938948365,,,
Urina,05RCF_ex1_p1,Indoxylsulfate,,5666.64292189022,,,
Urina,05RCF_ex1_p1,Sorbitol,,5998.48628532254,,,
Urina,05RCF_ex1_p1,2-AminoAdipate,,6639.66028720984,,,
Urina,05RCF_ex1_p1,Citrulline,,6743.31720492762,,,
Urina,05RCF_ex1_p1,D-Gluconate,,7097.90906309546,,,
Urina,05RCF_ex1_p1,Serine,HMDB00187,7336.11368298683,486.8,6849.31368298683,1407.01
Urina,05RCF_ex1_p1,2-Deoxycytidine,,7576.17545232383,,,
Urina,05RCF_ex1_p1,"1,3-Diaminopropane",,8019.34367190621,,,
Urina,05RCF_ex1_p1,Taurine,HMDB00251,8226.88454851002,161.8,8065.084548510019,4984.6
Urina,05RCF_ex1_p1,Glutamate,,8382.94222863255,,,
Urina,05RCF_ex1_p1,Aspartate,,8603.24094551183,,,
Urina,05RCF_ex1_p1,3-Methylxanthine,,9891.35335035855,,,
Urina,05RCF_ex1_p1,Lactose,,10001.4397014805,,,
Urina,05RCF_ex1_p1,Arabitol,,10552.5793771916,,,
Urina,05RCF_ex1_p1,Betaine,HMDB00043,11078.2949073543,43.2,11035.0949073543,25544.2
Urina,05RCF_ex1_p1,Isocitrate,,11335.2255490719,,,
Urina,05RCF_ex1_p1,Threitol,,11672.8718793612,,,
Urina,05RCF_ex1_p1,Hippurate,HMDB00714,11806.4199982195,1300.5,10505.9199982195,807.84
Urina,05RCF_ex1_p1,Proline,,12024.245195586,,,
Urina,05RCF_ex1_p1,Phenylglyoxylate,,12038.4359619402,,,
Urina,05RCF_ex1_p1,Ethanolamine,HMDB00149,12714.5785970287,389.9,12324.6785970287,3160.98
Urina,05RCF_ex1_p1,Saccarate,,13193.3624816816,,,
Urina,05RCF_ex1_p1,Cytosine,,14766.8120094858,,,
Urina,05RCF_ex1_p1,Threonate,,14929.4453857664,,,
Urina,05RCF_ex1_p1,Phenethylamine,,15304.9984359077,,,
Urina,05RCF_ex1_p1,Glycolate,HMDB00115,16058.0484068517,329.6,15728.4484068517,4771.98
Urina,05RCF_ex1_p1,Uracil,HMDB00300,17820.0657719967,76.4,17743.665771996697,23224.69
Urina,05RCF_ex1_p1,Cysteine,,18720.2784345211,,,
Urina,05RCF_ex1_p1,Creatinine,HMDB00562,292099.109858963,11828.5,280270.609858963,2369.45
