Biofluido,Experiment,Metabolite,HMDB,Concentration_ASICS,Concentration_GS,Metodo,Diferenca_Absoluta,Erro_Percentual
Soro,1_1H,Gluconate,,0.0,,CSV,,
Soro,1_1H,Levoglucosan,,0.0,,CSV,,
Soro,1_1H,Glucose-6-Phosphate,,0.0,,CSV,,
Soro,1_1H,Serine,HMDB00187,0.0,45.2,CSV,45.2,100.0
Soro,1_1H,Pyroglutamate,HMDB00267,0.0,,CSV,,
Soro,1_1H,Saccarate,,0.0,,CSV,,
Soro,1_1H,Methionine,HMDB00696,0.0,7.7,CSV,7.7,100.0
Soro,1_1H,Lactose,,0.0,,CSV,,
Soro,1_1H,2-Hydroxybutyrate,,0.0,10.4,CSV,10.4,100.0
Soro,1_1H,Ethanolamine,HMDB00149,0.0,,CSV,,
Soro,1_1H,S-Acetamidomethylcysteine,,0.0,,CSV,,
Soro,1_1H,Butyrate,HMDB00039,0.0,,CSV,,
Soro,1_1H,Glutathione-oxidized,,0.0,,CSV,,
Soro,1_1H,TMAO,,0.0,,CSV,,
Soro,1_1H,2-Deoxyadenosine,,0.0,,CSV,,
Soro,1_1H,Creatinine,HMDB00562,0.0,17.8,CSV,17.8,100.0
Soro,1_1H,CTP,,0.0,,CSV,,
Soro,1_1H,Urocanate,HMDB00301,0.0,,CSV,,
Soro,1_1H,Homovanillate,,0.0,,CSV,,
Soro,1_1H,Threonate,,0.0,,CSV,,
Soro,1_1H,2-Deoxycytidine,,0.0,,CSV,,
Soro,1_1H,N-(2-Furoyl)Glycine,,0.0,,CSV,,
Soro,1_1H,Asparagine,HMDB00168,0.0,13.2,CSV,13.2,100.0
Soro,1_1H,Levulinate,,0.0,,CSV,,
Soro,1_1H,Vanillate,,0.0,,CSV,,
Soro,1_1H,Allantoin,,0.0,,CSV,,
Soro,1_1H,Glycolate,HMDB00115,0.0,,CSV,,
Soro,1_1H,Histidine,HMDB00177,0.0,25.2,CSV,25.2,100.0
Soro,1_1H,Adenosine,,0.0,,CSV,,
Soro,1_1H,Nicotinate,,0.0,,CSV,,
Soro,1_1H,Malonate,HMDB00691,0.0,,CSV,,
Soro,1_1H,Glutathione-reduced,,0.0,,CSV,,
Soro,1_1H,GDP,,0.0,,CSV,,
Soro,1_1H,Inosine,,0.0,0.0,CSV,0.0,
Soro,1_1H,Trigonelline,HMDB00875,0.0,,CSV,,
Soro,1_1H,NAD,,0.0,,CSV,,
Soro,1_1H,UDPG,,0.0,,CSV,,
Soro,1_1H,AMP,,0.0,,CSV,,
Soro,1_1H,Hypoxanthine,HMDB00157,0.215230725324055,0.0,CSV,0.215230725324055,
Soro,1_1H,Fumarate,,0.340253764253065,,CSV,,
Soro,1_1H,Nicotinurate,,0.373939926640473,,CSV,,
Soro,1_1H,Sarcosine,,0.587809682404206,,CSV,,
Soro,1_1H,2-Picolinate,,0.651665606634424,,CSV,,
Soro,1_1H,Uridine,HMDB00296,0.696631043336979,,CSV,,
Soro,1_1H,ATP,,0.789337562519016,,CSV,,
Soro,1_1H,Cytosine,,0.834544868454243,,CSV,,
Soro,1_1H,Adenine,,0.970143421134985,,CSV,,
Soro,1_1H,Tyrosine,HMDB00158,0.988427766715709,16.6,CSV,15.611572233284292,94.05
Soro,1_1H,Tartarate,,1.23789789161485,,CSV,,
Soro,1_1H,Quinolinate,,1.48905196263439,,CSV,,
Soro,1_1H,dAMP,,1.61452179219807,,CSV,,
Soro,1_1H,Dimethylglycine,,1.76707934052687,,CSV,,
Soro,1_1H,Pimelate,,1.99843323115525,,CSV,,
Soro,1_1H,Formate,HMDB00142,2.09015733832056,2.7,CSV,0.6098426616794401,22.59
Soro,1_1H,Dimethylamine,HMDB00087,2.21983166131483,,CSV,,
Soro,1_1H,Isobutyrate,,2.22762096848615,,CSV,,
Soro,1_1H,Kynurenate,,2.427194799899,,CSV,,
Soro,1_1H,Glutaconate,,2.43004324589594,,CSV,,
Soro,1_1H,Acetate,HMDB00042,2.71431397187705,24.8,CSV,22.08568602812295,89.06
Soro,1_1H,Oxypurinol,,2.82295189420792,,CSV,,
Soro,1_1H,Long-chain_alkane,,2.91925860157586,,CSV,,
Soro,1_1H,2-HydroxyphenylAcetate,,3.22839568289599,,CSV,,
Soro,1_1H,Citraconate,,3.5444552432005,,CSV,,
Soro,1_1H,Carnosine,HMDB00033,3.55167354869461,,CSV,,
Soro,1_1H,N-Acetyl-L-Aspartate,,3.61215951612477,,CSV,,
Soro,1_1H,Trimethylamine,,3.71282990594555,,CSV,,
Soro,1_1H,beta-Hydroxyisovalerate,,3.98845929691143,,CSV,,
Soro,1_1H,Fructose,HMDB00660,4.02485316016968,,CSV,,
Soro,1_1H,Acetone,HMDB01659,4.10037267738615,2.8,CSV,1.3003726773861501,46.44
Soro,1_1H,Pyrocatechol,,4.30527376284056,,CSV,,
Soro,1_1H,2-Methylglutarate,,4.68657538294339,,CSV,,
Soro,1_1H,3-HydroxyphenylAcetate,,4.69812607766898,,CSV,,
Soro,1_1H,Propionate,,5.35072913253852,,CSV,,
Soro,1_1H,1-Methylhydantoin,,5.94699707403737,,CSV,,
Soro,1_1H,Methylguanidine,,6.03689058988817,,CSV,,
Soro,1_1H,2-Oxoisovalerate,,6.05662366382415,,CSV,,
Soro,1_1H,Methylamine,,6.33955857233311,,CSV,,
Soro,1_1H,1-Methyl-L-Histidine,,6.56432829041155,,CSV,,
Soro,1_1H,trans-Ferulate,,9.46799477937385,,CSV,,
Soro,1_1H,Azelaic ate,,10.4901892326758,,CSV,,
Soro,1_1H,Acetaminophen,,10.8129234795567,,CSV,,
Soro,1_1H,Dimethylsulfone,,11.7339420355635,,CSV,,
Soro,1_1H,Malate,,13.0606659963176,,CSV,,
Soro,1_1H,O-Acetyl-L-Carnitine,,15.1800615082779,,CSV,,
Soro,1_1H,Acetoacetate,HMDB00060,15.2187785921052,3.3,CSV,11.918778592105202,361.18
Soro,1_1H,Phenylglyoxylate,,16.0103710638602,,CSV,,
Soro,1_1H,Glutarate,,16.7460018061632,,CSV,,
Soro,1_1H,Mandelate,,17.4361131185841,,CSV,,
Soro,1_1H,Isovalerate,,17.5459943161054,,CSV,,
Soro,1_1H,Creatine,HMDB00064,17.6105112355092,15.6,CSV,2.0105112355092007,12.89
Soro,1_1H,Anserine,,18.0071842658967,,CSV,,
Soro,1_1H,3-PhenylPropionate,,20.9566764515119,,CSV,,
Soro,1_1H,4-AminoHippurate,,23.3826915335934,,CSV,,
Soro,1_1H,Trans-Acotinate,,23.5790466400921,,CSV,,
Soro,1_1H,Benzoate,,23.9299035924576,3.2,CSV,20.7299035924576,647.81
Soro,1_1H,4-EthylPhenol,,25.3167394513526,,CSV,,
Soro,1_1H,Sebacate,,25.414276305917,,CSV,,
Soro,1_1H,Beta-Alanine,,25.7713990512534,,CSV,,
Soro,1_1H,2-Oxobutyrate,,25.8509369396327,,CSV,,
Soro,1_1H,Adipate,,29.0510406337007,,CSV,,
Soro,1_1H,Phenylalanine,,29.6427584516777,21.4,CSV,8.242758451677702,38.52
Soro,1_1H,Hippurate,HMDB00714,30.2789296246294,,CSV,,
Soro,1_1H,Threitol,,30.8558058652253,,CSV,,
Soro,1_1H,Syringate,,31.3604806904393,,CSV,,
Soro,1_1H,Betaine,HMDB00043,31.8244555830527,6.6,CSV,25.224455583052702,382.19
Soro,1_1H,Maltose,,36.9192604276974,,CSV,,
Soro,1_1H,Valerate,,37.8279840885888,,CSV,,
Soro,1_1H,Uracil,HMDB00300,39.2883075718885,,CSV,,
Soro,1_1H,Glycerophosphocholine,,39.6785353380581,,CSV,,
Soro,1_1H,Ethylmalonate,,40.6396225455245,,CSV,,
Soro,1_1H,Pyruvate,HMDB00243,40.8233219177675,14.5,CSV,26.3233219177675,181.54
Soro,1_1H,alpha-Hydroxyisobutyrate,,41.0113589511485,,CSV,,
Soro,1_1H,Tryptophan,HMDB00929,43.3987257569548,,CSV,,
Soro,1_1H,Phenethylamine,,43.735786824292,,CSV,,
Soro,1_1H,Galactose,,44.309834786076,,CSV,,
Soro,1_1H,Glycogen,,44.4429578786127,,CSV,,
Soro,1_1H,Indoxylsulfate,,45.3727589337841,,CSV,,
Soro,1_1H,GABA,,45.8764453143184,,CSV,,
Soro,1_1H,"1,3-Diaminopropane",,48.6599322238338,,CSV,,
Soro,1_1H,Aspartate,,49.5243280786287,11.0,CSV,38.5243280786287,350.22
Soro,1_1H,Fucose,HMDB00174,50.3828313863758,,CSV,,
Soro,1_1H,2-Propanol,,52.8161479641483,,CSV,,
Soro,1_1H,Succinate,HMDB00254,52.8954599973986,4.1,CSV,48.7954599973986,1190.13
Soro,1_1H,Ornithine,,55.5788202880431,13.1,CSV,42.478820288043096,324.27
Soro,1_1H,trans-4-Hydroxy-L-Proline,,58.8194212193487,,CSV,,
Soro,1_1H,Pantothenate,HMDB00210,60.2409433241426,,CSV,,
Soro,1_1H,Saturated_fattty_acids,,62.9091556897401,,CSV,,
Soro,1_1H,Isocitrate,,63.6886270380789,,CSV,,
Soro,1_1H,DehydroAscorbate,,65.2061208038257,,CSV,,
Soro,1_1H,3-Methylxanthine,,66.837743882022,,CSV,,
Soro,1_1H,7-Methylxanthine,,67.3710838484975,,CSV,,
Soro,1_1H,CholineChloride,,68.1646700820944,,CSV,,
Soro,1_1H,Hypotaurine,,75.5006739164321,,CSV,,
Soro,1_1H,3-Methyl-L-Histidine,,76.7755286005286,,CSV,,
Soro,1_1H,Alanine,HMDB00161,78.2007721999727,101.6,CSV,23.39922780002729,23.03
Soro,1_1H,Isoleucine,HMDB00172,78.586025088064,15.6,CSV,62.986025088064004,403.76
Soro,1_1H,Spermidine,,80.4376880820859,,CSV,,
Soro,1_1H,Myo-Inositol,,82.2896495767378,,CSV,,
Soro,1_1H,Glycine,HMDB00123,86.8127783079011,102.1,CSV,15.287221692098896,14.97
Soro,1_1H,Phosphocholine,,92.9371633413705,,CSV,,
Soro,1_1H,PropyleneGlycol,,95.1440842527963,,CSV,,
Soro,1_1H,Arabitol,,98.0418594089706,,CSV,,
Soro,1_1H,5-AminoValerate,,103.412706490673,,CSV,,
Soro,1_1H,Putrescine,,104.819767101851,,CSV,,
Soro,1_1H,2-Oxoglutarate,HMDB00208,106.648190536928,2.9,CSV,103.74819053692799,3577.52
Soro,1_1H,Cadaverine,,110.689784143926,,CSV,,
Soro,1_1H,Citrate,HMDB00094,110.85042357888,28.0,CSV,82.85042357888,295.89
Soro,1_1H,3-Methyladipate,,111.656358814161,,CSV,,
Soro,1_1H,Valine,HMDB00883,114.146490245043,60.9,CSV,53.246490245043,87.43
Soro,1_1H,N-Acetylglycine,,115.736530330455,,CSV,,
Soro,1_1H,Threonine,HMDB00167,121.228738918653,33.0,CSV,88.228738918653,267.36
Soro,1_1H,3-Hydroxybutyrate,HMDB00357,137.095755851367,18.2,CSV,118.89575585136699,653.27
Soro,1_1H,4-HydroxyphenylAcetate,,153.537323322365,,CSV,,
Soro,1_1H,2-AminoAdipate,,163.010820631738,,CSV,,
Soro,1_1H,Dihydrothymine,,168.048060764475,,CSV,,
Soro,1_1H,Arginine,,174.923042476634,39.9,CSV,135.023042476634,338.4
Soro,1_1H,Mannose,,175.459757626102,19.1,CSV,156.359757626102,818.64
Soro,1_1H,Guanidinoacetate,,181.459653819165,,CSV,,
Soro,1_1H,Citrulline,,188.427559000315,,CSV,,
Soro,1_1H,Methylmalonate,,213.662818020665,,CSV,,
Soro,1_1H,Cystine,,224.430584630589,,CSV,,
Soro,1_1H,Ascorbate,,226.391290795812,,CSV,,
Soro,1_1H,Taurine,HMDB00251,226.429257914667,53.1,CSV,173.329257914667,326.42
Soro,1_1H,Xylitol,HMDB02917,245.24771834259,,CSV,,
Soro,1_1H,Carnitine,HMDB00062,247.173385733154,11.7,CSV,235.473385733154,2012.59
Soro,1_1H,Leucine,HMDB00687,247.391286361861,33.4,CSV,213.991286361861,640.69
Soro,1_1H,Glucuronate,,253.163216965403,,CSV,,
Soro,1_1H,Methanol,,267.555205475398,24.6,CSV,242.955205475398,987.62
Soro,1_1H,Glycerol,,313.070647293335,70.9,CSV,242.170647293335,341.57
Soro,1_1H,Galactitol,,368.381538015297,,CSV,,
Soro,1_1H,Lysine,HMDB00182,394.199843961683,57.9,CSV,336.299843961683,580.83
Soro,1_1H,Sorbitol,,428.867300709028,,CSV,,
Soro,1_1H,2-Aminobutyrate,,488.602655210249,5.6,CSV,483.002655210249,8625.05
Soro,1_1H,Glutamate,,622.710099039148,59.7,CSV,563.0100990391479,943.07
Soro,1_1H,Proline,,743.11033164233,31.8,CSV,711.3103316423301,2236.82
Soro,1_1H,Glycerate,,743.246379720859,,CSV,,
Soro,1_1H,Glutamine,HMDB00641,827.866926946014,146.9,CSV,680.966926946014,463.56
Soro,1_1H,Lactate,HMDB00190,1061.45540894701,777.8,CSV,283.6554089470101,36.47
Soro,1_1H,Glucose,HMDB00122,3579.63556210069,1197.5,CSV,2382.13556210069,198.93
Soro,20_1H,2-Oxoglutarate,HMDB00208,0.0,2.5,CSV,2.5,100.0
Soro,20_1H,Arabitol,,0.0,,CSV,,
Soro,20_1H,trans-4-Hydroxy-L-Proline,,0.0,,CSV,,
Soro,20_1H,Succinate,HMDB00254,0.0,2.8,CSV,2.8,100.0
Soro,20_1H,Indoxylsulfate,,0.0,,CSV,,
Soro,20_1H,Phenethylamine,,0.0,,CSV,,
Soro,20_1H,Uracil,HMDB00300,0.0,,CSV,,
Soro,20_1H,Syringate,,0.0,,CSV,,
Soro,20_1H,Benzoate,,0.0,0.0,CSV,0.0,
Soro,20_1H,Glutarate,,0.0,,CSV,,
Soro,20_1H,trans-Ferulate,,0.0,,CSV,,
Soro,20_1H,1-Methyl-L-Histidine,,0.0,,CSV,,
Soro,20_1H,3-HydroxyphenylAcetate,,0.0,,CSV,,
Soro,20_1H,Pyrocatechol,,0.0,,CSV,,
Soro,20_1H,Carnosine,HMDB00033,0.0,,CSV,,
Soro,20_1H,Long-chain_alkane,,0.0,,CSV,,
Soro,20_1H,Oxypurinol,,0.0,,CSV,,
Soro,20_1H,Acetate,HMDB00042,0.0,7.0,CSV,7.0,100.0
Soro,20_1H,Glutaconate,,0.0,,CSV,,
Soro,20_1H,Kynurenate,,0.0,,CSV,,
Soro,20_1H,Pimelate,,0.0,,CSV,,
Soro,20_1H,Cytosine,,0.0,,CSV,,
Soro,20_1H,ATP,,0.0,,CSV,,
Soro,20_1H,Uridine,HMDB00296,0.0,,CSV,,
Soro,20_1H,2-Picolinate,,0.0,,CSV,,
Soro,20_1H,Nicotinurate,,0.0,,CSV,,
Soro,20_1H,Homovanillate,,0.0,,CSV,,
Soro,20_1H,Threonate,,0.0,,CSV,,
Soro,20_1H,2-Deoxycytidine,,0.0,,CSV,,
Soro,20_1H,N-(2-Furoyl)Glycine,,0.0,,CSV,,
Soro,20_1H,Asparagine,HMDB00168,0.0,13.1,CSV,13.1,100.0
Soro,20_1H,Levulinate,,0.0,,CSV,,
Soro,20_1H,Vanillate,,0.0,,CSV,,
Soro,20_1H,Allantoin,,0.0,,CSV,,
Soro,20_1H,Glycolate,HMDB00115,0.0,,CSV,,
Soro,20_1H,Histidine,HMDB00177,0.0,29.9,CSV,29.9,100.0
Soro,20_1H,Adenosine,,0.0,,CSV,,
Soro,20_1H,Nicotinate,,0.0,,CSV,,
Soro,20_1H,Malonate,HMDB00691,0.0,,CSV,,
Soro,20_1H,Glutathione-reduced,,0.0,,CSV,,
Soro,20_1H,GDP,,0.0,,CSV,,
Soro,20_1H,Inosine,,0.0,0.0,CSV,0.0,
Soro,20_1H,Trigonelline,HMDB00875,0.0,,CSV,,
Soro,20_1H,NAD,,0.0,,CSV,,
Soro,20_1H,UDPG,,0.0,,CSV,,
Soro,20_1H,AMP,,0.0,,CSV,,
Soro,20_1H,Hypoxanthine,HMDB00157,0.0871915649766997,2.8,CSV,2.7128084350233,96.89
Soro,20_1H,Urocanate,HMDB00301,0.146449134409027,,CSV,,
Soro,20_1H,Acetaminophen,,0.246686620976212,,CSV,,
Soro,20_1H,Tryptophan,HMDB00929,0.391167928483864,,CSV,,
Soro,20_1H,Methylamine,,0.471423474158213,,CSV,,
Soro,20_1H,2-HydroxyphenylAcetate,,0.499814982794753,,CSV,,
Soro,20_1H,Quinolinate,,0.60014191163376,,CSV,,
Soro,20_1H,Dimethylamine,HMDB00087,0.788995449139363,,CSV,,
Soro,20_1H,CTP,,0.804152538073377,,CSV,,
Soro,20_1H,2-Oxobutyrate,,1.23255726026797,,CSV,,
Soro,20_1H,Phenylglyoxylate,,1.28892520209858,,CSV,,
Soro,20_1H,Adenine,,1.29995365878588,,CSV,,
Soro,20_1H,Hippurate,HMDB00714,1.75825350115474,,CSV,,
Soro,20_1H,Dimethylglycine,,1.95899654558534,,CSV,,
Soro,20_1H,Fumarate,,2.27564712820044,,CSV,,
Soro,20_1H,Dihydrothymine,,2.75172475403411,,CSV,,
Soro,20_1H,4-AminoHippurate,,2.99755723997052,,CSV,,
Soro,20_1H,Sarcosine,,3.2123546441747,,CSV,,
Soro,20_1H,Isocitrate,,3.78011397867619,,CSV,,
Soro,20_1H,dAMP,,4.2073294980037,,CSV,,
Soro,20_1H,Trimethylamine,,4.72442072653042,,CSV,,
Soro,20_1H,Creatinine,HMDB00562,4.81354790418786,14.8,CSV,9.98645209581214,67.48
Soro,20_1H,2-Deoxyadenosine,,5.87673537512496,,CSV,,
Soro,20_1H,Methylguanidine,,5.90696643897712,,CSV,,
Soro,20_1H,Anserine,,6.20996988854796,,CSV,,
Soro,20_1H,Acetone,HMDB01659,6.65980703794609,1.6,CSV,5.05980703794609,316.24
Soro,20_1H,Tartarate,,6.7659833734872,,CSV,,
Soro,20_1H,Glycerophosphocholine,,7.15935219139094,,CSV,,
Soro,20_1H,N-Acetyl-L-Aspartate,,8.39809563179789,,CSV,,
Soro,20_1H,TMAO,,8.43697191897127,,CSV,,
Soro,20_1H,Creatine,HMDB00064,9.19081643101349,6.0,CSV,3.1908164310134897,53.18
Soro,20_1H,alpha-Hydroxyisobutyrate,,11.4056744268616,,CSV,,
Soro,20_1H,Glutathione-oxidized,,11.7210161573522,,CSV,,
Soro,20_1H,4-EthylPhenol,,13.1782358112386,,CSV,,
Soro,20_1H,Adipate,,14.145038112692,,CSV,,
Soro,20_1H,Acetoacetate,HMDB00060,15.7508387390301,0.9,CSV,14.850838739030099,1650.09
Soro,20_1H,Mandelate,,16.0036327856012,,CSV,,
Soro,20_1H,beta-Hydroxyisovalerate,,16.7186037247094,,CSV,,
Soro,20_1H,Butyrate,HMDB00039,17.7441846115718,,CSV,,
Soro,20_1H,Dimethylsulfone,,19.023628389866,,CSV,,
Soro,20_1H,Trans-Acotinate,,20.326026975244,,CSV,,
Soro,20_1H,N-Acetylglycine,,22.9067240967495,,CSV,,
Soro,20_1H,Myo-Inositol,,23.3452154110593,,CSV,,
Soro,20_1H,1-Methylhydantoin,,23.4889826149621,,CSV,,
Soro,20_1H,Citraconate,,28.1279812889012,,CSV,,
Soro,20_1H,3-PhenylPropionate,,28.4296720216205,,CSV,,
Soro,20_1H,Azelaic ate,,30.3762667072729,,CSV,,
Soro,20_1H,Isobutyrate,,30.7965559132711,,CSV,,
Soro,20_1H,Formate,HMDB00142,31.7569176524342,2.8,CSV,28.9569176524342,1034.18
Soro,20_1H,S-Acetamidomethylcysteine,,34.7295065647315,,CSV,,
Soro,20_1H,GABA,,38.984867648213,,CSV,,
Soro,20_1H,O-Acetyl-L-Carnitine,,42.3235092010227,,CSV,,
Soro,20_1H,Methylmalonate,,42.9674547649084,,CSV,,
Soro,20_1H,Ethanolamine,HMDB00149,44.5874092566818,,CSV,,
Soro,20_1H,Pyruvate,HMDB00243,46.5860680954904,16.7,CSV,29.886068095490398,178.96
Soro,20_1H,Ethylmalonate,,47.836667091773,,CSV,,
Soro,20_1H,Propionate,,49.4292266017284,,CSV,,
Soro,20_1H,7-Methylxanthine,,51.8702351484298,,CSV,,
Soro,20_1H,2-Hydroxybutyrate,,52.0155205298796,12.9,CSV,39.1155205298796,303.22
Soro,20_1H,Sebacate,,52.2709314282637,,CSV,,
Soro,20_1H,Tyrosine,HMDB00158,53.9648449847006,22.2,CSV,31.7648449847006,143.08
Soro,20_1H,Aspartate,,54.6501974436865,10.1,CSV,44.5501974436865,441.09
Soro,20_1H,Malate,,55.9304997109783,,CSV,,
Soro,20_1H,Isovalerate,,58.8729136628002,,CSV,,
Soro,20_1H,3-Methyl-L-Histidine,,59.2095895231033,,CSV,,
Soro,20_1H,Beta-Alanine,,62.200647695837,,CSV,,
Soro,20_1H,2-Methylglutarate,,64.6858081571862,,CSV,,
Soro,20_1H,Phosphocholine,,68.3955023531866,,CSV,,
Soro,20_1H,Spermidine,,69.7037728368129,,CSV,,
Soro,20_1H,2-Oxoisovalerate,,72.2254788709029,,CSV,,
Soro,20_1H,Lactose,,75.2323185313875,,CSV,,
Soro,20_1H,Galactitol,,78.7141691104697,,CSV,,
Soro,20_1H,Saturated_fattty_acids,,80.7604658501958,,CSV,,
Soro,20_1H,5-AminoValerate,,82.0272549463419,,CSV,,
Soro,20_1H,Valerate,,85.4014005532295,,CSV,,
Soro,20_1H,Hypotaurine,,85.768090000024,,CSV,,
Soro,20_1H,Methionine,HMDB00696,91.0477531670682,6.7,CSV,84.34775316706819,1258.92
Soro,20_1H,Putrescine,,101.223411789044,,CSV,,
Soro,20_1H,"1,3-Diaminopropane",,109.05111679054,,CSV,,
Soro,20_1H,Fucose,HMDB00174,109.605325886516,,CSV,,
Soro,20_1H,Pantothenate,HMDB00210,110.576137092318,,CSV,,
Soro,20_1H,Maltose,,113.117072833784,,CSV,,
Soro,20_1H,Saccarate,,129.960702016084,,CSV,,
Soro,20_1H,3-Methylxanthine,,145.900949612609,,CSV,,
Soro,20_1H,2-AminoAdipate,,146.049069485874,,CSV,,
Soro,20_1H,3-Methyladipate,,146.144891719437,,CSV,,
Soro,20_1H,PropyleneGlycol,,176.353793800731,,CSV,,
Soro,20_1H,Phenylalanine,,222.517471432824,26.4,CSV,196.117471432824,742.87
Soro,20_1H,Guanidinoacetate,,230.258862128021,,CSV,,
Soro,20_1H,Isoleucine,HMDB00172,230.456649793519,22.7,CSV,207.75664979351902,915.23
Soro,20_1H,Pyroglutamate,HMDB00267,239.274719348445,,CSV,,
Soro,20_1H,4-HydroxyphenylAcetate,,247.662170920265,,CSV,,
Soro,20_1H,Methanol,,252.644623925101,41.9,CSV,210.744623925101,502.97
Soro,20_1H,Citrulline,,256.702166560404,,CSV,,
Soro,20_1H,Ornithine,,270.464735655178,13.3,CSV,257.164735655178,1933.57
Soro,20_1H,Serine,HMDB00187,282.937671122384,56.3,CSV,226.637671122384,402.55
Soro,20_1H,Carnitine,HMDB00062,284.669485021802,16.1,CSV,268.569485021802,1668.13
Soro,20_1H,Taurine,HMDB00251,304.814401418308,40.0,CSV,264.814401418308,662.04
Soro,20_1H,Glucose-6-Phosphate,,311.993959367496,,CSV,,
Soro,20_1H,CholineChloride,,316.41357180201,,CSV,,
Soro,20_1H,Ascorbate,,322.551301208091,,CSV,,
Soro,20_1H,Levoglucosan,,329.210539331991,,CSV,,
Soro,20_1H,Cadaverine,,330.244806174151,,CSV,,
Soro,20_1H,Glycogen,,332.45174145873,,CSV,,
Soro,20_1H,Citrate,HMDB00094,345.726102743116,41.2,CSV,304.526102743116,739.14
Soro,20_1H,Xylitol,HMDB02917,346.693723431571,,CSV,,
Soro,20_1H,2-Propanol,,351.066207821876,,CSV,,
Soro,20_1H,Sorbitol,,351.129397698335,,CSV,,
Soro,20_1H,Glucuronate,,353.777487977755,,CSV,,
Soro,20_1H,3-Hydroxybutyrate,HMDB00357,369.045752879066,11.7,CSV,357.345752879066,3054.24
Soro,20_1H,DehydroAscorbate,,369.564037452305,,CSV,,
Soro,20_1H,Betaine,HMDB00043,381.794306369773,10.3,CSV,371.49430636977297,3606.74
Soro,20_1H,Gluconate,,397.571412408273,,CSV,,
Soro,20_1H,Mannose,,399.746690981207,21.7,CSV,378.046690981207,1742.15
Soro,20_1H,Threonine,HMDB00167,424.429977910751,40.5,CSV,383.929977910751,947.98
Soro,20_1H,Galactose,,437.153420223248,,CSV,,
Soro,20_1H,Cystine,,443.223233314569,,CSV,,
Soro,20_1H,Lysine,HMDB00182,494.89023233393,51.1,CSV,443.79023233392996,868.47
Soro,20_1H,2-Aminobutyrate,,532.216649411859,5.0,CSV,527.216649411859,10544.33
Soro,20_1H,Fructose,HMDB00660,557.434630060092,,CSV,,
Soro,20_1H,Leucine,HMDB00687,632.875027645838,46.8,CSV,586.0750276458381,1252.3
Soro,20_1H,Alanine,HMDB00161,664.405527830335,131.6,CSV,532.805527830335,404.87
Soro,20_1H,Valine,HMDB00883,692.098258305608,74.6,CSV,617.498258305608,827.75
Soro,20_1H,Threitol,,695.052174035578,,CSV,,
Soro,20_1H,Glycerol,,709.905040989798,117.8,CSV,592.105040989798,502.64
Soro,20_1H,Glutamate,,819.942541987972,45.5,CSV,774.442541987972,1702.07
Soro,20_1H,Proline,,841.187765657753,60.3,CSV,780.887765657753,1295.0
Soro,20_1H,Glycine,HMDB00123,1035.15807112989,87.9,CSV,947.25807112989,1077.65
Soro,20_1H,Arginine,,1108.5246908635,58.9,CSV,1049.6246908634998,1782.05
Soro,20_1H,Glutamine,HMDB00641,1928.20923221238,140.6,CSV,1787.60923221238,1271.41
Soro,20_1H,Glycerate,,2064.89644682155,,CSV,,
Soro,20_1H,Lactate,HMDB00190,5523.55319448869,719.1,CSV,4804.453194488689,668.12
Soro,20_1H,Glucose,HMDB00122,6478.81665190145,1122.6,CSV,5356.21665190145,477.13
Soro,2_1H,2-Oxoglutarate,HMDB00208,0.0,3.0,CSV,3.0,100.0
Soro,2_1H,Phosphocholine,,0.0,,CSV,,
Soro,2_1H,DehydroAscorbate,,0.0,,CSV,,
Soro,2_1H,trans-4-Hydroxy-L-Proline,,0.0,,CSV,,
Soro,2_1H,Adipate,,0.0,,CSV,,
Soro,2_1H,Glutarate,,0.0,,CSV,,
Soro,2_1H,Malate,,0.0,,CSV,,
Soro,2_1H,Dimethylsulfone,,0.0,,CSV,,
Soro,2_1H,Propionate,,0.0,,CSV,,
Soro,2_1H,Acetate,HMDB00042,0.0,12.7,CSV,12.7,100.0
Soro,2_1H,Pimelate,,0.0,,CSV,,
Soro,2_1H,Tartarate,,0.0,,CSV,,
Soro,2_1H,Uridine,HMDB00296,0.0,,CSV,,
Soro,2_1H,Nicotinurate,,0.0,,CSV,,
Soro,2_1H,Levoglucosan,,0.0,,CSV,,
Soro,2_1H,Saccarate,,0.0,,CSV,,
Soro,2_1H,Methionine,HMDB00696,0.0,8.6,CSV,8.6,100.0
Soro,2_1H,2-Hydroxybutyrate,,0.0,11.2,CSV,11.2,100.0
Soro,2_1H,Ethanolamine,HMDB00149,0.0,,CSV,,
Soro,2_1H,S-Acetamidomethylcysteine,,0.0,,CSV,,
Soro,2_1H,Glutathione-oxidized,,0.0,,CSV,,
Soro,2_1H,TMAO,,0.0,,CSV,,
Soro,2_1H,Creatinine,HMDB00562,0.0,20.4,CSV,20.4,100.0
Soro,2_1H,CTP,,0.0,,CSV,,
Soro,2_1H,Malonate,HMDB00691,0.0,,CSV,,
Soro,2_1H,Glutathione-reduced,,0.0,,CSV,,
Soro,2_1H,GDP,,0.0,,CSV,,
Soro,2_1H,Inosine,,0.0,1.3,CSV,1.3,100.0
Soro,2_1H,Trigonelline,HMDB00875,0.0,,CSV,,
Soro,2_1H,NAD,,0.0,,CSV,,
Soro,2_1H,UDPG,,0.0,,CSV,,
Soro,2_1H,AMP,,0.0,,CSV,,
Soro,2_1H,Maltose,,0.344159356473647,,CSV,,
Soro,2_1H,ATP,,0.377989124874369,,CSV,,
Soro,2_1H,Acetaminophen,,0.584256422590802,,CSV,,
Soro,2_1H,Sebacate,,1.20459469109345,,CSV,,
Soro,2_1H,Nicotinate,,2.07661021833891,,CSV,,
Soro,2_1H,Glycogen,,2.39813019436251,,CSV,,
Soro,2_1H,Carnosine,HMDB00033,2.6847889657719,,CSV,,
Soro,2_1H,Hypoxanthine,HMDB00157,2.69799385458819,3.8,CSV,1.10200614541181,29.0
Soro,2_1H,Adenosine,,2.93480766410105,,CSV,,
Soro,2_1H,Butyrate,HMDB00039,4.12321398406028,,CSV,,
Soro,2_1H,Acetone,HMDB01659,4.22722838246893,2.8,CSV,1.4272283824689298,50.97
Soro,2_1H,Kynurenate,,4.26475954309551,,CSV,,
Soro,2_1H,Dimethylglycine,,4.81463396697876,,CSV,,
Soro,2_1H,Trimethylamine,,5.02085458738244,,CSV,,
Soro,2_1H,Long-chain_alkane,,5.16480801882131,,CSV,,
Soro,2_1H,Oxypurinol,,5.17872439091291,,CSV,,
Soro,2_1H,2-Picolinate,,5.37340379509608,,CSV,,
Soro,2_1H,Azelaic ate,,5.45384804707214,,CSV,,
Soro,2_1H,1-Methylhydantoin,,5.6139647334989,,CSV,,
Soro,2_1H,Citraconate,,5.96442798559049,,CSV,,
Soro,2_1H,Valerate,,6.35052219843431,,CSV,,
Soro,2_1H,O-Acetyl-L-Carnitine,,6.5388416763404,,CSV,,
Soro,2_1H,Methylguanidine,,6.68451638715245,,CSV,,
Soro,2_1H,2-Deoxyadenosine,,6.78407628423828,,CSV,,
Soro,2_1H,Methylamine,,6.9326952557795,,CSV,,
Soro,2_1H,Tyrosine,HMDB00158,7.11506164708662,17.6,CSV,10.484938352913382,59.57
Soro,2_1H,Adenine,,7.12994706211897,,CSV,,
Soro,2_1H,Histidine,HMDB00177,7.1389305574582,27.9,CSV,20.7610694425418,74.41
Soro,2_1H,beta-Hydroxyisovalerate,,7.5963094385849,,CSV,,
Soro,2_1H,3-Methylxanthine,,8.15333465262865,,CSV,,
Soro,2_1H,Syringate,,9.53633514033869,,CSV,,
Soro,2_1H,1-Methyl-L-Histidine,,10.0858911458581,,CSV,,
Soro,2_1H,Glycolate,HMDB00115,10.1156440099839,,CSV,,
Soro,2_1H,Isobutyrate,,10.2331586138831,,CSV,,
Soro,2_1H,dAMP,,10.5815393312152,,CSV,,
Soro,2_1H,Mandelate,,11.6879911129935,,CSV,,
Soro,2_1H,Gluconate,,11.9933061772555,,CSV,,
Soro,2_1H,Dimethylamine,HMDB00087,13.3210218463981,,CSV,,
Soro,2_1H,Glycerophosphocholine,,13.8240081202785,,CSV,,
Soro,2_1H,GABA,,14.0540545745909,,CSV,,
Soro,2_1H,Allantoin,,14.9123241272784,,CSV,,
Soro,2_1H,Fumarate,,15.173315657387,,CSV,,
Soro,2_1H,Threitol,,15.6137699839602,,CSV,,
Soro,2_1H,2-Methylglutarate,,16.106945907388,,CSV,,
Soro,2_1H,4-AminoHippurate,,16.9256781912394,,CSV,,
Soro,2_1H,Sarcosine,,17.0720462868887,,CSV,,
Soro,2_1H,Phenylglyoxylate,,18.0626437089473,,CSV,,
Soro,2_1H,Quinolinate,,18.901752616011,,CSV,,
Soro,2_1H,Vanillate,,20.1622697248032,,CSV,,
Soro,2_1H,Acetoacetate,HMDB00060,21.6830598206625,4.4,CSV,17.2830598206625,392.8
Soro,2_1H,4-EthylPhenol,,23.309070246958,,CSV,,
Soro,2_1H,Uracil,HMDB00300,24.7833791703695,,CSV,,
Soro,2_1H,2-Oxoisovalerate,,24.8229520702581,,CSV,,
Soro,2_1H,Hippurate,HMDB00714,26.5030923676374,,CSV,,
Soro,2_1H,Levulinate,,27.5024519676201,,CSV,,
Soro,2_1H,Formate,HMDB00142,27.6766766353617,6.8,CSV,20.8766766353617,307.01
Soro,2_1H,Indoxylsulfate,,28.9925076620802,,CSV,,
Soro,2_1H,"1,3-Diaminopropane",,29.1598107557427,,CSV,,
Soro,2_1H,Creatine,HMDB00064,31.9525820351608,7.2,CSV,24.7525820351608,343.79
Soro,2_1H,Asparagine,HMDB00168,33.8529443471131,15.0,CSV,18.8529443471131,125.69
Soro,2_1H,Pyrocatechol,,35.2129312565398,,CSV,,
Soro,2_1H,Beta-Alanine,,35.267568658535,,CSV,,
Soro,2_1H,3-PhenylPropionate,,38.0637317662394,,CSV,,
Soro,2_1H,Cytosine,,40.019348629779,,CSV,,
Soro,2_1H,Urocanate,HMDB00301,40.3784266838606,,CSV,,
Soro,2_1H,Isovalerate,,43.4426434351688,,CSV,,
Soro,2_1H,Tryptophan,HMDB00929,43.904876099993,,CSV,,
Soro,2_1H,Benzoate,,44.5988092751409,10.9,CSV,33.6988092751409,309.16
Soro,2_1H,N-(2-Furoyl)Glycine,,44.8508486402821,,CSV,,
Soro,2_1H,Fucose,HMDB00174,45.1084104021782,,CSV,,
Soro,2_1H,Pantothenate,HMDB00210,45.2887759462692,,CSV,,
Soro,2_1H,Betaine,HMDB00043,47.1912761182274,10.1,CSV,37.0912761182274,367.24
Soro,2_1H,N-Acetyl-L-Aspartate,,49.5834478249736,,CSV,,
Soro,2_1H,Phenethylamine,,50.1061903913143,,CSV,,
Soro,2_1H,Fructose,HMDB00660,50.2236269181618,,CSV,,
Soro,2_1H,Anserine,,50.5130132854341,,CSV,,
Soro,2_1H,alpha-Hydroxyisobutyrate,,51.8972066203455,,CSV,,
Soro,2_1H,Saturated_fattty_acids,,57.5845017754211,,CSV,,
Soro,2_1H,2-Deoxycytidine,,62.2391491680323,,CSV,,
Soro,2_1H,Succinate,HMDB00254,64.2946458908923,3.8,CSV,60.4946458908923,1591.96
Soro,2_1H,2-HydroxyphenylAcetate,,67.3943873555614,,CSV,,
Soro,2_1H,trans-Ferulate,,68.0493618653666,,CSV,,
Soro,2_1H,Isocitrate,,68.7683197079991,,CSV,,
Soro,2_1H,3-HydroxyphenylAcetate,,71.2139754978897,,CSV,,
Soro,2_1H,Ethylmalonate,,71.3239881021795,,CSV,,
Soro,2_1H,Glutaconate,,73.1177723193992,,CSV,,
Soro,2_1H,7-Methylxanthine,,73.1997876656155,,CSV,,
Soro,2_1H,3-Methyl-L-Histidine,,77.4107161768969,,CSV,,
Soro,2_1H,Threonate,,79.0919534480374,,CSV,,
Soro,2_1H,2-Oxobutyrate,,82.1509713780228,,CSV,,
Soro,2_1H,3-Methyladipate,,87.4307813919029,,CSV,,
Soro,2_1H,5-AminoValerate,,90.8104066740056,,CSV,,
Soro,2_1H,Phenylalanine,,91.0845440671331,23.7,CSV,67.38454406713309,284.32
Soro,2_1H,Pyruvate,HMDB00243,95.8125993619449,16.2,CSV,79.6125993619449,491.44
Soro,2_1H,Serine,HMDB00187,96.1643327085275,66.5,CSV,29.664332708527496,44.61
Soro,2_1H,Cadaverine,,101.244897508383,,CSV,,
Soro,2_1H,Glycine,HMDB00123,102.700370440052,82.9,CSV,19.800370440051992,23.88
Soro,2_1H,Alanine,HMDB00161,108.722219304315,115.4,CSV,6.677780695685001,5.79
Soro,2_1H,Threonine,HMDB00167,109.632647704286,40.2,CSV,69.432647704286,172.72
Soro,2_1H,Ornithine,,110.457185851026,13.1,CSV,97.357185851026,743.18
Soro,2_1H,Isoleucine,HMDB00172,111.905817675998,20.4,CSV,91.505817675998,448.56
Soro,2_1H,Galactose,,112.082246117082,,CSV,,
Soro,2_1H,Homovanillate,,114.468225371939,,CSV,,
Soro,2_1H,4-HydroxyphenylAcetate,,119.856559756343,,CSV,,
Soro,2_1H,Arabitol,,123.393586184193,,CSV,,
Soro,2_1H,Lactose,,125.881785577111,,CSV,,
Soro,2_1H,Aspartate,,131.462032144252,16.2,CSV,115.26203214425199,711.49
Soro,2_1H,Myo-Inositol,,131.80852540619,,CSV,,
Soro,2_1H,Spermidine,,135.273831668033,,CSV,,
Soro,2_1H,Putrescine,,149.937697835533,,CSV,,
Soro,2_1H,Citrate,HMDB00094,162.411861281146,37.7,CSV,124.711861281146,330.8
Soro,2_1H,Mannose,,165.22943229047,12.7,CSV,152.52943229047,1201.02
Soro,2_1H,Valine,HMDB00883,166.230275670977,63.7,CSV,102.53027567097699,160.96
Soro,2_1H,N-Acetylglycine,,170.388417666219,,CSV,,
Soro,2_1H,Glucose-6-Phosphate,,172.999052030574,,CSV,,
Soro,2_1H,Hypotaurine,,178.42387081579,,CSV,,
Soro,2_1H,Guanidinoacetate,,195.398988961761,,CSV,,
Soro,2_1H,CholineChloride,,205.162577972562,,CSV,,
Soro,2_1H,Glucuronate,,212.477858859229,,CSV,,
Soro,2_1H,Trans-Acotinate,,213.41564450035,,CSV,,
Soro,2_1H,Pyroglutamate,HMDB00267,234.712129066333,,CSV,,
Soro,2_1H,Methylmalonate,,254.366496179616,,CSV,,
Soro,2_1H,2-AminoAdipate,,257.515028432054,,CSV,,
Soro,2_1H,Ascorbate,,257.864822570262,,CSV,,
Soro,2_1H,2-Propanol,,267.913028138164,,CSV,,
Soro,2_1H,Carnitine,HMDB00062,271.648562473059,10.3,CSV,261.34856247305896,2537.36
Soro,2_1H,Dihydrothymine,,288.206115731354,,CSV,,
Soro,2_1H,3-Hydroxybutyrate,HMDB00357,301.032568665079,21.5,CSV,279.532568665079,1300.15
Soro,2_1H,PropyleneGlycol,,305.779198077484,,CSV,,
Soro,2_1H,Cystine,,306.96031542954,,CSV,,
Soro,2_1H,Methanol,,317.634865145088,29.2,CSV,288.434865145088,987.79
Soro,2_1H,Lysine,HMDB00182,340.961275553769,43.0,CSV,297.961275553769,692.93
Soro,2_1H,Leucine,HMDB00687,341.606311253449,39.7,CSV,301.906311253449,760.47
Soro,2_1H,Arginine,,359.674051923009,55.9,CSV,303.77405192300904,543.42
Soro,2_1H,Glycerol,,363.192248057862,70.9,CSV,292.292248057862,412.26
Soro,2_1H,Citrulline,,381.136970775157,,CSV,,
Soro,2_1H,Xylitol,HMDB02917,389.00806451391,,CSV,,
Soro,2_1H,Galactitol,,417.235464786113,,CSV,,
Soro,2_1H,2-Aminobutyrate,,511.618986280185,7.7,CSV,503.91898628018504,6544.4
Soro,2_1H,Taurine,HMDB00251,522.736997992219,60.3,CSV,462.436997992219,766.89
Soro,2_1H,Glycerate,,706.214028619876,,CSV,,
Soro,2_1H,Sorbitol,,772.562866525619,,CSV,,
Soro,2_1H,Glutamine,HMDB00641,825.810203870696,160.4,CSV,665.410203870696,414.84
Soro,2_1H,Lactate,HMDB00190,963.047325396193,602.6,CSV,360.4473253961929,59.82
Soro,2_1H,Glutamate,,1043.12941394306,102.9,CSV,940.22941394306,913.73
Soro,2_1H,Proline,,1443.8172389041,54.5,CSV,1389.3172389041,2549.21
Soro,2_1H,Glucose,HMDB00122,3988.62722283712,1268.9,CSV,2719.72722283712,214.34
Soro,4_1H,Mannose,,0.0,17.3,CSV,17.3,100.0
Soro,4_1H,Phosphocholine,,0.0,,CSV,,
Soro,4_1H,trans-4-Hydroxy-L-Proline,,0.0,,CSV,,
Soro,4_1H,Galactose,,0.0,,CSV,,
Soro,4_1H,Uracil,HMDB00300,0.0,,CSV,,
Soro,4_1H,Hippurate,HMDB00714,0.0,,CSV,,
Soro,4_1H,4-AminoHippurate,,0.0,,CSV,,
Soro,4_1H,Anserine,,0.0,,CSV,,
Soro,4_1H,Dimethylsulfone,,0.0,,CSV,,
Soro,4_1H,Azelaic ate,,0.0,,CSV,,
Soro,4_1H,Carnosine,HMDB00033,0.0,,CSV,,
Soro,4_1H,Oxypurinol,,0.0,,CSV,,
Soro,4_1H,Acetate,HMDB00042,0.0,11.1,CSV,11.1,100.0
Soro,4_1H,Kynurenate,,0.0,,CSV,,
Soro,4_1H,Pimelate,,0.0,,CSV,,
Soro,4_1H,dAMP,,0.0,,CSV,,
Soro,4_1H,Tartarate,,0.0,,CSV,,
Soro,4_1H,Tyrosine,HMDB00158,0.0,20.3,CSV,20.3,100.0
Soro,4_1H,ATP,,0.0,,CSV,,
Soro,4_1H,Uridine,HMDB00296,0.0,,CSV,,
Soro,4_1H,2-Picolinate,,0.0,,CSV,,
Soro,4_1H,Gluconate,,0.0,,CSV,,
Soro,4_1H,Levoglucosan,,0.0,,CSV,,
Soro,4_1H,Glucose-6-Phosphate,,0.0,,CSV,,
Soro,4_1H,Serine,HMDB00187,0.0,42.7,CSV,42.7,100.0
Soro,4_1H,Saccarate,,0.0,,CSV,,
Soro,4_1H,Methionine,HMDB00696,0.0,13.2,CSV,13.2,100.0
Soro,4_1H,Lactose,,0.0,,CSV,,
Soro,4_1H,2-Hydroxybutyrate,,0.0,12.0,CSV,12.0,100.0
Soro,4_1H,Ethanolamine,HMDB00149,0.0,,CSV,,
Soro,4_1H,S-Acetamidomethylcysteine,,0.0,,CSV,,
Soro,4_1H,Butyrate,HMDB00039,0.0,,CSV,,
Soro,4_1H,TMAO,,0.0,,CSV,,
Soro,4_1H,Creatinine,HMDB00562,0.0,19.8,CSV,19.8,100.0
Soro,4_1H,CTP,,0.0,,CSV,,
Soro,4_1H,Threonate,,0.0,,CSV,,
Soro,4_1H,N-(2-Furoyl)Glycine,,0.0,,CSV,,
Soro,4_1H,Asparagine,HMDB00168,0.0,19.9,CSV,19.9,100.0
Soro,4_1H,Allantoin,,0.0,,CSV,,
Soro,4_1H,Histidine,HMDB00177,0.0,23.6,CSV,23.6,100.0
Soro,4_1H,Adenosine,,0.0,,CSV,,
Soro,4_1H,Trigonelline,HMDB00875,0.0,,CSV,,
Soro,4_1H,NAD,,0.0,,CSV,,
Soro,4_1H,UDPG,,0.0,,CSV,,
Soro,4_1H,AMP,,0.0,,CSV,,
Soro,4_1H,Isobutyrate,,0.0978701565802391,,CSV,,
Soro,4_1H,Hypoxanthine,HMDB00157,0.228617966663364,3.1,CSV,2.871382033336636,92.63
Soro,4_1H,Urocanate,HMDB00301,0.297691738027638,,CSV,,
Soro,4_1H,Fumarate,,0.404400486065769,,CSV,,
Soro,4_1H,Cytosine,,0.437838539000855,,CSV,,
Soro,4_1H,Adenine,,0.452947061320414,,CSV,,
Soro,4_1H,2-HydroxyphenylAcetate,,0.536551249083417,,CSV,,
Soro,4_1H,2-Deoxycytidine,,0.692269790699261,,CSV,,
Soro,4_1H,Nicotinurate,,0.787546565459362,,CSV,,
Soro,4_1H,Phenylglyoxylate,,0.875676570856861,,CSV,,
Soro,4_1H,Mandelate,,1.29134062242772,,CSV,,
Soro,4_1H,Inosine,,1.62217388157429,1.9,CSV,0.2778261184257098,14.62
Soro,4_1H,Quinolinate,,1.66612726980548,,CSV,,
Soro,4_1H,GDP,,1.67401784187264,,CSV,,
Soro,4_1H,Nicotinate,,1.67949493477038,,CSV,,
Soro,4_1H,Glutaconate,,1.81158512400478,,CSV,,
Soro,4_1H,1-Methyl-L-Histidine,,1.86248862714395,,CSV,,
Soro,4_1H,Citraconate,,1.9133228685672,,CSV,,
Soro,4_1H,Sarcosine,,2.77917391688668,,CSV,,
Soro,4_1H,2-Methylglutarate,,2.989734771759,,CSV,,
Soro,4_1H,Malate,,3.42917243952556,,CSV,,
Soro,4_1H,2-Deoxyadenosine,,4.65932315571091,,CSV,,
Soro,4_1H,Trimethylamine,,5.00555317869375,,CSV,,
Soro,4_1H,Maltose,,5.0905794674783,,CSV,,
Soro,4_1H,Long-chain_alkane,,5.55993934931185,,CSV,,
Soro,4_1H,Dimethylglycine,,5.66142177822034,,CSV,,
Soro,4_1H,Vanillate,,5.89040390406571,,CSV,,
Soro,4_1H,Glutathione-reduced,,6.0373670787591,,CSV,,
Soro,4_1H,Benzoate,,6.70701383173709,8.4,CSV,1.6929861682629106,20.15
Soro,4_1H,O-Acetyl-L-Carnitine,,6.79040214493733,,CSV,,
Soro,4_1H,Glycogen,,6.95084116725477,,CSV,,
Soro,4_1H,Tryptophan,HMDB00929,7.07674445377352,,CSV,,
Soro,4_1H,3-Methylxanthine,,8.03089369689857,,CSV,,
Soro,4_1H,Indoxylsulfate,,8.11835966216353,,CSV,,
Soro,4_1H,Acetone,HMDB01659,8.17650743966346,2.6,CSV,5.576507439663461,214.48
Soro,4_1H,Acetaminophen,,8.38936190288441,,CSV,,
Soro,4_1H,Propionate,,8.80446383400911,,CSV,,
Soro,4_1H,Glutathione-oxidized,,8.94309781091248,,CSV,,
Soro,4_1H,1-Methylhydantoin,,9.10837305149087,,CSV,,
Soro,4_1H,Methylguanidine,,9.24295841443919,,CSV,,
Soro,4_1H,beta-Hydroxyisovalerate,,9.41842116293139,,CSV,,
Soro,4_1H,2-Oxoglutarate,HMDB00208,10.7019942173129,1.8,CSV,8.901994217312899,494.56
Soro,4_1H,"1,3-Diaminopropane",,10.8610431843051,,CSV,,
Soro,4_1H,Ascorbate,,11.9651549287613,,CSV,,
Soro,4_1H,Syringate,,12.5108933303069,,CSV,,
Soro,4_1H,Dimethylamine,HMDB00087,13.9892254848883,,CSV,,
Soro,4_1H,Glycolate,HMDB00115,14.2614692674974,,CSV,,
Soro,4_1H,Methylamine,,15.3359730206554,,CSV,,
Soro,4_1H,Creatine,HMDB00064,17.3213489218979,8.6,CSV,8.721348921897901,101.41
Soro,4_1H,trans-Ferulate,,20.6175049279151,,CSV,,
Soro,4_1H,Pantothenate,HMDB00210,21.8081361228415,,CSV,,
Soro,4_1H,Glycerophosphocholine,,25.3011387055064,,CSV,,
Soro,4_1H,Isovalerate,,29.3244866223422,,CSV,,
Soro,4_1H,DehydroAscorbate,,29.3928258373908,,CSV,,
Soro,4_1H,Acetoacetate,HMDB00060,29.9573073408542,6.5,CSV,23.4573073408542,360.88
Soro,4_1H,Pyrocatechol,,31.1506461386709,,CSV,,
Soro,4_1H,Fructose,HMDB00660,33.0073007108618,,CSV,,
Soro,4_1H,Glutarate,,33.2253468383539,,CSV,,
Soro,4_1H,Formate,HMDB00142,33.3975689756628,8.7,CSV,24.6975689756628,283.88
Soro,4_1H,Phenethylamine,,34.0043939676414,,CSV,,
Soro,4_1H,Betaine,HMDB00043,35.1650651963496,13.7,CSV,21.465065196349602,156.68
Soro,4_1H,alpha-Hydroxyisobutyrate,,35.6656178632486,,CSV,,
Soro,4_1H,Glycine,HMDB00123,38.5879862442742,73.3,CSV,34.7120137557258,47.36
Soro,4_1H,3-PhenylPropionate,,42.582300529569,,CSV,,
Soro,4_1H,3-HydroxyphenylAcetate,,42.8035524869529,,CSV,,
Soro,4_1H,Malonate,HMDB00691,43.8645083872004,,CSV,,
Soro,4_1H,2-Oxoisovalerate,,45.0690808345994,,CSV,,
Soro,4_1H,Adipate,,45.5492676949338,,CSV,,
Soro,4_1H,Levulinate,,47.5209659303633,,CSV,,
Soro,4_1H,Valerate,,47.8335368539165,,CSV,,
Soro,4_1H,7-Methylxanthine,,48.5280919690624,,CSV,,
Soro,4_1H,2-Oxobutyrate,,49.2846363125066,,CSV,,
Soro,4_1H,Phenylalanine,,50.4828224266488,23.9,CSV,26.582822426648804,111.23
Soro,4_1H,Saturated_fattty_acids,,52.1017244144528,,CSV,,
Soro,4_1H,4-EthylPhenol,,54.9581169771819,,CSV,,
Soro,4_1H,Sebacate,,56.7036704793847,,CSV,,
Soro,4_1H,3-Methyl-L-Histidine,,60.6267308966853,,CSV,,
Soro,4_1H,Beta-Alanine,,64.0451802928609,,CSV,,
Soro,4_1H,Succinate,HMDB00254,66.8704169966809,4.1,CSV,62.7704169966809,1530.99
Soro,4_1H,Ethylmalonate,,71.4790468015194,,CSV,,
Soro,4_1H,3-Hydroxybutyrate,HMDB00357,72.835135496679,11.9,CSV,60.935135496679,512.06
Soro,4_1H,Homovanillate,,76.5334384913812,,CSV,,
Soro,4_1H,Myo-Inositol,,77.6599613470831,,CSV,,
Soro,4_1H,Fucose,HMDB00174,78.173069380692,,CSV,,
Soro,4_1H,Isoleucine,HMDB00172,88.097714769639,23.4,CSV,64.69771476963899,276.49
Soro,4_1H,CholineChloride,,89.7214542806193,,CSV,,
Soro,4_1H,Ornithine,,90.063664883173,15.1,CSV,74.96366488317301,496.45
Soro,4_1H,Arabitol,,91.0035906940801,,CSV,,
Soro,4_1H,5-AminoValerate,,92.504523407326,,CSV,,
Soro,4_1H,Pyruvate,HMDB00243,98.8082962135546,23.4,CSV,75.40829621355459,322.26
Soro,4_1H,Cadaverine,,102.339555070788,,CSV,,
Soro,4_1H,Spermidine,,107.54075615961,,CSV,,
Soro,4_1H,N-Acetyl-L-Aspartate,,108.882615567509,,CSV,,
Soro,4_1H,Trans-Acotinate,,110.282128961207,,CSV,,
Soro,4_1H,Putrescine,,118.225968853605,,CSV,,
Soro,4_1H,Guanidinoacetate,,119.411223231382,,CSV,,
Soro,4_1H,Threitol,,120.01385971097,,CSV,,
Soro,4_1H,Citrate,HMDB00094,124.71273902326,32.9,CSV,91.81273902326001,279.07
Soro,4_1H,Isocitrate,,124.959383590179,,CSV,,
Soro,4_1H,4-HydroxyphenylAcetate,,125.194910028596,,CSV,,
Soro,4_1H,Pyroglutamate,HMDB00267,126.571859165315,,CSV,,
Soro,4_1H,Alanine,HMDB00161,134.051259665599,146.6,CSV,12.548740334401003,8.56
Soro,4_1H,Aspartate,,138.375362618957,20.4,CSV,117.975362618957,578.31
Soro,4_1H,Valine,HMDB00883,139.373346746287,77.0,CSV,62.37334674628701,81.0
Soro,4_1H,Threonine,HMDB00167,149.090771497811,30.1,CSV,118.99077149781101,395.32
Soro,4_1H,GABA,,183.510243834758,,CSV,,
Soro,4_1H,N-Acetylglycine,,184.643653140514,,CSV,,
Soro,4_1H,Glycerol,,191.617974930618,41.2,CSV,150.41797493061802,365.09
Soro,4_1H,Hypotaurine,,198.25281319975,,CSV,,
Soro,4_1H,Cystine,,203.741290611981,,CSV,,
Soro,4_1H,2-Propanol,,204.556013080304,,CSV,,
Soro,4_1H,Citrulline,,206.361132177923,,CSV,,
Soro,4_1H,3-Methyladipate,,206.967131093044,,CSV,,
Soro,4_1H,Glucuronate,,213.870008240765,,CSV,,
Soro,4_1H,Carnitine,HMDB00062,236.951684711107,10.8,CSV,226.15168471110698,2094.0
Soro,4_1H,Methylmalonate,,245.766985570674,,CSV,,
Soro,4_1H,PropyleneGlycol,,251.024794171113,,CSV,,
Soro,4_1H,Dihydrothymine,,257.920396009137,,CSV,,
Soro,4_1H,Methanol,,270.289514083283,23.9,CSV,246.389514083283,1030.92
Soro,4_1H,2-AminoAdipate,,276.782546162463,,CSV,,
Soro,4_1H,Taurine,HMDB00251,284.518604361085,67.9,CSV,216.618604361085,319.03
Soro,4_1H,Xylitol,HMDB02917,297.607242553416,,CSV,,
Soro,4_1H,Arginine,,302.561460126481,50.9,CSV,251.661460126481,494.42
Soro,4_1H,Galactitol,,306.775653463858,,CSV,,
Soro,4_1H,Leucine,HMDB00687,317.960603661962,43.2,CSV,274.760603661962,636.02
Soro,4_1H,Lysine,HMDB00182,377.087297760392,54.0,CSV,323.087297760392,598.31
Soro,4_1H,Glycerate,,453.81377270723,,CSV,,
Soro,4_1H,Sorbitol,,462.779543830439,,CSV,,
Soro,4_1H,2-Aminobutyrate,,479.846326217927,6.1,CSV,473.746326217927,7766.33
Soro,4_1H,Lactate,HMDB00190,794.628582076812,685.9,CSV,108.72858207681202,15.85
Soro,4_1H,Glutamine,HMDB00641,1087.34279845403,193.0,CSV,894.3427984540299,463.39
Soro,4_1H,Glutamate,,1109.65595018385,120.1,CSV,989.5559501838501,823.94
Soro,4_1H,Proline,,1289.95924123441,40.8,CSV,1249.15924123441,3061.66
Soro,4_1H,Glucose,HMDB00122,3074.83595492353,1139.8,CSV,1935.0359549235302,169.77
Soro,5_1H,Ascorbate,,0.0,,CSV,,
Soro,5_1H,DehydroAscorbate,,0.0,,CSV,,
Soro,5_1H,trans-4-Hydroxy-L-Proline,,0.0,,CSV,,
Soro,5_1H,"1,3-Diaminopropane",,0.0,,CSV,,
Soro,5_1H,Galactose,,0.0,,CSV,,
Soro,5_1H,4-AminoHippurate,,0.0,,CSV,,
Soro,5_1H,Glutarate,,0.0,,CSV,,
Soro,5_1H,Dimethylsulfone,,0.0,,CSV,,
Soro,5_1H,Methylguanidine,,0.0,,CSV,,
Soro,5_1H,1-Methylhydantoin,,0.0,,CSV,,
Soro,5_1H,Fructose,HMDB00660,0.0,,CSV,,
Soro,5_1H,beta-Hydroxyisovalerate,,0.0,,CSV,,
Soro,5_1H,Acetate,HMDB00042,0.0,9.4,CSV,9.4,100.0
Soro,5_1H,Kynurenate,,0.0,,CSV,,
Soro,5_1H,Isobutyrate,,0.0,,CSV,,
Soro,5_1H,Pimelate,,0.0,,CSV,,
Soro,5_1H,Tartarate,,0.0,,CSV,,
Soro,5_1H,ATP,,0.0,,CSV,,
Soro,5_1H,Uridine,HMDB00296,0.0,,CSV,,
Soro,5_1H,2-Picolinate,,0.0,,CSV,,
Soro,5_1H,Nicotinurate,,0.0,,CSV,,
Soro,5_1H,Levoglucosan,,0.0,,CSV,,
Soro,5_1H,Serine,HMDB00187,0.0,39.6,CSV,39.6,100.0
Soro,5_1H,Saccarate,,0.0,,CSV,,
Soro,5_1H,Methionine,HMDB00696,0.0,5.3,CSV,5.3,100.0
Soro,5_1H,2-Hydroxybutyrate,,0.0,15.8,CSV,15.8,100.0
Soro,5_1H,Ethanolamine,HMDB00149,0.0,,CSV,,
Soro,5_1H,Butyrate,HMDB00039,0.0,,CSV,,
Soro,5_1H,TMAO,,0.0,,CSV,,
Soro,5_1H,Creatinine,HMDB00562,0.0,17.8,CSV,17.8,100.0
Soro,5_1H,CTP,,0.0,,CSV,,
Soro,5_1H,Threonate,,0.0,,CSV,,
Soro,5_1H,Asparagine,HMDB00168,0.0,8.2,CSV,8.2,100.0
Soro,5_1H,Levulinate,,0.0,,CSV,,
Soro,5_1H,Allantoin,,0.0,,CSV,,
Soro,5_1H,Glycolate,HMDB00115,0.0,,CSV,,
Soro,5_1H,Histidine,HMDB00177,0.0,25.0,CSV,25.0,100.0
Soro,5_1H,Adenosine,,0.0,,CSV,,
Soro,5_1H,Glutathione-reduced,,0.0,,CSV,,
Soro,5_1H,GDP,,0.0,,CSV,,
Soro,5_1H,AMP,,0.0,,CSV,,
Soro,5_1H,Hippurate,HMDB00714,0.0075926084037296,,CSV,,
Soro,5_1H,UDPG,,0.347378685307956,,CSV,,
Soro,5_1H,NAD,,0.570991477907098,,CSV,,
Soro,5_1H,Trigonelline,HMDB00875,0.598338923571817,,CSV,,
Soro,5_1H,Nicotinate,,0.860759613799439,,CSV,,
Soro,5_1H,Glutathione-oxidized,,1.32273140695902,,CSV,,
Soro,5_1H,N-Acetyl-L-Aspartate,,1.9283959797182,,CSV,,
Soro,5_1H,Quinolinate,,1.93340642237608,,CSV,,
Soro,5_1H,3-PhenylPropionate,,2.04638973753417,,CSV,,
Soro,5_1H,Inosine,,2.16389009234072,3.4,CSV,1.23610990765928,36.36
Soro,5_1H,Hypoxanthine,HMDB00157,2.18308446808873,2.8,CSV,0.6169155319112698,22.03
Soro,5_1H,1-Methyl-L-Histidine,,3.05476232010793,,CSV,,
Soro,5_1H,Dimethylglycine,,3.74954138233903,,CSV,,
Soro,5_1H,Citraconate,,3.8377322318641,,CSV,,
Soro,5_1H,Tyrosine,HMDB00158,4.02264282203874,13.1,CSV,9.077357177961261,69.29
Soro,5_1H,Fumarate,,4.60771390997032,,CSV,,
Soro,5_1H,Phenylglyoxylate,,4.65935856087642,,CSV,,
Soro,5_1H,2-Deoxyadenosine,,5.07875879384507,,CSV,,
Soro,5_1H,Long-chain_alkane,,5.71885595761876,,CSV,,
Soro,5_1H,Glycerophosphocholine,,7.3355375692291,,CSV,,
Soro,5_1H,dAMP,,7.70140981908436,,CSV,,
Soro,5_1H,Trimethylamine,,7.72521207542318,,CSV,,
Soro,5_1H,Propionate,,8.15287332072817,,CSV,,
Soro,5_1H,Adenine,,9.39867788713304,,CSV,,
Soro,5_1H,Acetaminophen,,9.78589456352337,,CSV,,
Soro,5_1H,Isocitrate,,11.2649328012209,,CSV,,
Soro,5_1H,2-Deoxycytidine,,11.5081084420309,,CSV,,
Soro,5_1H,S-Acetamidomethylcysteine,,11.6987424546183,,CSV,,
Soro,5_1H,Malate,,13.3134913113222,,CSV,,
Soro,5_1H,N-(2-Furoyl)Glycine,,14.8674834237234,,CSV,,
Soro,5_1H,Pyroglutamate,HMDB00267,18.5666894054111,,CSV,,
Soro,5_1H,Carnosine,HMDB00033,18.7103967534712,,CSV,,
Soro,5_1H,Saturated_fattty_acids,,18.9979035784042,,CSV,,
Soro,5_1H,Uracil,HMDB00300,19.1221663253153,,CSV,,
Soro,5_1H,Mandelate,,19.9615901880252,,CSV,,
Soro,5_1H,Oxypurinol,,20.510132470226,,CSV,,
Soro,5_1H,Tryptophan,HMDB00929,20.8379822879128,,CSV,,
Soro,5_1H,Cytosine,,20.8671049292833,,CSV,,
Soro,5_1H,2-Methylglutarate,,24.9645602555499,,CSV,,
Soro,5_1H,Methylamine,,29.6876449569913,,CSV,,
Soro,5_1H,Acetone,HMDB01659,32.0616877447632,5.5,CSV,26.561687744763198,482.94
Soro,5_1H,Malonate,HMDB00691,32.3688544800635,,CSV,,
Soro,5_1H,Anserine,,33.4310009280171,,CSV,,
Soro,5_1H,Dimethylamine,HMDB00087,34.0991001616292,,CSV,,
Soro,5_1H,2-HydroxyphenylAcetate,,39.1438637475317,,CSV,,
Soro,5_1H,Azelaic ate,,40.3795531022306,,CSV,,
Soro,5_1H,Urocanate,HMDB00301,40.845400349276,,CSV,,
Soro,5_1H,Creatine,HMDB00064,46.0127180009852,3.8,CSV,42.212718000985205,1110.86
Soro,5_1H,Vanillate,,49.2866038236192,,CSV,,
Soro,5_1H,Indoxylsulfate,,52.3182387859585,,CSV,,
Soro,5_1H,Maltose,,56.4178844786939,,CSV,,
Soro,5_1H,Syringate,,58.6726721204045,,CSV,,
Soro,5_1H,O-Acetyl-L-Carnitine,,61.2256990704257,,CSV,,
Soro,5_1H,Benzoate,,63.5033187235022,7.9,CSV,55.6033187235022,703.84
Soro,5_1H,Pyrocatechol,,67.7431609156558,,CSV,,
Soro,5_1H,Sarcosine,,68.6013057716526,,CSV,,
Soro,5_1H,Sebacate,,70.53631461797,,CSV,,
Soro,5_1H,Fucose,HMDB00174,72.9276328797815,,CSV,,
Soro,5_1H,2-Oxoisovalerate,,73.4419726419822,,CSV,,
Soro,5_1H,3-Methylxanthine,,75.4008614412822,,CSV,,
Soro,5_1H,trans-Ferulate,,85.3206566590627,,CSV,,
Soro,5_1H,Formate,HMDB00142,93.9561369150373,4.8,CSV,89.15613691503731,1857.42
Soro,5_1H,3-HydroxyphenylAcetate,,101.187644267364,,CSV,,
Soro,5_1H,Adipate,,101.649635033952,,CSV,,
Soro,5_1H,4-EthylPhenol,,103.053968501102,,CSV,,
Soro,5_1H,Beta-Alanine,,105.168099414844,,CSV,,
Soro,5_1H,Isovalerate,,105.370466620385,,CSV,,
Soro,5_1H,Phenethylamine,,105.765062487381,,CSV,,
Soro,5_1H,7-Methylxanthine,,113.531683838691,,CSV,,
Soro,5_1H,Acetoacetate,HMDB00060,114.674899243049,5.0,CSV,109.674899243049,2193.5
Soro,5_1H,Glutaconate,,125.764552763577,,CSV,,
Soro,5_1H,Homovanillate,,126.902563142408,,CSV,,
Soro,5_1H,2-Oxoglutarate,HMDB00208,134.265893015856,1.7,CSV,132.565893015856,7797.99
Soro,5_1H,Betaine,HMDB00043,143.095865911131,20.1,CSV,122.995865911131,611.92
Soro,5_1H,Trans-Acotinate,,149.504470171922,,CSV,,
Soro,5_1H,Valerate,,152.769988566565,,CSV,,
Soro,5_1H,Phosphocholine,,153.10465795592,,CSV,,
Soro,5_1H,alpha-Hydroxyisobutyrate,,161.036076201587,,CSV,,
Soro,5_1H,Gluconate,,169.228393553127,,CSV,,
Soro,5_1H,2-Oxobutyrate,,182.709592603946,,CSV,,
Soro,5_1H,Lactose,,185.482033132833,,CSV,,
Soro,5_1H,5-AminoValerate,,194.319638087006,,CSV,,
Soro,5_1H,Glucose-6-Phosphate,,196.178733498933,,CSV,,
Soro,5_1H,3-Methyl-L-Histidine,,209.827692306004,,CSV,,
Soro,5_1H,Pantothenate,HMDB00210,218.595328676772,,CSV,,
Soro,5_1H,GABA,,231.305655071721,,CSV,,
Soro,5_1H,Phenylalanine,,240.388787075734,19.4,CSV,220.988787075734,1139.12
Soro,5_1H,Ornithine,,243.24581955316,6.7,CSV,236.54581955316002,3530.53
Soro,5_1H,Myo-Inositol,,244.9405613919,,CSV,,
Soro,5_1H,Glycogen,,248.348079490287,,CSV,,
Soro,5_1H,Aspartate,,251.528191947724,10.3,CSV,241.22819194772399,2342.02
Soro,5_1H,Succinate,HMDB00254,268.533571702517,1.4,CSV,267.13357170251703,19080.97
Soro,5_1H,Cadaverine,,273.335733172571,,CSV,,
Soro,5_1H,3-Methyladipate,,290.943689092596,,CSV,,
Soro,5_1H,Isoleucine,HMDB00172,295.415887165109,17.5,CSV,277.915887165109,1588.09
Soro,5_1H,Arabitol,,306.763670029812,,CSV,,
Soro,5_1H,Alanine,HMDB00161,322.902977833492,101.6,CSV,221.302977833492,217.82
Soro,5_1H,4-HydroxyphenylAcetate,,323.924719743285,,CSV,,
Soro,5_1H,Glucuronate,,344.026086003763,,CSV,,
Soro,5_1H,CholineChloride,,344.234360358956,,CSV,,
Soro,5_1H,Glycine,HMDB00123,394.257715938437,55.6,CSV,338.657715938437,609.1
Soro,5_1H,Pyruvate,HMDB00243,412.261025528231,16.9,CSV,395.36102552823104,2339.41
Soro,5_1H,Lysine,HMDB00182,414.18639041036,37.9,CSV,376.28639041036,992.84
Soro,5_1H,Ethylmalonate,,418.863606237321,,CSV,,
Soro,5_1H,Spermidine,,420.86743831461,,CSV,,
Soro,5_1H,2-Propanol,,448.913491371277,,CSV,,
Soro,5_1H,3-Hydroxybutyrate,HMDB00357,517.16552969605,39.3,CSV,477.86552969605003,1215.94
Soro,5_1H,Hypotaurine,,531.336087383751,,CSV,,
Soro,5_1H,Cystine,,545.45079328639,,CSV,,
Soro,5_1H,Threonine,HMDB00167,547.406345810997,33.0,CSV,514.406345810997,1558.81
Soro,5_1H,Guanidinoacetate,,550.065004640883,,CSV,,
Soro,5_1H,Putrescine,,589.635547570947,,CSV,,
Soro,5_1H,Valine,HMDB00883,607.975404247451,60.9,CSV,547.075404247451,898.32
Soro,5_1H,Threitol,,615.774151783517,,CSV,,
Soro,5_1H,Carnitine,HMDB00062,778.541866229155,10.0,CSV,768.541866229155,7685.42
Soro,5_1H,Methylmalonate,,788.744198840817,,CSV,,
Soro,5_1H,PropyleneGlycol,,913.888106072271,,CSV,,
Soro,5_1H,Glycerate,,922.040709346765,,CSV,,
Soro,5_1H,Mannose,,945.041917945723,19.1,CSV,925.9419179457229,4847.86
Soro,5_1H,Citrate,HMDB00094,956.853278711355,47.6,CSV,909.2532787113549,1910.2
Soro,5_1H,Leucine,HMDB00687,960.871971335828,33.4,CSV,927.471971335828,2776.86
Soro,5_1H,N-Acetylglycine,,983.551113039183,,CSV,,
Soro,5_1H,2-AminoAdipate,,999.896128964968,,CSV,,
Soro,5_1H,Citrulline,,1242.5517566627,,CSV,,
Soro,5_1H,Methanol,,1284.68279092095,29.0,CSV,1255.68279092095,4329.94
Soro,5_1H,2-Aminobutyrate,,1443.60859002624,5.8,CSV,1437.8085900262402,24789.8
Soro,5_1H,Dihydrothymine,,1466.64537721609,,CSV,,
Soro,5_1H,Galactitol,,1471.8806287583,,CSV,,
Soro,5_1H,Taurine,HMDB00251,1502.02055414952,53.1,CSV,1448.92055414952,2728.66
Soro,5_1H,Glycerol,,1519.68516545025,83.5,CSV,1436.18516545025,1719.98
Soro,5_1H,Lactate,HMDB00190,1582.86335938753,269.1,CSV,1313.7633593875298,488.21
Soro,5_1H,Xylitol,HMDB02917,1648.25337968819,,CSV,,
Soro,5_1H,Arginine,,1743.2146063766,55.6,CSV,1687.6146063766,3035.28
Soro,5_1H,Sorbitol,,2397.37470841561,,CSV,,
Soro,5_1H,Glutamine,HMDB00641,2992.72654812565,146.9,CSV,2845.82654812565,1937.25
Soro,5_1H,Glutamate,,3662.33211047187,90.4,CSV,3571.9321104718697,3951.25
Soro,5_1H,Proline,,5036.82501668508,40.5,CSV,4996.32501668508,12336.6
Soro,5_1H,Glucose,HMDB00122,17432.9487855537,1410.4,CSV,16022.548785553701,1136.03
Soro,6_1H,Arabitol,,0.0,,CSV,,
Soro,6_1H,Spermidine,,0.0,,CSV,,
Soro,6_1H,Sebacate,,0.0,,CSV,,
Soro,6_1H,Glutarate,,0.0,,CSV,,
Soro,6_1H,Azelaic ate,,0.0,,CSV,,
Soro,6_1H,Methylguanidine,,0.0,,CSV,,
Soro,6_1H,Propionate,,0.0,,CSV,,
Soro,6_1H,Oxypurinol,,0.0,,CSV,,
Soro,6_1H,Isobutyrate,,0.0,,CSV,,
Soro,6_1H,Pimelate,,0.0,,CSV,,
Soro,6_1H,Tartarate,,0.0,,CSV,,
Soro,6_1H,Adenine,,0.0,,CSV,,
Soro,6_1H,ATP,,0.0,,CSV,,
Soro,6_1H,Nicotinurate,,0.0,,CSV,,
Soro,6_1H,Fumarate,,0.0,,CSV,,
Soro,6_1H,Gluconate,,0.0,,CSV,,
Soro,6_1H,Levoglucosan,,0.0,,CSV,,
Soro,6_1H,Serine,HMDB00187,0.0,64.2,CSV,64.2,100.0
Soro,6_1H,Saccarate,,0.0,,CSV,,
Soro,6_1H,Methionine,HMDB00696,0.0,9.7,CSV,9.7,100.0
Soro,6_1H,Ethanolamine,HMDB00149,0.0,,CSV,,
Soro,6_1H,S-Acetamidomethylcysteine,,0.0,,CSV,,
Soro,6_1H,Glutathione-oxidized,,0.0,,CSV,,
Soro,6_1H,Creatinine,HMDB00562,0.0,19.0,CSV,19.0,100.0
Soro,6_1H,Urocanate,HMDB00301,0.0,,CSV,,
Soro,6_1H,Threonate,,0.0,,CSV,,
Soro,6_1H,Asparagine,HMDB00168,0.0,16.1,CSV,16.1,100.0
Soro,6_1H,Histidine,HMDB00177,0.0,30.3,CSV,30.3,100.0
Soro,6_1H,Adenosine,,0.0,,CSV,,
Soro,6_1H,Glutathione-reduced,,0.0,,CSV,,
Soro,6_1H,GDP,,0.0,,CSV,,
Soro,6_1H,Inosine,,0.0,0.0,CSV,0.0,
Soro,6_1H,UDPG,,0.0,,CSV,,
Soro,6_1H,2-Picolinate,,0.0270494644233016,,CSV,,
Soro,6_1H,NAD,,0.0367187003929695,,CSV,,
Soro,6_1H,CTP,,0.0906299823927846,,CSV,,
Soro,6_1H,Nicotinate,,0.470649521488463,,CSV,,
Soro,6_1H,Hypoxanthine,HMDB00157,0.673959174126589,2.0,CSV,1.3260408258734109,66.3
Soro,6_1H,2-Deoxyadenosine,,0.762848286254196,,CSV,,
Soro,6_1H,Quinolinate,,0.848445189095732,,CSV,,
Soro,6_1H,Trigonelline,HMDB00875,1.18611780294623,,CSV,,
Soro,6_1H,AMP,,1.32707897212267,,CSV,,
Soro,6_1H,2-Deoxycytidine,,2.56073169652586,,CSV,,
Soro,6_1H,Glycerophosphocholine,,2.74645838832087,,CSV,,
Soro,6_1H,trans-4-Hydroxy-L-Proline,,2.93676574910676,,CSV,,
Soro,6_1H,Butyrate,HMDB00039,5.06252569814863,,CSV,,
Soro,6_1H,3-Methylxanthine,,7.32201946539638,,CSV,,
Soro,6_1H,Uridine,HMDB00296,7.36684918416474,,CSV,,
Soro,6_1H,Fructose,HMDB00660,8.25762369802913,,CSV,,
Soro,6_1H,dAMP,,8.59213430229884,,CSV,,
Soro,6_1H,Malate,,8.88424099507632,,CSV,,
Soro,6_1H,N-Acetyl-L-Aspartate,,9.84089029744993,,CSV,,
Soro,6_1H,Trimethylamine,,10.1879533403667,,CSV,,
Soro,6_1H,Acetaminophen,,11.2936577353946,,CSV,,
Soro,6_1H,1-Methylhydantoin,,11.8886459039259,,CSV,,
Soro,6_1H,Glutaconate,,12.1875630351724,,CSV,,
Soro,6_1H,1-Methyl-L-Histidine,,12.8724962514692,,CSV,,
Soro,6_1H,Kynurenate,,13.5766522168568,,CSV,,
Soro,6_1H,Cytosine,,13.6510732056146,,CSV,,
Soro,6_1H,Citraconate,,14.0011620001706,,CSV,,
Soro,6_1H,Methylamine,,15.4517402409989,,CSV,,
Soro,6_1H,Dimethylglycine,,17.2860670968103,,CSV,,
Soro,6_1H,Maltose,,17.3589780612099,,CSV,,
Soro,6_1H,O-Acetyl-L-Carnitine,,20.2166703167977,,CSV,,
Soro,6_1H,Tyrosine,HMDB00158,21.923921682276,19.7,CSV,2.223921682276,11.29
Soro,6_1H,TMAO,,23.6922039498327,,CSV,,
Soro,6_1H,Phenylglyoxylate,,24.1001340110785,,CSV,,
Soro,6_1H,2-Methylglutarate,,24.7899283175577,,CSV,,
Soro,6_1H,Dimethylsulfone,,24.9452791905903,,CSV,,
Soro,6_1H,Adipate,,25.9466361742421,,CSV,,
Soro,6_1H,Acetate,HMDB00042,26.0570572237908,18.9,CSV,7.157057223790801,37.87
Soro,6_1H,N-(2-Furoyl)Glycine,,26.3069375506324,,CSV,,
Soro,6_1H,Mandelate,,27.7818750321144,,CSV,,
Soro,6_1H,Acetone,HMDB01659,30.473083972276,4.4,CSV,26.073083972276002,592.57
Soro,6_1H,Malonate,HMDB00691,31.9030267391833,,CSV,,
Soro,6_1H,Uracil,HMDB00300,33.6175069410479,,CSV,,
Soro,6_1H,Allantoin,,34.0029501049817,,CSV,,
Soro,6_1H,Dimethylamine,HMDB00087,34.8679471860134,,CSV,,
Soro,6_1H,Glucose-6-Phosphate,,38.6688017134472,,CSV,,
Soro,6_1H,Carnosine,HMDB00033,41.1622936267376,,CSV,,
Soro,6_1H,Long-chain_alkane,,43.4727106813303,,CSV,,
Soro,6_1H,Sarcosine,,45.4720292983363,,CSV,,
Soro,6_1H,Creatine,HMDB00064,47.1564076901927,16.2,CSV,30.9564076901927,191.09
Soro,6_1H,Hippurate,HMDB00714,47.3866125952484,,CSV,,
Soro,6_1H,trans-Ferulate,,47.5289939538348,,CSV,,
Soro,6_1H,Betaine,HMDB00043,54.0420729761339,7.2,CSV,46.8420729761339,650.58
Soro,6_1H,Galactose,,57.6339404842055,,CSV,,
Soro,6_1H,4-AminoHippurate,,58.800625542468,,CSV,,
Soro,6_1H,Phosphocholine,,59.6532747175016,,CSV,,
Soro,6_1H,Vanillate,,61.3918805364279,,CSV,,
Soro,6_1H,Levulinate,,61.4807287112273,,CSV,,
Soro,6_1H,beta-Hydroxyisovalerate,,69.2374522430193,,CSV,,
Soro,6_1H,Formate,HMDB00142,72.2535443677398,9.7,CSV,62.5535443677398,644.88
Soro,6_1H,Pyrocatechol,,72.8300206721431,,CSV,,
Soro,6_1H,2-Hydroxybutyrate,,75.8014483441504,20.6,CSV,55.2014483441504,267.97
Soro,6_1H,Glycolate,HMDB00115,78.0340461078439,,CSV,,
Soro,6_1H,Acetoacetate,HMDB00060,83.6083579643582,6.0,CSV,77.6083579643582,1293.47
Soro,6_1H,3-PhenylPropionate,,84.0179264154707,,CSV,,
Soro,6_1H,Beta-Alanine,,84.6748954228388,,CSV,,
Soro,6_1H,Valerate,,90.2497461663803,,CSV,,
Soro,6_1H,Anserine,,90.6910365355465,,CSV,,
Soro,6_1H,Phenethylamine,,95.9215020980868,,CSV,,
Soro,6_1H,Benzoate,,97.7284319013504,8.9,CSV,88.8284319013504,998.07
Soro,6_1H,alpha-Hydroxyisobutyrate,,105.199810080592,,CSV,,
Soro,6_1H,Indoxylsulfate,,105.225054788769,,CSV,,
Soro,6_1H,4-EthylPhenol,,106.64516654357,,CSV,,
Soro,6_1H,"1,3-Diaminopropane",,109.691932062609,,CSV,,
Soro,6_1H,Syringate,,116.802399773958,,CSV,,
Soro,6_1H,Myo-Inositol,,123.494152468902,,CSV,,
Soro,6_1H,DehydroAscorbate,,128.442448230514,,CSV,,
Soro,6_1H,Tryptophan,HMDB00929,132.731903123035,,CSV,,
Soro,6_1H,Lactose,,136.58252406299,,CSV,,
Soro,6_1H,Isovalerate,,136.955496852757,,CSV,,
Soro,6_1H,2-Oxobutyrate,,139.886322533807,,CSV,,
Soro,6_1H,Ascorbate,,149.631963070989,,CSV,,
Soro,6_1H,2-Propanol,,169.21131378177,,CSV,,
Soro,6_1H,Aspartate,,170.037546529587,17.3,CSV,152.73754652958698,882.88
Soro,6_1H,Threitol,,172.412964324581,,CSV,,
Soro,6_1H,Trans-Acotinate,,173.827607109613,,CSV,,
Soro,6_1H,Succinate,HMDB00254,175.191149161399,4.8,CSV,170.391149161399,3549.82
Soro,6_1H,3-HydroxyphenylAcetate,,178.614076792231,,CSV,,
Soro,6_1H,Saturated_fattty_acids,,179.668124024885,,CSV,,
Soro,6_1H,Glycogen,,184.692119847702,,CSV,,
Soro,6_1H,7-Methylxanthine,,196.632121432689,,CSV,,
Soro,6_1H,2-Oxoglutarate,HMDB00208,197.596390320999,2.9,CSV,194.696390320999,6713.67
Soro,6_1H,Pantothenate,HMDB00210,201.764502894631,,CSV,,
Soro,6_1H,3-Methyl-L-Histidine,,207.800542995954,,CSV,,
Soro,6_1H,5-AminoValerate,,208.616183115434,,CSV,,
Soro,6_1H,Phenylalanine,,216.973750640168,27.5,CSV,189.473750640168,689.0
Soro,6_1H,Alanine,HMDB00161,223.406461144502,127.9,CSV,95.506461144502,74.67
Soro,6_1H,2-HydroxyphenylAcetate,,224.327382161488,,CSV,,
Soro,6_1H,Cadaverine,,227.030130629313,,CSV,,
Soro,6_1H,Arginine,,235.464782337157,35.5,CSV,199.964782337157,563.28
Soro,6_1H,Homovanillate,,246.009018311069,,CSV,,
Soro,6_1H,GABA,,251.360686559109,,CSV,,
Soro,6_1H,Isoleucine,HMDB00172,255.649619813355,21.0,CSV,234.649619813355,1117.38
Soro,6_1H,3-Hydroxybutyrate,HMDB00357,255.718561738396,29.6,CSV,226.118561738396,763.91
Soro,6_1H,Pyruvate,HMDB00243,257.975633108152,31.8,CSV,226.175633108152,711.24
Soro,6_1H,Ethylmalonate,,262.918643796832,,CSV,,
Soro,6_1H,Isocitrate,,264.571353155298,,CSV,,
Soro,6_1H,4-HydroxyphenylAcetate,,266.29520770602,,CSV,,
Soro,6_1H,3-Methyladipate,,278.420207253389,,CSV,,
Soro,6_1H,Putrescine,,304.533055596456,,CSV,,
Soro,6_1H,Citrate,HMDB00094,315.527285225148,30.0,CSV,285.527285225148,951.76
Soro,6_1H,2-Oxoisovalerate,,332.348552828798,,CSV,,
Soro,6_1H,Guanidinoacetate,,360.55895927319,,CSV,,
Soro,6_1H,Valine,HMDB00883,377.868107533026,76.8,CSV,301.06810753302597,392.02
Soro,6_1H,Hypotaurine,,399.063705799139,,CSV,,
Soro,6_1H,Pyroglutamate,HMDB00267,400.898027535242,,CSV,,
Soro,6_1H,CholineChloride,,437.695774226861,,CSV,,
Soro,6_1H,Threonine,HMDB00167,455.189431039578,40.9,CSV,414.289431039578,1012.93
Soro,6_1H,Fucose,HMDB00174,467.155599692858,,CSV,,
Soro,6_1H,Mannose,,487.400748198474,19.1,CSV,468.30074819847397,2451.84
Soro,6_1H,Ornithine,,524.971617307429,18.5,CSV,506.471617307429,2737.68
Soro,6_1H,Citrulline,,529.013796649608,,CSV,,
Soro,6_1H,PropyleneGlycol,,564.46848274513,,CSV,,
Soro,6_1H,Carnitine,HMDB00062,570.413516962467,12.4,CSV,558.0135169624671,4500.11
Soro,6_1H,2-AminoAdipate,,575.594835421981,,CSV,,
Soro,6_1H,Cystine,,592.028079912708,,CSV,,
Soro,6_1H,Taurine,HMDB00251,603.870477392906,53.1,CSV,550.770477392906,1037.23
Soro,6_1H,Xylitol,HMDB02917,664.597012125527,,CSV,,
Soro,6_1H,Leucine,HMDB00687,691.988200452731,47.8,CSV,644.188200452731,1347.67
Soro,6_1H,Glycerol,,699.544073717286,70.9,CSV,628.644073717286,886.66
Soro,6_1H,N-Acetylglycine,,704.023923285581,,CSV,,
Soro,6_1H,Methanol,,735.625362221217,37.2,CSV,698.4253622212169,1877.49
Soro,6_1H,Dihydrothymine,,752.652740990926,,CSV,,
Soro,6_1H,Glucuronate,,756.798164851639,,CSV,,
Soro,6_1H,Lysine,HMDB00182,835.077627490765,55.3,CSV,779.7776274907651,1410.09
Soro,6_1H,Methylmalonate,,857.596729433557,,CSV,,
Soro,6_1H,2-Aminobutyrate,,963.549382457551,8.3,CSV,955.2493824575511,11509.03
Soro,6_1H,Glycerate,,984.031633897595,,CSV,,
Soro,6_1H,Galactitol,,997.78327840847,,CSV,,
Soro,6_1H,Sorbitol,,1100.7017217201,,CSV,,
Soro,6_1H,Glycine,HMDB00123,1445.32424830869,145.5,CSV,1299.82424830869,893.35
Soro,6_1H,Glutamine,HMDB00641,2401.94451231698,201.5,CSV,2200.44451231698,1092.03
Soro,6_1H,Glutamate,,2434.30381671821,111.5,CSV,2322.80381671821,2083.23
Soro,6_1H,Lactate,HMDB00190,2449.74423957203,890.0,CSV,1559.74423957203,175.25
Soro,6_1H,Proline,,3306.45554637627,31.8,CSV,3274.6555463762697,10297.66
Soro,6_1H,Glucose,HMDB00122,8720.86450472252,1182.6,CSV,7538.26450472252,637.43
Urina,01RCF_csv,3-Methyl-L-Histidine,,0.0,,CSV,,
Urina,01RCF_csv,DehydroAscorbate,,0.0,,CSV,,
Urina,01RCF_csv,Malonate,HMDB00691,0.0,685.2,CSV,685.2,100.0
Urina,01RCF_csv,Adenosine,,0.0,,CSV,,
Urina,01RCF_csv,Glutarate,,0.0,,CSV,,
Urina,01RCF_csv,Citraconate,,0.0,,CSV,,
Urina,01RCF_csv,Ascorbate,,0.0,,CSV,,
Urina,01RCF_csv,Propionate,,0.0,,CSV,,
Urina,01RCF_csv,Long-chain_alkane,,0.0,,CSV,,
Urina,01RCF_csv,AMP,,0.0,,CSV,,
Urina,01RCF_csv,NAD,,0.0,,CSV,,
Urina,01RCF_csv,Mandelate,,0.0,,CSV,,
Urina,01RCF_csv,NADP,,0.0568522196321375,,CSV,,
Urina,01RCF_csv,Nicotinurate,,0.263328575496967,,CSV,,
Urina,01RCF_csv,CDP,,2.33723086837575,,CSV,,
Urina,01RCF_csv,dAMP,,3.66239809043155,,CSV,,
Urina,01RCF_csv,Nicotinate,,3.89525503464296,,CSV,,
Urina,01RCF_csv,Fumarate,,22.380326921978,,CSV,,
Urina,01RCF_csv,Azelaic ate,,37.1319593236383,,CSV,,
Urina,01RCF_csv,GDP,,47.1265781957637,,CSV,,
Urina,01RCF_csv,Acetone,HMDB01659,58.3641687247222,29.7,CSV,28.6641687247222,96.51
Urina,01RCF_csv,2-Picolinate,,62.3009428995943,,CSV,,
Urina,01RCF_csv,IMP,,74.729964012583,,CSV,,
Urina,01RCF_csv,Maltose,,78.7434131620704,,CSV,,
Urina,01RCF_csv,ATP,,118.374554846858,,CSV,,
Urina,01RCF_csv,CTP,,184.032243425324,,CSV,,
Urina,01RCF_csv,UDPG,,233.661161555896,,CSV,,
Urina,01RCF_csv,Acetaminophen,,242.47574867394,,CSV,,
Urina,01RCF_csv,Dimethylglycine,,245.303005803142,,CSV,,
Urina,01RCF_csv,Levulinate,,263.548532119366,,CSV,,
Urina,01RCF_csv,Sebacate,,274.294299329072,,CSV,,
Urina,01RCF_csv,7-Methylxanthine,,279.221477358613,,CSV,,
Urina,01RCF_csv,Kynurenate,,288.78910890939,,CSV,,
Urina,01RCF_csv,2-Deoxyadenosine,,312.983676534088,,CSV,,
Urina,01RCF_csv,Succinate,HMDB00254,316.090371280542,58.4,CSV,257.690371280542,441.25
Urina,01RCF_csv,UMP,,376.323827638565,,CSV,,
Urina,01RCF_csv,Glycerophosphocholine,,379.527338827209,,CSV,,
Urina,01RCF_csv,Adenine,,383.074578132574,,CSV,,
Urina,01RCF_csv,2-HydroxyphenylAcetate,,405.707713298014,,CSV,,
Urina,01RCF_csv,Isoleucine,HMDB00172,420.752434359151,22.4,CSV,398.352434359151,1778.36
Urina,01RCF_csv,1-Methyl-L-Histidine,,425.657294247498,,CSV,,
Urina,01RCF_csv,GMP,,464.520491027673,,CSV,,
Urina,01RCF_csv,2-Oxobutyrate,,488.709354602632,,CSV,,
Urina,01RCF_csv,Pyruvate,HMDB00243,499.124290536785,65.8,CSV,433.324290536785,658.55
Urina,01RCF_csv,2-Oxoisovalerate,,531.627953151227,,CSV,,
Urina,01RCF_csv,Adipate,,539.506925597276,,CSV,,
Urina,01RCF_csv,UDP,,566.871009769082,,CSV,,
Urina,01RCF_csv,CholineChloride,,602.25966780528,,CSV,,
Urina,01RCF_csv,Hypoxanthine,HMDB00157,611.545391672101,119.9,CSV,491.645391672101,410.05
Urina,01RCF_csv,Acetoacetate,HMDB00060,618.45671102571,83.5,CSV,534.95671102571,640.67
Urina,01RCF_csv,Trimethylamine,,627.901200873609,,CSV,,
Urina,01RCF_csv,TMAO,,634.12548770753,,CSV,,
Urina,01RCF_csv,3-HydroxyphenylAcetate,,645.825609721457,,CSV,,
Urina,01RCF_csv,Ethylmalonate,,690.371098674332,,CSV,,
Urina,01RCF_csv,Uridine,HMDB00296,699.323154852169,46.3,CSV,653.023154852169,1410.42
Urina,01RCF_csv,2-Methylglutarate,,703.702182905656,,CSV,,
Urina,01RCF_csv,4-AminoHippurate,,711.14798425445,,CSV,,
Urina,01RCF_csv,N-(2-Furoyl)Glycine,,726.636169216821,,CSV,,
Urina,01RCF_csv,Benzoate,,766.905959324048,,CSV,,
Urina,01RCF_csv,Pantothenate,HMDB00210,783.451519503305,72.2,CSV,711.251519503305,985.11
Urina,01RCF_csv,Trigonelline,HMDB00875,792.35991695209,1538.7,CSV,746.3400830479101,48.5
Urina,01RCF_csv,Isobutyrate,,804.759825562905,,CSV,,
Urina,01RCF_csv,3-Methylxanthine,,808.223973344141,,CSV,,
Urina,01RCF_csv,2-Aminobutyrate,,835.539367064388,,CSV,,
Urina,01RCF_csv,CMP,,867.535092796321,,CSV,,
Urina,01RCF_csv,Isovalerate,,922.214316077438,,CSV,,
Urina,01RCF_csv,Carnosine,HMDB00033,934.955206207668,111.4,CSV,823.555206207668,739.28
Urina,01RCF_csv,Carnitine,HMDB00062,935.262538455737,121.9,CSV,813.362538455737,667.24
Urina,01RCF_csv,Valine,HMDB00883,983.839770835278,73.0,CSV,910.839770835278,1247.73
Urina,01RCF_csv,Methylamine,,1006.98904568648,,CSV,,
Urina,01RCF_csv,Valerate,,1055.91883334881,,CSV,,
Urina,01RCF_csv,Tartarate,,1064.20501425133,,CSV,,
Urina,01RCF_csv,Inosine,,1064.69888056051,,CSV,,
Urina,01RCF_csv,Leucine,HMDB00687,1110.71978174612,91.8,CSV,1018.91978174612,1109.93
Urina,01RCF_csv,alpha-Hydroxyisobutyrate,,1135.84871501521,,CSV,,
Urina,01RCF_csv,PropyleneGlycol,,1142.54582122757,,CSV,,
Urina,01RCF_csv,Acetate,HMDB00042,1179.84966304064,160.9,CSV,1018.9496630406401,633.28
Urina,01RCF_csv,Syringate,,1223.49500090302,,CSV,,
Urina,01RCF_csv,Dimethylsulfone,,1228.44898028654,,CSV,,
Urina,01RCF_csv,Tyrosine,HMDB00158,1281.78185399416,157.3,CSV,1124.48185399416,714.86
Urina,01RCF_csv,GTP,,1285.06552728236,,CSV,,
Urina,01RCF_csv,Vanillate,,1310.14590709887,,CSV,,
Urina,01RCF_csv,4-EthylPhenol,,1320.08549515962,,CSV,,
Urina,01RCF_csv,Glutathione-reduced,,1331.60781854831,,CSV,,
Urina,01RCF_csv,Homovanillate,,1386.23458769578,,CSV,,
Urina,01RCF_csv,Pyrocatechol,,1392.93117759336,,CSV,,
Urina,01RCF_csv,Saturated_fattty_acids,,1435.91344908117,,CSV,,
Urina,01RCF_csv,UTP,,1439.02299763388,,CSV,,
Urina,01RCF_csv,Quinolinate,,1462.07608682436,,CSV,,
Urina,01RCF_csv,S-Acetamidomethylcysteine,,1464.48180198681,,CSV,,
Urina,01RCF_csv,Phosphocholine,,1465.0140941592,,CSV,,
Urina,01RCF_csv,5-AminoValerate,,1548.1178712071,,CSV,,
Urina,01RCF_csv,Sarcosine,,1566.94397404984,,CSV,,
Urina,01RCF_csv,Glutaconate,,1574.98159598531,,CSV,,
Urina,01RCF_csv,2-Deoxyguanosine,,1585.39090882607,,CSV,,
Urina,01RCF_csv,Dihydrothymine,,1608.47998063749,,CSV,,
Urina,01RCF_csv,3-Methyladipate,,1619.1351334979,,CSV,,
Urina,01RCF_csv,Alanine,HMDB00161,1628.27978193476,383.0,CSV,1245.27978193476,325.14
Urina,01RCF_csv,Methionine,HMDB00696,1641.88687334281,79.5,CSV,1562.38687334281,1965.27
Urina,01RCF_csv,Threonine,HMDB00167,1720.01581511536,390.6,CSV,1329.4158151153601,340.35
Urina,01RCF_csv,trans-Ferulate,,1737.60265263987,,CSV,,
Urina,01RCF_csv,Anserine,,1831.89273597692,,CSV,,
Urina,01RCF_csv,Allantoin,,1832.79309525385,,CSV,,
Urina,01RCF_csv,Glycogen,,1872.02145728325,,CSV,,
Urina,01RCF_csv,Fucose,HMDB00174,1893.47316986967,184.2,CSV,1709.27316986967,927.94
Urina,01RCF_csv,Phenylglyoxylate,,1950.27838651778,,CSV,,
Urina,01RCF_csv,O-Acetyl-L-Carnitine,,1953.88016045398,,CSV,,
Urina,01RCF_csv,Methylguanidine,,1966.22158968227,,CSV,,
Urina,01RCF_csv,1-Methylhydantoin,,2045.00645340238,,CSV,,
Urina,01RCF_csv,Hypotaurine,,2060.50339934482,,CSV,,
Urina,01RCF_csv,4-HydroxyphenylAcetate,,2113.29123954202,,CSV,,
Urina,01RCF_csv,2-Propanol,,2151.09567720965,,CSV,,
Urina,01RCF_csv,Putrescine,,2191.08668337226,,CSV,,
Urina,01RCF_csv,Arginine,,2213.50030634072,,CSV,,
Urina,01RCF_csv,Urocanate,HMDB00301,2238.94449628954,25.0,CSV,2213.94449628954,8855.78
Urina,01RCF_csv,3-Hydroxybutyrate,HMDB00357,2338.61638093897,122.6,CSV,2216.01638093897,1807.52
Urina,01RCF_csv,Glutathione-oxidized,,2508.93607312883,,CSV,,
Urina,01RCF_csv,Indoxylsulfate,,2520.02824557336,,CSV,,
Urina,01RCF_csv,Sorbitol,,2644.07546177237,,CSV,,
Urina,01RCF_csv,Spermidine,,2644.89974252666,,CSV,,
Urina,01RCF_csv,Methylmalonate,,2679.08308726344,,CSV,,
Urina,01RCF_csv,Argininosuccinate,,2754.58112809287,,CSV,,
Urina,01RCF_csv,Phenylalanine,,2852.62305355892,,CSV,,
Urina,01RCF_csv,3-PhenylPropionate,,2868.93193899826,,CSV,,
Urina,01RCF_csv,Trans-Acotinate,,2895.75164872919,,CSV,,
Urina,01RCF_csv,Formate,HMDB00142,2924.63285804939,515.2,CSV,2409.4328580493902,467.67
Urina,01RCF_csv,2-Oxoglutarate,HMDB00208,2928.9821575696,165.2,CSV,2763.7821575696003,1672.99
Urina,01RCF_csv,N-Acetylglycine,,3013.00652137936,,CSV,,
Urina,01RCF_csv,trans-4-Hydroxy-L-Proline,,3158.23097358878,,CSV,,
Urina,01RCF_csv,Arabitol,,3222.02925602539,,CSV,,
Urina,01RCF_csv,Tryptophan,HMDB00929,3263.48739484744,111.3,CSV,3152.18739484744,2832.15
Urina,01RCF_csv,Galactose,,3357.74186032764,,CSV,,
Urina,01RCF_csv,Cadaverine,,3531.92276407892,,CSV,,
Urina,01RCF_csv,Histidine,HMDB00177,3560.12768105752,1947.6,CSV,1612.52768105752,82.8
Urina,01RCF_csv,Creatine,HMDB00064,3736.89600080405,215.4,CSV,3521.49600080405,1634.86
Urina,01RCF_csv,Lysine,HMDB00182,3815.40375141231,472.0,CSV,3343.40375141231,708.35
Urina,01RCF_csv,Pyroglutamate,HMDB00267,3877.88140718988,502.6,CSV,3375.28140718988,671.56
Urina,01RCF_csv,Levoglucosan,,3883.2459519021,,CSV,,
Urina,01RCF_csv,Ornithine,,4039.44901188191,,CSV,,
Urina,01RCF_csv,Galactitol,,4117.26146626321,,CSV,,
Urina,01RCF_csv,GABA,,4618.53680134868,,CSV,,
Urina,01RCF_csv,Citrulline,,4850.32136517696,,CSV,,
Urina,01RCF_csv,Glutamate,,4861.60549361839,,CSV,,
Urina,01RCF_csv,Beta-Alanine,,4885.04310406752,,CSV,,
Urina,01RCF_csv,2-AminoAdipate,,4919.37301490738,,CSV,,
Urina,01RCF_csv,Myo-Inositol,,5040.65850304404,,CSV,,
Urina,01RCF_csv,Mannose,,5053.84860827823,,CSV,,
Urina,01RCF_csv,Lactate,HMDB00190,5109.66115443565,44.3,CSV,5065.36115443565,11434.22
Urina,01RCF_csv,N-Acetyl-L-Aspartate,,5144.35815303069,,CSV,,
Urina,01RCF_csv,Asparagine,HMDB00168,5344.58440754538,188.7,CSV,5155.88440754538,2732.32
Urina,01RCF_csv,Cystine,,5416.34483968003,,CSV,,
Urina,01RCF_csv,Malate,,5571.77771355457,,CSV,,
Urina,01RCF_csv,Glycerol,,6002.90433381067,,CSV,,
Urina,01RCF_csv,Glucuronate,,6060.78235187244,,CSV,,
Urina,01RCF_csv,Glutamine,HMDB00641,6204.3298717283,839.1,CSV,5365.229871728299,639.4
Urina,01RCF_csv,Threitol,,6208.01439205347,,CSV,,
Urina,01RCF_csv,Aspartate,,6326.17016168126,,CSV,,
Urina,01RCF_csv,"1,3-Diaminopropane",,6452.98266689282,,CSV,,
Urina,01RCF_csv,Dimethylamine,HMDB00087,6458.54009573264,759.3,CSV,5699.24009573264,750.59
Urina,01RCF_csv,Lactose,,7211.61216399885,,CSV,,
Urina,01RCF_csv,Xylitol,HMDB02917,7219.30217612643,498.6,CSV,6720.70217612643,1347.91
Urina,01RCF_csv,Isocitrate,,7334.87634889928,,CSV,,
Urina,01RCF_csv,Glucose-6-Phosphate,,7454.44235725773,,CSV,,
Urina,01RCF_csv,Fructose,HMDB00660,7750.53141724093,611.9,CSV,7138.63141724093,1166.63
Urina,01RCF_csv,2-Deoxycytidine,,7822.71091817544,,CSV,,
Urina,01RCF_csv,Glucose,HMDB00122,8255.5188589324,610.1,CSV,7645.4188589324,1253.14
Urina,01RCF_csv,Phenethylamine,,8500.18214524583,,CSV,,
Urina,01RCF_csv,Guanidinoacetate,,8525.91432896693,,CSV,,
Urina,01RCF_csv,Betaine,HMDB00043,8590.68049024339,179.1,CSV,8411.58049024339,4696.58
Urina,01RCF_csv,Saccarate,,8848.67622824952,,CSV,,
Urina,01RCF_csv,Ethanolamine,HMDB00149,9460.50885901954,979.4,CSV,8481.10885901954,865.95
Urina,01RCF_csv,Hippurate,HMDB00714,9741.46236464434,4653.1,CSV,5088.362364644339,109.35
Urina,01RCF_csv,Citrate,HMDB00094,10960.533585261,3886.5,CSV,7074.033585261001,182.02
Urina,01RCF_csv,Gluconate,,11134.5764227819,,CSV,,
Urina,01RCF_csv,Cysteine,,11796.1294195556,,CSV,,
Urina,01RCF_csv,Proline,,12056.6398232553,,CSV,,
Urina,01RCF_csv,Glycine,HMDB00123,15543.3204474895,1518.6,CSV,14024.720447489499,923.53
Urina,01RCF_csv,Serine,HMDB00187,17181.1846411819,896.5,CSV,16284.684641181899,1816.47
Urina,01RCF_csv,Uracil,HMDB00300,18885.6038443532,181.8,CSV,18703.803844353202,10288.12
Urina,01RCF_csv,Threonate,,19235.3915727742,,CSV,,
Urina,01RCF_csv,Taurine,HMDB00251,19318.1267760495,2148.6,CSV,17169.5267760495,799.1
Urina,01RCF_csv,Glycolate,HMDB00115,23920.0792551569,1226.6,CSV,22693.4792551569,1850.11
Urina,01RCF_csv,Cytosine,,26516.6910776538,,CSV,,
Urina,01RCF_csv,Creatinine,HMDB00562,120826.437446869,24012.6,CSV,96813.837446869,403.18
Urina,02RCF_csv,Arabitol,,0.0,,CSV,,
Urina,02RCF_csv,Methionine,HMDB00696,0.0,34.4,CSV,34.4,100.0
Urina,02RCF_csv,Tartarate,,0.0,,CSV,,
Urina,02RCF_csv,UDP,,0.0,,CSV,,
Urina,02RCF_csv,Pyruvate,HMDB00243,0.0,54.9,CSV,54.9,100.0
Urina,02RCF_csv,Succinate,HMDB00254,0.0,20.1,CSV,20.1,100.0
Urina,02RCF_csv,Sebacate,,0.0,,CSV,,
Urina,02RCF_csv,GDP,,0.0,,CSV,,
Urina,02RCF_csv,Azelaic ate,,0.0,,CSV,,
Urina,02RCF_csv,dAMP,,0.0,,CSV,,
Urina,02RCF_csv,Nicotinurate,,0.0,,CSV,,
Urina,02RCF_csv,NADP,,0.0,,CSV,,
Urina,02RCF_csv,Propionate,,0.0,,CSV,,
Urina,02RCF_csv,Long-chain_alkane,,0.0,,CSV,,
Urina,02RCF_csv,AMP,,0.0,,CSV,,
Urina,02RCF_csv,NAD,,0.0,,CSV,,
Urina,02RCF_csv,Mandelate,,0.0,,CSV,,
Urina,02RCF_csv,Nicotinate,,0.0685259068681063,,CSV,,
Urina,02RCF_csv,Fumarate,,6.04785043690419,,CSV,,
Urina,02RCF_csv,Homovanillate,,12.992727012245,,CSV,,
Urina,02RCF_csv,Ascorbate,,42.9093634530622,,CSV,,
Urina,02RCF_csv,CTP,,47.4555638305981,,CSV,,
Urina,02RCF_csv,2-Picolinate,,94.3508015834879,,CSV,,
Urina,02RCF_csv,2-HydroxyphenylAcetate,,133.486824335084,,CSV,,
Urina,02RCF_csv,UDPG,,183.47233207809,,CSV,,
Urina,02RCF_csv,IMP,,192.154860241966,,CSV,,
Urina,02RCF_csv,Citraconate,,198.731682368565,,CSV,,
Urina,02RCF_csv,Urocanate,HMDB00301,235.211067200968,17.0,CSV,218.211067200968,1283.59
Urina,02RCF_csv,Vanillate,,246.294152383622,,CSV,,
Urina,02RCF_csv,Kynurenate,,273.692059461691,,CSV,,
Urina,02RCF_csv,Acetone,HMDB01659,321.442115915296,43.1,CSV,278.34211591529595,645.81
Urina,02RCF_csv,Inosine,,340.295036450178,,CSV,,
Urina,02RCF_csv,Acetaminophen,,367.837167999421,,CSV,,
Urina,02RCF_csv,S-Acetamidomethylcysteine,,370.80749321237,,CSV,,
Urina,02RCF_csv,Isoleucine,HMDB00172,406.124491703669,31.4,CSV,374.724491703669,1193.39
Urina,02RCF_csv,2-Deoxyadenosine,,432.251939237384,,CSV,,
Urina,02RCF_csv,Uridine,HMDB00296,432.449612878862,26.9,CSV,405.54961287886204,1507.62
Urina,02RCF_csv,2-Propanol,,441.634042120442,,CSV,,
Urina,02RCF_csv,ATP,,491.604929674145,,CSV,,
Urina,02RCF_csv,2-Methylglutarate,,527.782744213409,,CSV,,
Urina,02RCF_csv,Trimethylamine,,549.609793418933,,CSV,,
Urina,02RCF_csv,Glutarate,,594.30833709211,,CSV,,
Urina,02RCF_csv,TMAO,,604.363744986481,,CSV,,
Urina,02RCF_csv,Dimethylglycine,,619.673125206147,,CSV,,
Urina,02RCF_csv,Hypoxanthine,HMDB00157,645.488387230875,106.6,CSV,538.888387230875,505.52
Urina,02RCF_csv,UMP,,690.78684913664,,CSV,,
Urina,02RCF_csv,Adipate,,725.174021155002,,CSV,,
Urina,02RCF_csv,Syringate,,730.286163732815,,CSV,,
Urina,02RCF_csv,Benzoate,,751.195325806364,,CSV,,
Urina,02RCF_csv,Acetoacetate,HMDB00060,756.01497331386,55.1,CSV,700.91497331386,1272.08
Urina,02RCF_csv,Levulinate,,764.470132178567,,CSV,,
Urina,02RCF_csv,CDP,,765.931491679984,,CSV,,
Urina,02RCF_csv,Cadaverine,,783.156229110476,,CSV,,
Urina,02RCF_csv,Glutaconate,,814.564723196167,,CSV,,
Urina,02RCF_csv,CMP,,831.818234736497,,CSV,,
Urina,02RCF_csv,2-Aminobutyrate,,870.042854039074,,CSV,,
Urina,02RCF_csv,Sarcosine,,874.267471893863,,CSV,,
Urina,02RCF_csv,Glycerophosphocholine,,898.911280386589,,CSV,,
Urina,02RCF_csv,Adenine,,899.04264940122,,CSV,,
Urina,02RCF_csv,Valerate,,949.175131462943,,CSV,,
Urina,02RCF_csv,N-(2-Furoyl)Glycine,,953.807742857024,,CSV,,
Urina,02RCF_csv,Adenosine,,956.381966435173,,CSV,,
Urina,02RCF_csv,Methylamine,,1099.73328814472,,CSV,,
Urina,02RCF_csv,Pantothenate,HMDB00210,1127.36652083295,65.2,CSV,1062.16652083295,1629.09
Urina,02RCF_csv,Isovalerate,,1161.89339484278,,CSV,,
Urina,02RCF_csv,3-HydroxyphenylAcetate,,1198.79786734888,,CSV,,
Urina,02RCF_csv,2-Oxoisovalerate,,1255.03229538934,,CSV,,
Urina,02RCF_csv,Dihydrothymine,,1278.09447971067,,CSV,,
Urina,02RCF_csv,Trans-Acotinate,,1292.57729352916,,CSV,,
Urina,02RCF_csv,Phenylalanine,,1332.415669879,,CSV,,
Urina,02RCF_csv,trans-4-Hydroxy-L-Proline,,1372.27959844643,,CSV,,
Urina,02RCF_csv,2-Deoxyguanosine,,1381.40089115566,,CSV,,
Urina,02RCF_csv,Glutathione-reduced,,1448.52532226929,,CSV,,
Urina,02RCF_csv,Methylguanidine,,1452.80052640514,,CSV,,
Urina,02RCF_csv,trans-Ferulate,,1496.85365501781,,CSV,,
Urina,02RCF_csv,7-Methylxanthine,,1505.7722431374,,CSV,,
Urina,02RCF_csv,Putrescine,,1508.07463259015,,CSV,,
Urina,02RCF_csv,alpha-Hydroxyisobutyrate,,1547.12653085412,,CSV,,
Urina,02RCF_csv,PropyleneGlycol,,1550.56530164565,,CSV,,
Urina,02RCF_csv,Fructose,HMDB00660,1599.0671714285,158.1,CSV,1440.9671714285,911.43
Urina,02RCF_csv,Maltose,,1642.56744188816,,CSV,,
Urina,02RCF_csv,4-HydroxyphenylAcetate,,1679.39932147043,,CSV,,
Urina,02RCF_csv,5-AminoValerate,,1706.30438870005,,CSV,,
Urina,02RCF_csv,Malate,,1723.14641176692,,CSV,,
Urina,02RCF_csv,Threonine,HMDB00167,1747.39029796116,645.5,CSV,1101.89029796116,170.7
Urina,02RCF_csv,2-Oxobutyrate,,1781.06710572204,,CSV,,
Urina,02RCF_csv,4-AminoHippurate,,1786.02757506267,,CSV,,
Urina,02RCF_csv,4-EthylPhenol,,1816.04218510472,,CSV,,
Urina,02RCF_csv,Ethylmalonate,,1837.63243358871,,CSV,,
Urina,02RCF_csv,Hypotaurine,,1888.83020252302,,CSV,,
Urina,02RCF_csv,Pyrocatechol,,1893.91346470173,,CSV,,
Urina,02RCF_csv,Uracil,HMDB00300,1901.60335515759,88.3,CSV,1813.30335515759,2053.57
Urina,02RCF_csv,Fucose,HMDB00174,1907.70624536568,82.2,CSV,1825.50624536568,2220.81
Urina,02RCF_csv,Leucine,HMDB00687,1909.37660564962,86.6,CSV,1822.77660564962,2104.82
Urina,02RCF_csv,Galactose,,1915.32736605701,,CSV,,
Urina,02RCF_csv,Tyrosine,HMDB00158,2030.47588819515,212.7,CSV,1817.77588819515,854.62
Urina,02RCF_csv,Dimethylsulfone,,2079.20952750915,,CSV,,
Urina,02RCF_csv,3-Hydroxybutyrate,HMDB00357,2092.02758835731,49.4,CSV,2042.6275883573098,4134.87
Urina,02RCF_csv,Glycogen,,2093.1817486215,,CSV,,
Urina,02RCF_csv,Acetate,HMDB00042,2144.11611499558,132.4,CSV,2011.71611499558,1519.42
Urina,02RCF_csv,Xylitol,HMDB02917,2192.02157281648,321.3,CSV,1870.72157281648,582.24
Urina,02RCF_csv,3-Methyladipate,,2213.32093010138,,CSV,,
Urina,02RCF_csv,Valine,HMDB00883,2251.66669006968,96.9,CSV,2154.76669006968,2223.7
Urina,02RCF_csv,UTP,,2342.07538280095,,CSV,,
Urina,02RCF_csv,Quinolinate,,2386.30476849341,,CSV,,
Urina,02RCF_csv,Levoglucosan,,2403.06267760215,,CSV,,
Urina,02RCF_csv,Phenylglyoxylate,,2419.48801831485,,CSV,,
Urina,02RCF_csv,3-PhenylPropionate,,2452.71354507769,,CSV,,
Urina,02RCF_csv,Isobutyrate,,2475.32783096408,,CSV,,
Urina,02RCF_csv,Argininosuccinate,,2554.10495205633,,CSV,,
Urina,02RCF_csv,CholineChloride,,2574.02023444251,,CSV,,
Urina,02RCF_csv,Tryptophan,HMDB00929,2589.32370924492,87.8,CSV,2501.5237092449197,2849.12
Urina,02RCF_csv,Indoxylsulfate,,2756.17926527944,,CSV,,
Urina,02RCF_csv,Arginine,,2801.58474871438,,CSV,,
Urina,02RCF_csv,Spermidine,,2850.72737269191,,CSV,,
Urina,02RCF_csv,GTP,,2923.67719595409,,CSV,,
Urina,02RCF_csv,Histidine,HMDB00177,2925.26540803874,2458.2,CSV,467.0654080387403,19.0
Urina,02RCF_csv,O-Acetyl-L-Carnitine,,2997.29711323832,,CSV,,
Urina,02RCF_csv,Malonate,HMDB00691,3009.46150708023,602.0,CSV,2407.46150708023,399.91
Urina,02RCF_csv,Saturated_fattty_acids,,3112.17958485142,,CSV,,
Urina,02RCF_csv,Cystine,,3167.68079364474,,CSV,,
Urina,02RCF_csv,Citrulline,,3228.25636025318,,CSV,,
Urina,02RCF_csv,Methylmalonate,,3415.72258621146,,CSV,,
Urina,02RCF_csv,Allantoin,,3496.68269494622,,CSV,,
Urina,02RCF_csv,Cytosine,,3570.6997664157,,CSV,,
Urina,02RCF_csv,3-Methylxanthine,,3599.16966433866,,CSV,,
Urina,02RCF_csv,Glutathione-oxidized,,3843.59363077198,,CSV,,
Urina,02RCF_csv,Anserine,,3969.97810438743,,CSV,,
Urina,02RCF_csv,Alanine,HMDB00161,4079.68762878759,672.2,CSV,3407.4876287875895,506.92
Urina,02RCF_csv,Carnitine,HMDB00062,4097.3736147873,175.9,CSV,3921.4736147872995,2229.38
Urina,02RCF_csv,Myo-Inositol,,4110.5521152939,,CSV,,
Urina,02RCF_csv,GMP,,4210.77242257809,,CSV,,
Urina,02RCF_csv,Mannose,,4261.3570653616,,CSV,,
Urina,02RCF_csv,Betaine,HMDB00043,4283.58431605369,127.5,CSV,4156.08431605369,3259.67
Urina,02RCF_csv,Phosphocholine,,4340.12821708965,,CSV,,
Urina,02RCF_csv,2-Deoxycytidine,,4428.62112935823,,CSV,,
Urina,02RCF_csv,1-Methylhydantoin,,4466.48820808522,,CSV,,
Urina,02RCF_csv,Citrate,HMDB00094,4598.03280330224,1742.3,CSV,2855.7328033022395,163.91
Urina,02RCF_csv,Lysine,HMDB00182,4668.61826263588,114.5,CSV,4554.11826263588,3977.4
Urina,02RCF_csv,Galactitol,,4760.20619029745,,CSV,,
Urina,02RCF_csv,N-Acetylglycine,,4861.02511369734,,CSV,,
Urina,02RCF_csv,Glycerol,,4974.33406342317,,CSV,,
Urina,02RCF_csv,N-Acetyl-L-Aspartate,,5032.44148181553,,CSV,,
Urina,02RCF_csv,GABA,,5163.20224165213,,CSV,,
Urina,02RCF_csv,Ornithine,,5854.22603771566,,CSV,,
Urina,02RCF_csv,Glucose,HMDB00122,5866.97074040764,278.2,CSV,5588.77074040764,2008.9
Urina,02RCF_csv,"1,3-Diaminopropane",,5910.29397537815,,CSV,,
Urina,02RCF_csv,Glucuronate,,5989.1136341984,,CSV,,
Urina,02RCF_csv,2-Oxoglutarate,HMDB00208,6039.11206767813,200.0,CSV,5839.11206767813,2919.56
Urina,02RCF_csv,Saccarate,,6256.29997334198,,CSV,,
Urina,02RCF_csv,Trigonelline,HMDB00875,6422.95572235987,346.3,CSV,6076.65572235987,1754.74
Urina,02RCF_csv,2-AminoAdipate,,6456.80701916821,,CSV,,
Urina,02RCF_csv,Pyroglutamate,HMDB00267,6575.84317380835,232.6,CSV,6343.24317380835,2727.1
Urina,02RCF_csv,DehydroAscorbate,,6656.66590746274,,CSV,,
Urina,02RCF_csv,Glycolate,HMDB00115,6775.07314812203,547.1,CSV,6227.97314812203,1138.36
Urina,02RCF_csv,Gluconate,,7070.2451895923,,CSV,,
Urina,02RCF_csv,1-Methyl-L-Histidine,,7355.12011381491,,CSV,,
Urina,02RCF_csv,Asparagine,HMDB00168,7564.12578412142,577.3,CSV,6986.82578412142,1210.26
Urina,02RCF_csv,Aspartate,,7738.83694820853,,CSV,,
Urina,02RCF_csv,Dimethylamine,HMDB00087,7960.19044592568,449.1,CSV,7511.09044592568,1672.48
Urina,02RCF_csv,Glutamate,,8243.78001600327,,CSV,,
Urina,02RCF_csv,Beta-Alanine,,8953.00155631872,,CSV,,
Urina,02RCF_csv,Formate,HMDB00142,9221.42413409191,775.6,CSV,8445.82413409191,1088.94
Urina,02RCF_csv,Phenethylamine,,10173.5067720378,,CSV,,
Urina,02RCF_csv,Sorbitol,,10334.4492022914,,CSV,,
Urina,02RCF_csv,Glucose-6-Phosphate,,10846.929736738,,CSV,,
Urina,02RCF_csv,Isocitrate,,11103.3911146069,,CSV,,
Urina,02RCF_csv,Proline,,11262.6613337183,,CSV,,
Urina,02RCF_csv,Lactate,HMDB00190,13106.1947384058,39.4,CSV,13066.7947384058,33164.45
Urina,02RCF_csv,Hippurate,HMDB00714,13758.6600272098,698.6,CSV,13060.0600272098,1869.46
Urina,02RCF_csv,Lactose,,13853.9305177342,,CSV,,
Urina,02RCF_csv,Threonate,,14667.3672042561,,CSV,,
Urina,02RCF_csv,Ethanolamine,HMDB00149,14720.6859294296,662.5,CSV,14058.1859294296,2121.99
Urina,02RCF_csv,Creatine,HMDB00064,15914.5097832402,965.6,CSV,14948.9097832402,1548.15
Urina,02RCF_csv,Carnosine,HMDB00033,16021.9411146306,651.0,CSV,15370.9411146306,2361.13
Urina,02RCF_csv,Threitol,,16579.3231112409,,CSV,,
Urina,02RCF_csv,Guanidinoacetate,,17787.988140959,,CSV,,
Urina,02RCF_csv,Glutamine,HMDB00641,22149.2025223504,1095.6,CSV,21053.6025223504,1921.65
Urina,02RCF_csv,Cysteine,,23501.9391777993,,CSV,,
Urina,02RCF_csv,Taurine,HMDB00251,27915.5194276784,1589.1,CSV,26326.4194276784,1656.69
Urina,02RCF_csv,Serine,HMDB00187,31789.7987221952,1137.6,CSV,30652.1987221952,2694.46
Urina,02RCF_csv,3-Methyl-L-Histidine,,37182.8099559478,,CSV,,
Urina,02RCF_csv,Glycine,HMDB00123,81779.2290826844,3972.8,CSV,77806.4290826844,1958.48
Urina,02RCF_csv,Creatinine,HMDB00562,338374.919256005,14392.1,CSV,323982.81925600505,2251.12
Urina,03RCF_csv,Glycine,HMDB00123,0.0,1538.4,CSV,1538.4,100.0
Urina,03RCF_csv,Argininosuccinate,,0.0,,CSV,,
Urina,03RCF_csv,Hypotaurine,,0.0,,CSV,,
Urina,03RCF_csv,Pyrocatechol,,0.0,,CSV,,
Urina,03RCF_csv,Glutathione-reduced,,0.0,,CSV,,
Urina,03RCF_csv,Acetate,HMDB00042,0.0,73.4,CSV,73.4,100.0
Urina,03RCF_csv,Uridine,HMDB00296,0.0,13.0,CSV,13.0,100.0
Urina,03RCF_csv,TMAO,,0.0,,CSV,,
Urina,03RCF_csv,Succinate,HMDB00254,0.0,86.9,CSV,86.9,100.0
Urina,03RCF_csv,Kynurenate,,0.0,,CSV,,
Urina,03RCF_csv,7-Methylxanthine,,0.0,,CSV,,
Urina,03RCF_csv,Levulinate,,0.0,,CSV,,
Urina,03RCF_csv,GDP,,0.0,,CSV,,
Urina,03RCF_csv,3-Methyl-L-Histidine,,0.0,,CSV,,
Urina,03RCF_csv,DehydroAscorbate,,0.0,,CSV,,
Urina,03RCF_csv,Ascorbate,,0.0,,CSV,,
Urina,03RCF_csv,NAD,,0.0,,CSV,,
Urina,03RCF_csv,Mandelate,,0.0,,CSV,,
Urina,03RCF_csv,Glucuronate,,1.21285670126123,,CSV,,
Urina,03RCF_csv,dAMP,,1.2962577003994,,CSV,,
Urina,03RCF_csv,NADP,,25.3087710052976,,CSV,,
Urina,03RCF_csv,Nicotinurate,,25.4814359243707,,CSV,,
Urina,03RCF_csv,Adenosine,,25.8452905086165,,CSV,,
Urina,03RCF_csv,AMP,,31.6639653934883,,CSV,,
Urina,03RCF_csv,Fumarate,,34.1274032304273,,CSV,,
Urina,03RCF_csv,Citraconate,,39.8205975150363,,CSV,,
Urina,03RCF_csv,UDP,,45.7884632772059,,CSV,,
Urina,03RCF_csv,CMP,,54.303380936412,,CSV,,
Urina,03RCF_csv,Syringate,,61.252665409328,,CSV,,
Urina,03RCF_csv,Formate,HMDB00142,71.1037683193926,312.9,CSV,241.79623168060738,77.28
Urina,03RCF_csv,IMP,,76.1298738714493,,CSV,,
Urina,03RCF_csv,Cadaverine,,80.3293925103656,,CSV,,
Urina,03RCF_csv,Glucose,HMDB00122,85.0648586653017,311.6,CSV,226.53514133469832,72.7
Urina,03RCF_csv,Tartarate,,97.8430221297051,,CSV,,
Urina,03RCF_csv,Galactose,,101.917984444614,,CSV,,
Urina,03RCF_csv,UMP,,103.304446972533,,CSV,,
Urina,03RCF_csv,Nicotinate,,112.998863015829,,CSV,,
Urina,03RCF_csv,Inosine,,113.339842810623,,CSV,,
Urina,03RCF_csv,Pantothenate,HMDB00210,128.698049294956,58.4,CSV,70.298049294956,120.37
Urina,03RCF_csv,GMP,,130.48687201082,,CSV,,
Urina,03RCF_csv,Dimethylglycine,,141.448965971639,,CSV,,
Urina,03RCF_csv,Adipate,,145.133341657028,,CSV,,
Urina,03RCF_csv,Valine,HMDB00883,149.286991416793,41.6,CSV,107.686991416793,258.86
Urina,03RCF_csv,CTP,,164.295867092849,,CSV,,
Urina,03RCF_csv,Isobutyrate,,172.155220605801,,CSV,,
Urina,03RCF_csv,Valerate,,172.216267797097,,CSV,,
Urina,03RCF_csv,Trimethylamine,,191.279989350846,,CSV,,
Urina,03RCF_csv,Methylamine,,237.605774294457,,CSV,,
Urina,03RCF_csv,2-Deoxyadenosine,,248.712340285414,,CSV,,
Urina,03RCF_csv,3-Hydroxybutyrate,HMDB00357,256.653237273178,45.1,CSV,211.55323727317798,469.08
Urina,03RCF_csv,Phosphocholine,,257.963091354206,,CSV,,
Urina,03RCF_csv,Hypoxanthine,HMDB00157,258.585339955194,22.5,CSV,236.085339955194,1049.27
Urina,03RCF_csv,Long-chain_alkane,,267.18290421727,,CSV,,
Urina,03RCF_csv,Alanine,HMDB00161,288.319817854606,219.9,CSV,68.41981785460601,31.11
Urina,03RCF_csv,Arginine,,298.941548957504,,CSV,,
Urina,03RCF_csv,Adenine,,303.641715891342,,CSV,,
Urina,03RCF_csv,Dimethylamine,HMDB00087,307.382848341018,471.9,CSV,164.51715165898196,34.86
Urina,03RCF_csv,Tyrosine,HMDB00158,324.602121241556,137.4,CSV,187.202121241556,136.25
Urina,03RCF_csv,Glutarate,,343.019775870369,,CSV,,
Urina,03RCF_csv,Homovanillate,,354.283237456493,,CSV,,
Urina,03RCF_csv,CDP,,355.103405581288,,CSV,,
Urina,03RCF_csv,Malate,,362.596369555248,,CSV,,
Urina,03RCF_csv,Sebacate,,369.760012459835,,CSV,,
Urina,03RCF_csv,Glycerophosphocholine,,376.916180319119,,CSV,,
Urina,03RCF_csv,UDPG,,388.066396592464,,CSV,,
Urina,03RCF_csv,Glutaconate,,400.02059351415,,CSV,,
Urina,03RCF_csv,Acetone,HMDB01659,404.261530932529,25.5,CSV,378.761530932529,1485.34
Urina,03RCF_csv,UTP,,427.187693577459,,CSV,,
Urina,03RCF_csv,Trigonelline,HMDB00875,428.875682174987,588.2,CSV,159.32431782501305,27.09
Urina,03RCF_csv,2-Oxoisovalerate,,454.807778375261,,CSV,,
Urina,03RCF_csv,ATP,,456.961981360015,,CSV,,
Urina,03RCF_csv,4-EthylPhenol,,496.003450321238,,CSV,,
Urina,03RCF_csv,Pyruvate,HMDB00243,519.398470977315,35.4,CSV,483.99847097731504,1367.23
Urina,03RCF_csv,Saturated_fattty_acids,,543.154191500514,,CSV,,
Urina,03RCF_csv,Maltose,,561.465294576416,,CSV,,
Urina,03RCF_csv,Benzoate,,565.003119192231,,CSV,,
Urina,03RCF_csv,2-Aminobutyrate,,599.727632404237,,CSV,,
Urina,03RCF_csv,Anserine,,605.879594869022,,CSV,,
Urina,03RCF_csv,Isovalerate,,605.929171642263,,CSV,,
Urina,03RCF_csv,Leucine,HMDB00687,609.968820124471,49.0,CSV,560.968820124471,1144.83
Urina,03RCF_csv,Acetoacetate,HMDB00060,622.20351195153,56.7,CSV,565.50351195153,997.36
Urina,03RCF_csv,alpha-Hydroxyisobutyrate,,641.896686303215,,CSV,,
Urina,03RCF_csv,N-(2-Furoyl)Glycine,,653.943924853624,,CSV,,
Urina,03RCF_csv,CholineChloride,,658.995054992967,,CSV,,
Urina,03RCF_csv,Dimethylsulfone,,665.319188352349,,CSV,,
Urina,03RCF_csv,Trans-Acotinate,,677.283029151018,,CSV,,
Urina,03RCF_csv,Isoleucine,HMDB00172,733.058910435539,16.3,CSV,716.7589104355391,4397.29
Urina,03RCF_csv,Mannose,,741.132311480182,,CSV,,
Urina,03RCF_csv,Allantoin,,752.73103782945,,CSV,,
Urina,03RCF_csv,4-HydroxyphenylAcetate,,773.001190480757,,CSV,,
Urina,03RCF_csv,Propionate,,838.421326033369,,CSV,,
Urina,03RCF_csv,Fucose,HMDB00174,855.030232614586,122.2,CSV,732.830232614586,599.7
Urina,03RCF_csv,Acetaminophen,,937.510479663213,,CSV,,
Urina,03RCF_csv,1-Methylhydantoin,,943.364159848372,,CSV,,
Urina,03RCF_csv,1-Methyl-L-Histidine,,972.020559641689,,CSV,,
Urina,03RCF_csv,GTP,,1032.71434647143,,CSV,,
Urina,03RCF_csv,Ornithine,,1045.63620885385,,CSV,,
Urina,03RCF_csv,Glycerol,,1048.72109702971,,CSV,,
Urina,03RCF_csv,S-Acetamidomethylcysteine,,1069.49198826439,,CSV,,
Urina,03RCF_csv,Glycogen,,1083.70918951896,,CSV,,
Urina,03RCF_csv,Ethylmalonate,,1088.2483331838,,CSV,,
Urina,03RCF_csv,Threonine,HMDB00167,1089.8012291698,337.5,CSV,752.3012291698001,222.9
Urina,03RCF_csv,2-HydroxyphenylAcetate,,1099.6552434477,,CSV,,
Urina,03RCF_csv,Creatine,HMDB00064,1111.8666219187,174.1,CSV,937.7666219187,538.64
Urina,03RCF_csv,4-AminoHippurate,,1127.66284940426,,CSV,,
Urina,03RCF_csv,2-Oxobutyrate,,1144.09277352646,,CSV,,
Urina,03RCF_csv,2-Deoxyguanosine,,1159.12494601279,,CSV,,
Urina,03RCF_csv,3-PhenylPropionate,,1170.07149948689,,CSV,,
Urina,03RCF_csv,Azelaic ate,,1211.83483662933,,CSV,,
Urina,03RCF_csv,Malonate,HMDB00691,1247.46122516236,396.4,CSV,851.0612251623601,214.7
Urina,03RCF_csv,Levoglucosan,,1261.35522484307,,CSV,,
Urina,03RCF_csv,Carnitine,HMDB00062,1271.02554497486,51.6,CSV,1219.42554497486,2363.23
Urina,03RCF_csv,Methylguanidine,,1276.62541788558,,CSV,,
Urina,03RCF_csv,2-Methylglutarate,,1282.85381270192,,CSV,,
Urina,03RCF_csv,Carnosine,HMDB00033,1291.29409876408,135.8,CSV,1155.49409876408,850.88
Urina,03RCF_csv,Sarcosine,,1299.09278903404,,CSV,,
Urina,03RCF_csv,2-Picolinate,,1315.24547775434,,CSV,,
Urina,03RCF_csv,Methylmalonate,,1348.87110923943,,CSV,,
Urina,03RCF_csv,Urocanate,HMDB00301,1357.4239209246,17.2,CSV,1340.2239209246,7792.0
Urina,03RCF_csv,trans-Ferulate,,1398.708336253,,CSV,,
Urina,03RCF_csv,Spermidine,,1481.26804851812,,CSV,,
Urina,03RCF_csv,5-AminoValerate,,1483.59870631292,,CSV,,
Urina,03RCF_csv,Galactitol,,1532.66752094286,,CSV,,
Urina,03RCF_csv,Quinolinate,,1541.88896853707,,CSV,,
Urina,03RCF_csv,3-Methyladipate,,1647.67175067287,,CSV,,
Urina,03RCF_csv,Xylitol,HMDB02917,1712.80506648651,148.5,CSV,1564.30506648651,1053.4
Urina,03RCF_csv,Tryptophan,HMDB00929,1802.22592769618,68.3,CSV,1733.92592769618,2538.69
Urina,03RCF_csv,Phenylalanine,,1835.18740569706,,CSV,,
Urina,03RCF_csv,Indoxylsulfate,,1855.83163687849,,CSV,,
Urina,03RCF_csv,Sorbitol,,1875.33166462119,,CSV,,
Urina,03RCF_csv,Vanillate,,2001.42819186718,,CSV,,
Urina,03RCF_csv,PropyleneGlycol,,2011.53751916178,,CSV,,
Urina,03RCF_csv,Lactate,HMDB00190,2026.75461629931,23.0,CSV,2003.75461629931,8711.98
Urina,03RCF_csv,trans-4-Hydroxy-L-Proline,,2106.15194752607,,CSV,,
Urina,03RCF_csv,O-Acetyl-L-Carnitine,,2123.9497884971,,CSV,,
Urina,03RCF_csv,Fructose,HMDB00660,2280.79088914984,338.1,CSV,1942.6908891498401,574.59
Urina,03RCF_csv,Histidine,HMDB00177,2308.59656170877,517.5,CSV,1791.09656170877,346.11
Urina,03RCF_csv,Putrescine,,2348.79282887031,,CSV,,
Urina,03RCF_csv,3-HydroxyphenylAcetate,,2358.12160257624,,CSV,,
Urina,03RCF_csv,Citrate,HMDB00094,2474.70902006229,2359.8,CSV,114.90902006228998,4.87
Urina,03RCF_csv,Phenylglyoxylate,,2511.68827561985,,CSV,,
Urina,03RCF_csv,2-Oxoglutarate,HMDB00208,2518.7342868971,175.6,CSV,2343.1342868971,1334.36
Urina,03RCF_csv,2-Propanol,,2541.13151886869,,CSV,,
Urina,03RCF_csv,N-Acetylglycine,,2617.82545809319,,CSV,,
Urina,03RCF_csv,N-Acetyl-L-Aspartate,,2749.93795471045,,CSV,,
Urina,03RCF_csv,Glutathione-oxidized,,2840.41731681299,,CSV,,
Urina,03RCF_csv,Citrulline,,2845.31793383742,,CSV,,
Urina,03RCF_csv,Asparagine,HMDB00168,2913.14341155778,165.2,CSV,2747.94341155778,1663.4
Urina,03RCF_csv,Guanidinoacetate,,3017.29281178147,,CSV,,
Urina,03RCF_csv,Glutamine,HMDB00641,3213.05849669047,510.1,CSV,2702.95849669047,529.89
Urina,03RCF_csv,Myo-Inositol,,3301.54194460936,,CSV,,
Urina,03RCF_csv,Dihydrothymine,,3455.85610298987,,CSV,,
Urina,03RCF_csv,Methionine,HMDB00696,3565.29396818035,44.3,CSV,3520.99396818035,7948.07
Urina,03RCF_csv,Pyroglutamate,HMDB00267,3593.22732530511,237.5,CSV,3355.72732530511,1412.94
Urina,03RCF_csv,Ethanolamine,HMDB00149,3613.77357007986,468.9,CSV,3144.8735700798597,670.69
Urina,03RCF_csv,Lysine,HMDB00182,3684.91459921164,145.8,CSV,3539.11459921164,2427.38
Urina,03RCF_csv,Lactose,,3874.80673972288,,CSV,,
Urina,03RCF_csv,2-AminoAdipate,,4006.72121364181,,CSV,,
Urina,03RCF_csv,Cystine,,4174.15945251234,,CSV,,
Urina,03RCF_csv,Aspartate,,4284.28269163807,,CSV,,
Urina,03RCF_csv,Hippurate,HMDB00714,4475.80877759257,1676.6,CSV,2799.2087775925697,166.96
Urina,03RCF_csv,Beta-Alanine,,4711.32878874357,,CSV,,
Urina,03RCF_csv,Cysteine,,4764.91849186493,,CSV,,
Urina,03RCF_csv,GABA,,4907.47394571275,,CSV,,
Urina,03RCF_csv,Saccarate,,5454.56508114008,,CSV,,
Urina,03RCF_csv,Glutamate,,5514.1843560536,,CSV,,
Urina,03RCF_csv,Glucose-6-Phosphate,,5614.95691972063,,CSV,,
Urina,03RCF_csv,Phenethylamine,,5763.04254927206,,CSV,,
Urina,03RCF_csv,Betaine,HMDB00043,6275.78050515882,162.0,CSV,6113.78050515882,3773.94
Urina,03RCF_csv,Arabitol,,6447.04184113836,,CSV,,
Urina,03RCF_csv,"1,3-Diaminopropane",,6507.10353402404,,CSV,,
Urina,03RCF_csv,Gluconate,,6739.46874421063,,CSV,,
Urina,03RCF_csv,Uracil,HMDB00300,6858.95263564217,92.1,CSV,6766.85263564217,7347.29
Urina,03RCF_csv,Isocitrate,,7052.6226510673,,CSV,,
Urina,03RCF_csv,Threitol,,7056.791570525,,CSV,,
Urina,03RCF_csv,2-Deoxycytidine,,7175.18160099008,,CSV,,
Urina,03RCF_csv,Proline,,7447.05752700975,,CSV,,
Urina,03RCF_csv,Serine,HMDB00187,8017.01195208643,606.9,CSV,7410.11195208643,1220.98
Urina,03RCF_csv,3-Methylxanthine,,8200.40154766399,,CSV,,
Urina,03RCF_csv,Threonate,,8824.28856917539,,CSV,,
Urina,03RCF_csv,Cytosine,,10429.7105991447,,CSV,,
Urina,03RCF_csv,Glycolate,HMDB00115,11290.4686787848,498.1,CSV,10792.3686787848,2166.71
Urina,03RCF_csv,Taurine,HMDB00251,16645.95208275,1277.3,CSV,15368.652082749999,1203.21
Urina,03RCF_csv,Creatinine,HMDB00562,127646.832917817,13319.9,CSV,114326.932917817,858.32
Urina,04RCF_csv,Glycine,HMDB00123,0.0,320.8,CSV,320.8,100.0
Urina,04RCF_csv,Guanidinoacetate,,0.0,,CSV,,
Urina,04RCF_csv,Cadaverine,,0.0,,CSV,,
Urina,04RCF_csv,Spermidine,,0.0,,CSV,,
Urina,04RCF_csv,Arginine,,0.0,,CSV,,
Urina,04RCF_csv,Glutathione-reduced,,0.0,,CSV,,
Urina,04RCF_csv,Uridine,HMDB00296,0.0,5.9,CSV,5.9,100.0
Urina,04RCF_csv,Adipate,,0.0,,CSV,,
Urina,04RCF_csv,Succinate,HMDB00254,0.0,7.4,CSV,7.4,100.0
Urina,04RCF_csv,Kynurenate,,0.0,,CSV,,
Urina,04RCF_csv,Levulinate,,0.0,,CSV,,
Urina,04RCF_csv,Azelaic ate,,0.0,,CSV,,
Urina,04RCF_csv,Glutarate,,0.0,,CSV,,
Urina,04RCF_csv,Propionate,,0.0,,CSV,,
Urina,04RCF_csv,Mandelate,,0.0,,CSV,,
Urina,04RCF_csv,NAD,,0.0376104353889104,,CSV,,
Urina,04RCF_csv,NADP,,0.040502714341454,,CSV,,
Urina,04RCF_csv,Nicotinurate,,0.0578655331914058,,CSV,,
Urina,04RCF_csv,GDP,,0.693622971922685,,CSV,,
Urina,04RCF_csv,Formate,HMDB00142,0.913469533320465,58.8,CSV,57.88653046667953,98.45
Urina,04RCF_csv,Alanine,HMDB00161,2.82397546398467,81.9,CSV,79.07602453601534,96.55
Urina,04RCF_csv,Fumarate,,3.15737268390424,,CSV,,
Urina,04RCF_csv,Trimethylamine,,3.33477835494608,,CSV,,
Urina,04RCF_csv,Acetate,HMDB00042,3.36056986758518,23.4,CSV,20.039430132414818,85.64
Urina,04RCF_csv,Tartarate,,3.37727878706,,CSV,,
Urina,04RCF_csv,Adenosine,,3.39885702585362,,CSV,,
Urina,04RCF_csv,Acetoacetate,HMDB00060,5.96948753519287,25.3,CSV,19.330512464807132,76.41
Urina,04RCF_csv,AMP,,6.22032004377874,,CSV,,
Urina,04RCF_csv,CTP,,6.47341102583785,,CSV,,
Urina,04RCF_csv,4-EthylPhenol,,9.22544668598749,,CSV,,
Urina,04RCF_csv,Dimethylglycine,,10.1371649854447,,CSV,,
Urina,04RCF_csv,Pyruvate,HMDB00243,10.6291883273985,34.7,CSV,24.0708116726015,69.37
Urina,04RCF_csv,Homovanillate,,10.8023056742785,,CSV,,
Urina,04RCF_csv,Isobutyrate,,11.0264191813294,,CSV,,
Urina,04RCF_csv,Ascorbate,,11.508436066258,,CSV,,
Urina,04RCF_csv,Hypoxanthine,HMDB00157,11.6478266584259,20.2,CSV,8.552173341574099,42.34
Urina,04RCF_csv,Leucine,HMDB00687,12.0141374747753,12.2,CSV,0.18586252522469948,1.52
Urina,04RCF_csv,CDP,,12.0160183150417,,CSV,,
Urina,04RCF_csv,Dimethylamine,HMDB00087,12.6618655833243,300.6,CSV,287.9381344166757,95.79
Urina,04RCF_csv,2-Deoxyadenosine,,13.9802967807981,,CSV,,
Urina,04RCF_csv,Acetone,HMDB01659,19.7682898035141,24.6,CSV,4.831710196485901,19.64
Urina,04RCF_csv,Phosphocholine,,19.9065871402165,,CSV,,
Urina,04RCF_csv,Inosine,,21.3698472165612,,CSV,,
Urina,04RCF_csv,Valine,HMDB00883,22.3928054345691,28.2,CSV,5.807194565430898,20.59
Urina,04RCF_csv,Lysine,HMDB00182,22.3981732617331,38.6,CSV,16.201826738266902,41.97
Urina,04RCF_csv,IMP,,24.0495691731532,,CSV,,
Urina,04RCF_csv,Long-chain_alkane,,24.2426407425272,,CSV,,
Urina,04RCF_csv,Saturated_fattty_acids,,24.593178610865,,CSV,,
Urina,04RCF_csv,1-Methylhydantoin,,25.1775016128462,,CSV,,
Urina,04RCF_csv,2-Aminobutyrate,,25.4615154860882,,CSV,,
Urina,04RCF_csv,Adenine,,27.1009791087322,,CSV,,
Urina,04RCF_csv,Citraconate,,27.7373231836269,,CSV,,
Urina,04RCF_csv,Nicotinate,,29.302827073384,,CSV,,
Urina,04RCF_csv,Methionine,HMDB00696,29.3332897912839,6.6,CSV,22.7332897912839,344.44
Urina,04RCF_csv,dAMP,,29.509068904579,,CSV,,
Urina,04RCF_csv,Trigonelline,HMDB00875,30.873057583862,231.3,CSV,200.42694241613802,86.65
Urina,04RCF_csv,Glycerophosphocholine,,31.0893472410149,,CSV,,
Urina,04RCF_csv,Fucose,HMDB00174,34.1199884023317,67.4,CSV,33.280011597668306,49.38
Urina,04RCF_csv,TMAO,,34.1644990532157,,CSV,,
Urina,04RCF_csv,Sebacate,,34.8938168173705,,CSV,,
Urina,04RCF_csv,Benzoate,,36.5037836375843,,CSV,,
Urina,04RCF_csv,Betaine,HMDB00043,37.0368295012837,56.3,CSV,19.2631704987163,34.22
Urina,04RCF_csv,Valerate,,37.2417763394996,,CSV,,
Urina,04RCF_csv,Methylamine,,37.7380589666426,,CSV,,
Urina,04RCF_csv,Glutathione-oxidized,,38.7088492579953,,CSV,,
Urina,04RCF_csv,Hypotaurine,,40.7962977684641,,CSV,,
Urina,04RCF_csv,Maltose,,42.0073514085676,,CSV,,
Urina,04RCF_csv,Methylguanidine,,43.0645456005033,,CSV,,
Urina,04RCF_csv,4-HydroxyphenylAcetate,,44.1892338721839,,CSV,,
Urina,04RCF_csv,2-HydroxyphenylAcetate,,44.6240540764095,,CSV,,
Urina,04RCF_csv,Sarcosine,,44.8348876994141,,CSV,,
Urina,04RCF_csv,GMP,,46.6669021281047,,CSV,,
Urina,04RCF_csv,Putrescine,,46.6766019328859,,CSV,,
Urina,04RCF_csv,Ethylmalonate,,49.478559871376,,CSV,,
Urina,04RCF_csv,O-Acetyl-L-Carnitine,,50.9962022775798,,CSV,,
Urina,04RCF_csv,Beta-Alanine,,52.9510112056645,,CSV,,
Urina,04RCF_csv,Acetaminophen,,53.3911549178142,,CSV,,
Urina,04RCF_csv,Trans-Acotinate,,53.4841176814808,,CSV,,
Urina,04RCF_csv,Isovalerate,,53.6347087635182,,CSV,,
Urina,04RCF_csv,Pantothenate,HMDB00210,55.3392677826905,34.6,CSV,20.739267782690497,59.94
Urina,04RCF_csv,CMP,,56.5346859554439,,CSV,,
Urina,04RCF_csv,1-Methyl-L-Histidine,,56.6996832239732,,CSV,,
Urina,04RCF_csv,alpha-Hydroxyisobutyrate,,59.6833496382385,,CSV,,
Urina,04RCF_csv,Allantoin,,60.7573888683076,,CSV,,
Urina,04RCF_csv,3-Methylxanthine,,62.3360664963782,,CSV,,
Urina,04RCF_csv,Dimethylsulfone,,63.521395194695,,CSV,,
Urina,04RCF_csv,Tyrosine,HMDB00158,67.1107289713114,71.3,CSV,4.189271028688594,5.88
Urina,04RCF_csv,Threonine,HMDB00167,67.6387418546609,98.1,CSV,30.461258145339087,31.05
Urina,04RCF_csv,Glucuronate,,68.7203659588686,,CSV,,
Urina,04RCF_csv,2-Oxoisovalerate,,70.4656871194354,,CSV,,
Urina,04RCF_csv,Levoglucosan,,71.2827754924073,,CSV,,
Urina,04RCF_csv,Isoleucine,HMDB00172,73.7538909870858,10.1,CSV,63.653890987085795,630.24
Urina,04RCF_csv,Anserine,,75.7528778750981,,CSV,,
Urina,04RCF_csv,Urocanate,HMDB00301,77.7282434526684,0.0,CSV,77.7282434526684,
Urina,04RCF_csv,7-Methylxanthine,,77.959835716722,,CSV,,
Urina,04RCF_csv,UDPG,,80.4365415667796,,CSV,,
Urina,04RCF_csv,Pyrocatechol,,82.5710045532694,,CSV,,
Urina,04RCF_csv,UDP,,86.0154072250282,,CSV,,
Urina,04RCF_csv,Syringate,,87.1362362297376,,CSV,,
Urina,04RCF_csv,ATP,,87.7294861965549,,CSV,,
Urina,04RCF_csv,Methylmalonate,,89.6349494834422,,CSV,,
Urina,04RCF_csv,GTP,,91.4375480344226,,CSV,,
Urina,04RCF_csv,S-Acetamidomethylcysteine,,91.6258920543267,,CSV,,
Urina,04RCF_csv,UMP,,93.1922472123778,,CSV,,
Urina,04RCF_csv,Glutaconate,,93.8939752665931,,CSV,,
Urina,04RCF_csv,Carnitine,HMDB00062,96.1359435443672,64.4,CSV,31.73594354436719,49.28
Urina,04RCF_csv,UTP,,96.5589365592308,,CSV,,
Urina,04RCF_csv,4-AminoHippurate,,100.500098749443,,CSV,,
Urina,04RCF_csv,Argininosuccinate,,105.17638082107,,CSV,,
Urina,04RCF_csv,Pyroglutamate,HMDB00267,111.467922359188,147.1,CSV,35.632077640812,24.22
Urina,04RCF_csv,2-Methylglutarate,,111.5655448135,,CSV,,
Urina,04RCF_csv,Glutamine,HMDB00641,116.08486518749,273.9,CSV,157.81513481251,57.62
Urina,04RCF_csv,Quinolinate,,118.033999185938,,CSV,,
Urina,04RCF_csv,N-(2-Furoyl)Glycine,,118.44963132445,,CSV,,
Urina,04RCF_csv,3-HydroxyphenylAcetate,,120.682075346088,,CSV,,
Urina,04RCF_csv,Galactose,,128.04470311279,,CSV,,
Urina,04RCF_csv,Lactate,HMDB00190,131.776009275512,10.6,CSV,121.176009275512,1143.17
Urina,04RCF_csv,Indoxylsulfate,,134.977386156759,,CSV,,
Urina,04RCF_csv,2-Oxobutyrate,,140.507023596199,,CSV,,
Urina,04RCF_csv,trans-Ferulate,,140.669294834107,,CSV,,
Urina,04RCF_csv,2-Picolinate,,140.942783495415,,CSV,,
Urina,04RCF_csv,5-AminoValerate,,142.358672878351,,CSV,,
Urina,04RCF_csv,3-PhenylPropionate,,144.880778399785,,CSV,,
Urina,04RCF_csv,Phenylalanine,,147.920349998397,,CSV,,
Urina,04RCF_csv,DehydroAscorbate,,149.246808143556,,CSV,,
Urina,04RCF_csv,Vanillate,,152.121104351751,,CSV,,
Urina,04RCF_csv,Malate,,155.381726546895,,CSV,,
Urina,04RCF_csv,Aspartate,,159.898920352321,,CSV,,
Urina,04RCF_csv,CholineChloride,,164.658760936415,,CSV,,
Urina,04RCF_csv,PropyleneGlycol,,167.625023055999,,CSV,,
Urina,04RCF_csv,Tryptophan,HMDB00929,168.313732165923,34.5,CSV,133.813732165923,387.87
Urina,04RCF_csv,Mannose,,173.75634199296,,CSV,,
Urina,04RCF_csv,Galactitol,,175.776691513776,,CSV,,
Urina,04RCF_csv,3-Methyladipate,,180.958809917228,,CSV,,
Urina,04RCF_csv,3-Hydroxybutyrate,HMDB00357,185.302188051151,19.5,CSV,165.802188051151,850.27
Urina,04RCF_csv,Carnosine,HMDB00033,188.748035645406,42.4,CSV,146.348035645406,345.16
Urina,04RCF_csv,Glycogen,,199.906571014716,,CSV,,
Urina,04RCF_csv,Glucose-6-Phosphate,,210.689991527453,,CSV,,
Urina,04RCF_csv,Citrate,HMDB00094,223.418196213954,131.6,CSV,91.818196213954,69.77
Urina,04RCF_csv,Glucose,HMDB00122,223.482157259534,177.1,CSV,46.38215725953401,26.19
Urina,04RCF_csv,2-Propanol,,224.860421390795,,CSV,,
Urina,04RCF_csv,trans-4-Hydroxy-L-Proline,,228.89294942317,,CSV,,
Urina,04RCF_csv,Ornithine,,241.515152673792,,CSV,,
Urina,04RCF_csv,2-Deoxyguanosine,,249.837699829408,,CSV,,
Urina,04RCF_csv,Xylitol,HMDB02917,266.468175644146,132.0,CSV,134.46817564414602,101.87
Urina,04RCF_csv,GABA,,276.373325001255,,CSV,,
Urina,04RCF_csv,Glutamate,,278.056229935124,,CSV,,
Urina,04RCF_csv,Glycerol,,284.110467989196,,CSV,,
Urina,04RCF_csv,Phenylglyoxylate,,301.367969254479,,CSV,,
Urina,04RCF_csv,Histidine,HMDB00177,311.479270112138,412.4,CSV,100.92072988786197,24.47
Urina,04RCF_csv,2-AminoAdipate,,318.192780267615,,CSV,,
Urina,04RCF_csv,2-Oxoglutarate,HMDB00208,321.245496173331,53.7,CSV,267.545496173331,498.22
Urina,04RCF_csv,Ethanolamine,HMDB00149,339.054248174686,298.9,CSV,40.15424817468602,13.43
Urina,04RCF_csv,Arabitol,,339.544905214968,,CSV,,
Urina,04RCF_csv,Creatinine,HMDB00562,347.580979498714,12524.0,CSV,12176.419020501286,97.22
Urina,04RCF_csv,Sorbitol,,369.297120593264,,CSV,,
Urina,04RCF_csv,Phenethylamine,,375.59954462356,,CSV,,
Urina,04RCF_csv,N-Acetylglycine,,400.015755457834,,CSV,,
Urina,04RCF_csv,Saccarate,,402.163132798539,,CSV,,
Urina,04RCF_csv,Asparagine,HMDB00168,411.706768826472,112.8,CSV,298.906768826472,264.99
Urina,04RCF_csv,N-Acetyl-L-Aspartate,,412.350233860506,,CSV,,
Urina,04RCF_csv,Isocitrate,,419.111971800778,,CSV,,
Urina,04RCF_csv,Citrulline,,426.201300568259,,CSV,,
Urina,04RCF_csv,"1,3-Diaminopropane",,432.241030482496,,CSV,,
Urina,04RCF_csv,Lactose,,456.716890505233,,CSV,,
Urina,04RCF_csv,Serine,HMDB00187,486.276509307543,399.9,CSV,86.37650930754302,21.6
Urina,04RCF_csv,Fructose,HMDB00660,489.300457358812,184.6,CSV,304.70045735881206,165.06
Urina,04RCF_csv,Malonate,HMDB00691,495.9443148138,308.3,CSV,187.6443148138,60.86
Urina,04RCF_csv,Myo-Inositol,,544.083428111835,,CSV,,
Urina,04RCF_csv,Cystine,,558.632735689887,,CSV,,
Urina,04RCF_csv,Dihydrothymine,,558.935044477809,,CSV,,
Urina,04RCF_csv,Gluconate,,572.199842639085,,CSV,,
Urina,04RCF_csv,Taurine,HMDB00251,580.788359361578,354.4,CSV,226.38835936157807,63.88
Urina,04RCF_csv,Proline,,661.207353370059,,CSV,,
Urina,04RCF_csv,3-Methyl-L-Histidine,,667.25738581643,,CSV,,
Urina,04RCF_csv,2-Deoxycytidine,,691.514704451838,,CSV,,
Urina,04RCF_csv,Threonate,,805.327949230049,,CSV,,
Urina,04RCF_csv,Hippurate,HMDB00714,878.80770231517,2053.8,CSV,1174.9922976848302,57.21
Urina,04RCF_csv,Cysteine,,891.642157891299,,CSV,,
Urina,04RCF_csv,Threitol,,950.203244347798,,CSV,,
Urina,04RCF_csv,Creatine,HMDB00064,1303.19299435412,112.3,CSV,1190.89299435412,1060.46
Urina,04RCF_csv,Uracil,HMDB00300,1468.19688621315,71.1,CSV,1397.0968862131501,1964.97
Urina,04RCF_csv,Cytosine,,2089.27062576867,,CSV,,
Urina,04RCF_csv,Glycolate,HMDB00115,2462.34384200255,255.1,CSV,2207.24384200255,865.25
Urina,05RCF_csv,Glycine,HMDB00123,0.0,661.6,CSV,661.6,100.0
Urina,05RCF_csv,Formate,HMDB00142,0.0,167.4,CSV,167.4,100.0
Urina,05RCF_csv,Methionine,HMDB00696,0.0,16.9,CSV,16.9,100.0
Urina,05RCF_csv,Acetate,HMDB00042,0.0,58.6,CSV,58.6,100.0
Urina,05RCF_csv,Tartarate,,0.0,,CSV,,
Urina,05RCF_csv,Adipate,,0.0,,CSV,,
Urina,05RCF_csv,Succinate,HMDB00254,0.0,13.8,CSV,13.8,100.0
Urina,05RCF_csv,CDP,,0.0,,CSV,,
Urina,05RCF_csv,Malonate,HMDB00691,0.0,289.3,CSV,289.3,100.0
Urina,05RCF_csv,Glutarate,,0.0,,CSV,,
Urina,05RCF_csv,Ascorbate,,0.0,,CSV,,
Urina,05RCF_csv,Propionate,,0.0,,CSV,,
Urina,05RCF_csv,NAD,,0.0345281718186784,,CSV,,
Urina,05RCF_csv,NADP,,0.0372646938389646,,CSV,,
Urina,05RCF_csv,Nicotinate,,0.0716121201153916,,CSV,,
Urina,05RCF_csv,Nicotinurate,,0.129164050607797,,CSV,,
Urina,05RCF_csv,AMP,,1.8445895119109,,CSV,,
Urina,05RCF_csv,Mandelate,,2.65416761663598,,CSV,,
Urina,05RCF_csv,Fumarate,,8.35059348426033,,CSV,,
Urina,05RCF_csv,Glutaconate,,25.0940184261436,,CSV,,
Urina,05RCF_csv,2-Deoxyadenosine,,58.2650259314814,,CSV,,
Urina,05RCF_csv,Trimethylamine,,66.393769956266,,CSV,,
Urina,05RCF_csv,IMP,,102.052682228424,,CSV,,
Urina,05RCF_csv,Isobutyrate,,124.982480574848,,CSV,,
Urina,05RCF_csv,Acetaminophen,,146.135477857607,,CSV,,
Urina,05RCF_csv,GDP,,148.003473588889,,CSV,,
Urina,05RCF_csv,Kynurenate,,156.628383311751,,CSV,,
Urina,05RCF_csv,UDP,,166.303430523291,,CSV,,
Urina,05RCF_csv,Adenosine,,204.192877830561,,CSV,,
Urina,05RCF_csv,Sebacate,,240.095420208736,,CSV,,
Urina,05RCF_csv,CTP,,257.008126650508,,CSV,,
Urina,05RCF_csv,Dimethylglycine,,260.216317288824,,CSV,,
Urina,05RCF_csv,Acetone,HMDB01659,264.232235471826,21.0,CSV,243.23223547182602,1158.25
Urina,05RCF_csv,Levulinate,,289.241870272022,,CSV,,
Urina,05RCF_csv,Hypoxanthine,HMDB00157,294.730719465521,43.2,CSV,251.53071946552103,582.25
Urina,05RCF_csv,Pyruvate,HMDB00243,314.779352901801,25.6,CSV,289.179352901801,1129.61
Urina,05RCF_csv,Citraconate,,320.973292681934,,CSV,,
Urina,05RCF_csv,Valine,HMDB00883,346.527688081548,28.4,CSV,318.127688081548,1120.17
Urina,05RCF_csv,Long-chain_alkane,,346.836767018317,,CSV,,
Urina,05RCF_csv,ATP,,358.722487631486,,CSV,,
Urina,05RCF_csv,2-HydroxyphenylAcetate,,409.140420342011,,CSV,,
Urina,05RCF_csv,Uridine,HMDB00296,460.046822452164,11.3,CSV,448.746822452164,3971.21
Urina,05RCF_csv,Pantothenate,HMDB00210,490.58485559873,31.9,CSV,458.68485559873,1437.88
Urina,05RCF_csv,TMAO,,498.48897317683,,CSV,,
Urina,05RCF_csv,4-HydroxyphenylAcetate,,499.081844418201,,CSV,,
Urina,05RCF_csv,Phosphocholine,,503.726338340115,,CSV,,
Urina,05RCF_csv,Inosine,,506.290059031543,,CSV,,
Urina,05RCF_csv,Cadaverine,,528.201843327888,,CSV,,
Urina,05RCF_csv,Homovanillate,,542.768537563351,,CSV,,
Urina,05RCF_csv,7-Methylxanthine,,570.157698594356,,CSV,,
Urina,05RCF_csv,Urocanate,HMDB00301,572.539708888012,14.2,CSV,558.339708888012,3931.97
Urina,05RCF_csv,N-(2-Furoyl)Glycine,,580.675938818321,,CSV,,
Urina,05RCF_csv,CMP,,582.977927576173,,CSV,,
Urina,05RCF_csv,Syringate,,586.670690310465,,CSV,,
Urina,05RCF_csv,Leucine,HMDB00687,673.266665145432,27.0,CSV,646.266665145432,2393.58
Urina,05RCF_csv,Maltose,,708.077687137236,,CSV,,
Urina,05RCF_csv,CholineChloride,,729.793456082509,,CSV,,
Urina,05RCF_csv,Adenine,,773.556198657585,,CSV,,
Urina,05RCF_csv,Trigonelline,HMDB00875,776.955011523519,453.9,CSV,323.05501152351906,71.17
Urina,05RCF_csv,Cystine,,818.036319591275,,CSV,,
Urina,05RCF_csv,Glycerophosphocholine,,819.807297609259,,CSV,,
Urina,05RCF_csv,dAMP,,857.899420594494,,CSV,,
Urina,05RCF_csv,2-Oxoisovalerate,,872.286431523403,,CSV,,
Urina,05RCF_csv,Isoleucine,HMDB00172,896.953518249036,10.8,CSV,886.1535182490361,8205.13
Urina,05RCF_csv,Galactose,,905.959775707525,,CSV,,
Urina,05RCF_csv,Alanine,HMDB00161,915.180656777835,146.2,CSV,768.9806567778351,525.98
Urina,05RCF_csv,Trans-Acotinate,,929.598238967391,,CSV,,
Urina,05RCF_csv,Argininosuccinate,,943.97938281723,,CSV,,
Urina,05RCF_csv,Ethylmalonate,,946.8621780481,,CSV,,
Urina,05RCF_csv,Vanillate,,953.370390971221,,CSV,,
Urina,05RCF_csv,GMP,,957.986481542199,,CSV,,
Urina,05RCF_csv,Saturated_fattty_acids,,962.124809240388,,CSV,,
Urina,05RCF_csv,Isovalerate,,962.631167368598,,CSV,,
Urina,05RCF_csv,4-EthylPhenol,,964.457781659971,,CSV,,
Urina,05RCF_csv,Glutathione-reduced,,988.19844504038,,CSV,,
Urina,05RCF_csv,Benzoate,,1018.97016363543,,CSV,,
Urina,05RCF_csv,Hypotaurine,,1100.98904438906,,CSV,,
Urina,05RCF_csv,alpha-Hydroxyisobutyrate,,1115.43862448341,,CSV,,
Urina,05RCF_csv,2-Methylglutarate,,1126.89870470551,,CSV,,
Urina,05RCF_csv,PropyleneGlycol,,1143.78279589147,,CSV,,
Urina,05RCF_csv,Xylitol,HMDB02917,1186.88364809436,158.7,CSV,1028.18364809436,647.88
Urina,05RCF_csv,Glucose,HMDB00122,1230.76836160318,153.4,CSV,1077.36836160318,702.33
Urina,05RCF_csv,UDPG,,1249.65968867928,,CSV,,
Urina,05RCF_csv,Acetoacetate,HMDB00060,1252.06556757704,35.7,CSV,1216.3655675770399,3407.19
Urina,05RCF_csv,Azelaic ate,,1262.76551303712,,CSV,,
Urina,05RCF_csv,Allantoin,,1273.2194112044,,CSV,,
Urina,05RCF_csv,Tyrosine,HMDB00158,1364.66543812727,88.4,CSV,1276.2654381272698,1443.74
Urina,05RCF_csv,2-Aminobutyrate,,1415.16144204147,,CSV,,
Urina,05RCF_csv,GTP,,1436.0408181627,,CSV,,
Urina,05RCF_csv,Glycogen,,1483.73689222166,,CSV,,
Urina,05RCF_csv,Carnitine,HMDB00062,1498.97965040711,16.5,CSV,1482.47965040711,8984.73
Urina,05RCF_csv,Valerate,,1507.08033495286,,CSV,,
Urina,05RCF_csv,2-Oxobutyrate,,1524.9308630282,,CSV,,
Urina,05RCF_csv,Glutathione-oxidized,,1561.02476828207,,CSV,,
Urina,05RCF_csv,4-AminoHippurate,,1603.52371111758,,CSV,,
Urina,05RCF_csv,UTP,,1624.27468034224,,CSV,,
Urina,05RCF_csv,Anserine,,1644.41423357429,,CSV,,
Urina,05RCF_csv,UMP,,1661.62440325952,,CSV,,
Urina,05RCF_csv,2-Picolinate,,1673.05706656514,,CSV,,
Urina,05RCF_csv,Pyrocatechol,,1686.70064654233,,CSV,,
Urina,05RCF_csv,3-Hydroxybutyrate,HMDB00357,1689.65387613785,30.0,CSV,1659.65387613785,5532.18
Urina,05RCF_csv,O-Acetyl-L-Carnitine,,1789.7180829771,,CSV,,
Urina,05RCF_csv,trans-Ferulate,,1835.53863066977,,CSV,,
Urina,05RCF_csv,Dimethylsulfone,,1835.63494143576,,CSV,,
Urina,05RCF_csv,Carnosine,HMDB00033,1836.03824153413,126.6,CSV,1709.4382415341302,1350.27
Urina,05RCF_csv,S-Acetamidomethylcysteine,,1888.29836984709,,CSV,,
Urina,05RCF_csv,2-Propanol,,1924.37076914856,,CSV,,
Urina,05RCF_csv,Methylamine,,1928.27491853934,,CSV,,
Urina,05RCF_csv,DehydroAscorbate,,1974.38813876572,,CSV,,
Urina,05RCF_csv,Levoglucosan,,2127.23020450605,,CSV,,
Urina,05RCF_csv,Dimethylamine,HMDB00087,2130.94708200933,327.3,CSV,1803.6470820093302,551.07
Urina,05RCF_csv,N-Acetylglycine,,2136.532511429,,CSV,,
Urina,05RCF_csv,Fucose,HMDB00174,2209.65241643635,108.0,CSV,2101.65241643635,1945.97
Urina,05RCF_csv,Threonine,HMDB00167,2211.82066047386,169.8,CSV,2042.0206604738598,1202.6
Urina,05RCF_csv,Tryptophan,HMDB00929,2212.90023267145,44.3,CSV,2168.6002326714497,4895.26
Urina,05RCF_csv,Methylguanidine,,2235.0667334812,,CSV,,
Urina,05RCF_csv,Mannose,,2261.15615797823,,CSV,,
Urina,05RCF_csv,5-AminoValerate,,2269.05210740539,,CSV,,
Urina,05RCF_csv,3-Methyladipate,,2282.87075047014,,CSV,,
Urina,05RCF_csv,Quinolinate,,2306.48943526894,,CSV,,
Urina,05RCF_csv,Guanidinoacetate,,2329.02614293004,,CSV,,
Urina,05RCF_csv,2-Deoxyguanosine,,2465.47966130097,,CSV,,
Urina,05RCF_csv,Sarcosine,,2493.36364041659,,CSV,,
Urina,05RCF_csv,Spermidine,,2567.39585724815,,CSV,,
Urina,05RCF_csv,3-HydroxyphenylAcetate,,2639.30358993419,,CSV,,
Urina,05RCF_csv,Methylmalonate,,2684.51742420403,,CSV,,
Urina,05RCF_csv,Galactitol,,2720.26020980336,,CSV,,
Urina,05RCF_csv,Ornithine,,2775.19554517834,,CSV,,
Urina,05RCF_csv,1-Methyl-L-Histidine,,2789.70012088616,,CSV,,
Urina,05RCF_csv,Citrate,HMDB00094,2825.53840832217,630.2,CSV,2195.33840832217,348.36
Urina,05RCF_csv,3-Methyl-L-Histidine,,2835.45489086151,,CSV,,
Urina,05RCF_csv,Histidine,HMDB00177,2837.03110961823,787.5,CSV,2049.53110961823,260.26
Urina,05RCF_csv,trans-4-Hydroxy-L-Proline,,2858.9114878993,,CSV,,
Urina,05RCF_csv,Creatine,HMDB00064,3001.06086839243,36.0,CSV,2965.06086839243,8236.28
Urina,05RCF_csv,Glucuronate,,3007.07782432055,,CSV,,
Urina,05RCF_csv,Putrescine,,3014.84220421603,,CSV,,
Urina,05RCF_csv,Arginine,,3047.46402909258,,CSV,,
Urina,05RCF_csv,Phenylalanine,,3099.8461551443,,CSV,,
Urina,05RCF_csv,N-Acetyl-L-Aspartate,,3271.12398987494,,CSV,,
Urina,05RCF_csv,3-PhenylPropionate,,3321.48802211088,,CSV,,
Urina,05RCF_csv,Malate,,3449.70502868812,,CSV,,
Urina,05RCF_csv,2-Oxoglutarate,HMDB00208,3625.18706497063,73.9,CSV,3551.28706497063,4805.53
Urina,05RCF_csv,Lysine,HMDB00182,3866.11945223479,60.5,CSV,3805.61945223479,6290.28
Urina,05RCF_csv,1-Methylhydantoin,,3919.00116496414,,CSV,,
Urina,05RCF_csv,Glutamine,HMDB00641,3944.14562315616,352.1,CSV,3592.04562315616,1020.18
Urina,05RCF_csv,Lactate,HMDB00190,3978.5765491614,18.9,CSV,3959.6765491614,20950.67
Urina,05RCF_csv,Glycerol,,4086.24647547374,,CSV,,
Urina,05RCF_csv,Fructose,HMDB00660,4207.34465296616,240.4,CSV,3966.9446529661595,1650.14
Urina,05RCF_csv,Beta-Alanine,,4266.21936726771,,CSV,,
Urina,05RCF_csv,Myo-Inositol,,4707.78355426033,,CSV,,
Urina,05RCF_csv,GABA,,4714.25382546497,,CSV,,
Urina,05RCF_csv,Asparagine,HMDB00168,4798.21524199617,200.8,CSV,4597.41524199617,2289.55
Urina,05RCF_csv,Pyroglutamate,HMDB00267,5144.73035332519,140.1,CSV,5004.630353325189,3572.18
Urina,05RCF_csv,Glucose-6-Phosphate,,5156.00321485144,,CSV,,
Urina,05RCF_csv,Dihydrothymine,,5536.50938948365,,CSV,,
Urina,05RCF_csv,Indoxylsulfate,,5666.64292189022,,CSV,,
Urina,05RCF_csv,Sorbitol,,5998.48628532254,,CSV,,
Urina,05RCF_csv,2-AminoAdipate,,6639.66028720984,,CSV,,
Urina,05RCF_csv,Citrulline,,6743.31720492762,,CSV,,
Urina,05RCF_csv,Gluconate,,7097.90906309546,,CSV,,
Urina,05RCF_csv,Serine,HMDB00187,7336.11368298683,486.8,CSV,6849.31368298683,1407.01
Urina,05RCF_csv,2-Deoxycytidine,,7576.17545232383,,CSV,,
Urina,05RCF_csv,"1,3-Diaminopropane",,8019.34367190621,,CSV,,
Urina,05RCF_csv,Taurine,HMDB00251,8226.88454851002,161.8,CSV,8065.084548510019,4984.6
Urina,05RCF_csv,Glutamate,,8382.94222863255,,CSV,,
Urina,05RCF_csv,Aspartate,,8603.24094551183,,CSV,,
Urina,05RCF_csv,3-Methylxanthine,,9891.35335035855,,CSV,,
Urina,05RCF_csv,Lactose,,10001.4397014805,,CSV,,
Urina,05RCF_csv,Arabitol,,10552.5793771916,,CSV,,
Urina,05RCF_csv,Betaine,HMDB00043,11078.2949073543,43.2,CSV,11035.0949073543,25544.2
Urina,05RCF_csv,Isocitrate,,11335.2255490719,,CSV,,
Urina,05RCF_csv,Threitol,,11672.8718793612,,CSV,,
Urina,05RCF_csv,Hippurate,HMDB00714,11806.4199982195,1300.5,CSV,10505.9199982195,807.84
Urina,05RCF_csv,Proline,,12024.245195586,,CSV,,
Urina,05RCF_csv,Phenylglyoxylate,,12038.4359619402,,CSV,,
Urina,05RCF_csv,Ethanolamine,HMDB00149,12714.5785970287,389.9,CSV,12324.6785970287,3160.98
Urina,05RCF_csv,Saccarate,,13193.3624816816,,CSV,,
Urina,05RCF_csv,Cytosine,,14766.8120094858,,CSV,,
Urina,05RCF_csv,Threonate,,14929.4453857664,,CSV,,
Urina,05RCF_csv,Phenethylamine,,15304.9984359077,,CSV,,
Urina,05RCF_csv,Glycolate,HMDB00115,16058.0484068517,329.6,CSV,15728.4484068517,4771.98
Urina,05RCF_csv,Uracil,HMDB00300,17820.0657719967,76.4,CSV,17743.665771996697,23224.69
Urina,05RCF_csv,Cysteine,,18720.2784345211,,CSV,,
Urina,05RCF_csv,Creatinine,HMDB00562,292099.109858963,11828.5,CSV,280270.609858963,2369.45
Urina,01RCF_fid,1-Methyl-L-Histidine,,0.0,,FID,,
Urina,01RCF_fid,2-Aminobutyrate,,0.0,,FID,,
Urina,01RCF_fid,2-Deoxyadenosine,,0.0,,FID,,
Urina,01RCF_fid,2-Deoxycytidine,,0.0,,FID,,
Urina,01RCF_fid,2-Deoxyguanosine,,0.0,,FID,,
Urina,01RCF_fid,2-Hydroxybutyrate,,0.0,,FID,,
Urina,01RCF_fid,2-HydroxyphenylAcetate,,0.0,,FID,,
Urina,01RCF_fid,2-Methylglutarate,,0.0,,FID,,
Urina,01RCF_fid,2-Oxoisovalerate,,0.0,,FID,,
Urina,01RCF_fid,2-Picolinate,,0.0,,FID,,
Urina,01RCF_fid,3-Hydroxybutyrate,HMDB00357,0.0,122.6,FID,122.6,100.0
Urina,01RCF_fid,3-HydroxyphenylAcetate,,0.0,,FID,,
Urina,01RCF_fid,3-Methyl-L-Histidine,,0.0,,FID,,
Urina,01RCF_fid,3-Methylxanthine,,0.0,,FID,,
Urina,01RCF_fid,4-HydroxyphenylAcetate,,0.0,,FID,,
Urina,01RCF_fid,5-AminoValerate,,0.0,,FID,,
Urina,01RCF_fid,7-Methylxanthine,,0.0,,FID,,
Urina,01RCF_fid,AMP,,0.0,,FID,,
Urina,01RCF_fid,ATP,,0.0,,FID,,
Urina,01RCF_fid,Acetaminophen,,0.0,,FID,,
Urina,01RCF_fid,Acetate,HMDB00042,0.0,160.9,FID,160.9,100.0
Urina,01RCF_fid,Adenine,,0.0,,FID,,
Urina,01RCF_fid,Adenosine,,0.0,,FID,,
Urina,01RCF_fid,Adipate,,0.0,,FID,,
Urina,01RCF_fid,Allantoin,,0.0,,FID,,
Urina,01RCF_fid,Arabitol,,0.0,,FID,,
Urina,01RCF_fid,Argininosuccinate,,0.0,,FID,,
Urina,01RCF_fid,Ascorbate,,0.0,,FID,,
Urina,01RCF_fid,Azelaate,,0.0,,FID,,
Urina,01RCF_fid,Azelaic ate,,0.0,,FID,,
Urina,01RCF_fid,Benzoate,,0.0,,FID,,
Urina,01RCF_fid,CDP,,0.0,,FID,,
Urina,01RCF_fid,CMP,,0.0,,FID,,
Urina,01RCF_fid,CTP,,0.0,,FID,,
Urina,01RCF_fid,Citraconate,,0.0,,FID,,
Urina,01RCF_fid,Cytosine,,0.0,,FID,,
Urina,01RCF_fid,DehydroAscorbate,,0.0,,FID,,
Urina,01RCF_fid,Dimethylamine,HMDB00087,0.0,759.3,FID,759.3,100.0
Urina,01RCF_fid,Dimethylglycine,,0.0,,FID,,
Urina,01RCF_fid,Ethylmalonate,,0.0,,FID,,
Urina,01RCF_fid,Fumarate,,0.0,,FID,,
Urina,01RCF_fid,GDP,,0.0,,FID,,
Urina,01RCF_fid,GTP,,0.0,,FID,,
Urina,01RCF_fid,Galactose,,0.0,,FID,,
Urina,01RCF_fid,Glutaconate,,0.0,,FID,,
Urina,01RCF_fid,Glutarate,,0.0,,FID,,
Urina,01RCF_fid,Glutathione-reduced,,0.0,,FID,,
Urina,01RCF_fid,Glycine,HMDB00123,0.0,1518.6,FID,1518.6,100.0
Urina,01RCF_fid,Glycolate,HMDB00115,0.0,1226.6,FID,1226.6,100.0
Urina,01RCF_fid,Guanidinoacetate,,0.0,,FID,,
Urina,01RCF_fid,Hypoxanthine,HMDB00157,0.0,119.9,FID,119.9,100.0
Urina,01RCF_fid,IMP,,0.0,,FID,,
Urina,01RCF_fid,Inosine,,0.0,,FID,,
Urina,01RCF_fid,Isobutyrate,,0.0,,FID,,
Urina,01RCF_fid,Isocitrate,,0.0,,FID,,
Urina,01RCF_fid,Kynurenate,,0.0,,FID,,
Urina,01RCF_fid,Lactate,HMDB00190,0.0,44.3,FID,44.3,100.0
Urina,01RCF_fid,Long-chain_alkane,,0.0,,FID,,
Urina,01RCF_fid,Malate,,0.0,,FID,,
Urina,01RCF_fid,Mannose,,0.0,,FID,,
Urina,01RCF_fid,Methionine,HMDB00696,0.0,79.5,FID,79.5,100.0
Urina,01RCF_fid,Methylamine,,0.0,,FID,,
Urina,01RCF_fid,NAD,,0.0,,FID,,
Urina,01RCF_fid,NADP,,0.0,,FID,,
Urina,01RCF_fid,Nicotinate,,0.0,,FID,,
Urina,01RCF_fid,Nicotinurate,,0.0,,FID,,
Urina,01RCF_fid,Ornithine,,0.0,,FID,,
Urina,01RCF_fid,Pantothenate,HMDB00210,0.0,72.2,FID,72.2,100.0
Urina,01RCF_fid,Phosphocholine,,0.0,,FID,,
Urina,01RCF_fid,Propionate,,0.0,,FID,,
Urina,01RCF_fid,Pyruvate,HMDB00243,0.0,65.8,FID,65.8,100.0
Urina,01RCF_fid,Quinolinate,,0.0,,FID,,
Urina,01RCF_fid,Sarcosine,,0.0,,FID,,
Urina,01RCF_fid,Sebacate,,0.0,,FID,,
Urina,01RCF_fid,Serine,HMDB00187,0.0,896.5,FID,896.5,100.0
Urina,01RCF_fid,Succinate,HMDB00254,0.0,58.4,FID,58.4,100.0
Urina,01RCF_fid,Tartarate,,0.0,,FID,,
Urina,01RCF_fid,Trans-Acotinate,,0.0,,FID,,
Urina,01RCF_fid,Tyrosine,HMDB00158,0.0,157.3,FID,157.3,100.0
Urina,01RCF_fid,Urocanate,HMDB00301,0.0,25.0,FID,25.0,100.0
Urina,01RCF_fid,Valine,HMDB00883,0.0,73.0,FID,73.0,100.0
Urina,01RCF_fid,beta-Hydroxyisovalerate,,0.0,,FID,,
Urina,01RCF_fid,dAMP,,0.0,,FID,,
Urina,01RCF_fid,trans-Ferulate,,0.0,,FID,,
Urina,01RCF_fid,Acetone,HMDB01659,47.0107028084248,29.7,FID,17.310702808424804,58.29
Urina,01RCF_fid,Dimethylsulfone,,49.2923190499533,,FID,,
Urina,01RCF_fid,Betaine,HMDB00043,54.2104474216736,179.1,FID,124.8895525783264,69.73
Urina,01RCF_fid,O-Acetyl-L-Carnitine,,79.3855601878584,,FID,,
Urina,01RCF_fid,Methylmalonate,,83.3912690155217,,FID,,
Urina,01RCF_fid,Trimethylamine,,84.2938004413551,,FID,,
Urina,01RCF_fid,Levulinate,,94.3231246818881,,FID,,
Urina,01RCF_fid,Isovalerate,,97.2743291389239,,FID,,
Urina,01RCF_fid,2-Propanol,,102.27062437868,,FID,,
Urina,01RCF_fid,Homovanillate,,109.387675999424,,FID,,
Urina,01RCF_fid,Glycerophosphocholine,,111.2399207294,,FID,,
Urina,01RCF_fid,Methylguanidine,,112.147429085215,,FID,,
Urina,01RCF_fid,Saturated_fattty_acids,,134.964241821335,,FID,,
Urina,01RCF_fid,N-Acetyl-L-Aspartate,,142.626437210678,,FID,,
Urina,01RCF_fid,Carnitine,HMDB00062,142.73696481239,121.9,FID,20.836964812389994,17.09
Urina,01RCF_fid,alpha-Hydroxyisobutyrate,,151.416550329039,,FID,,
Urina,01RCF_fid,Mandelate,,156.022228085191,,FID,,
Urina,01RCF_fid,Galactitol,,158.668746852889,,FID,,
Urina,01RCF_fid,4-EthylPhenol,,166.684218055422,,FID,,
Urina,01RCF_fid,Acetoacetate,HMDB00060,166.970853930203,83.5,FID,83.47085393020299,99.97
Urina,01RCF_fid,CholineChloride,,173.274266673989,,FID,,
Urina,01RCF_fid,UTP,,174.192643981524,,FID,,
Urina,01RCF_fid,Isoleucine,HMDB00172,183.787886366808,22.4,FID,161.387886366808,720.48
Urina,01RCF_fid,Pyrocatechol,,184.487317213838,,FID,,
Urina,01RCF_fid,Leucine,HMDB00687,190.1210296185,91.8,FID,98.32102961849999,107.1
Urina,01RCF_fid,UDPG,,194.839081925943,,FID,,
Urina,01RCF_fid,S-Acetamidomethylcysteine,,194.855560019889,,FID,,
Urina,01RCF_fid,1-Methylhydantoin,,204.553443628397,,FID,,
Urina,01RCF_fid,Hypotaurine,,205.218070248505,,FID,,
Urina,01RCF_fid,GABA,,214.906269007816,,FID,,
Urina,01RCF_fid,Vanillate,,214.976271477538,,FID,,
Urina,01RCF_fid,Pimelate,,221.370125680701,,FID,,
Urina,01RCF_fid,Glutathione-oxidized,,222.512115361501,,FID,,
Urina,01RCF_fid,Valerate,,232.584736604156,,FID,,
Urina,01RCF_fid,Cadaverine,,238.251046843792,,FID,,
Urina,01RCF_fid,UDP,,247.658932914655,,FID,,
Urina,01RCF_fid,2-Oxobutyrate,,248.969280078588,,FID,,
Urina,01RCF_fid,PropyleneGlycol,,252.892066336609,,FID,,
Urina,01RCF_fid,3-Methyladipate,,256.327531963638,,FID,,
Urina,01RCF_fid,N-(2-Furoyl)Glycine,,256.622278730123,,FID,,
Urina,01RCF_fid,Carnosine,HMDB00033,258.721965612242,111.4,FID,147.321965612242,132.25
Urina,01RCF_fid,Cystine,,273.858984589013,,FID,,
Urina,01RCF_fid,UMP,,280.509826962372,,FID,,
Urina,01RCF_fid,Spermidine,,283.448946155365,,FID,,
Urina,01RCF_fid,Xylitol,HMDB02917,291.138457890782,498.6,FID,207.46154210921804,41.61
Urina,01RCF_fid,GMP,,303.723982257576,,FID,,
Urina,01RCF_fid,Syringate,,306.308963499731,,FID,,
Urina,01RCF_fid,3-PhenylPropionate,,316.109415381891,,FID,,
Urina,01RCF_fid,Formate,HMDB00142,329.44817824836,515.2,FID,185.75182175164002,36.05
Urina,01RCF_fid,Phenethylamine,,329.796211634769,,FID,,
Urina,01RCF_fid,Histidine,HMDB00177,333.430451392824,1947.6,FID,1614.1695486071758,82.88
Urina,01RCF_fid,Anserine,,334.697852431657,,FID,,
Urina,01RCF_fid,Phenylglyoxylate,,349.430534853008,,FID,,
Urina,01RCF_fid,Malonate,HMDB00691,357.605784508392,685.2,FID,327.59421549160805,47.81
Urina,01RCF_fid,N-Acetylglycine,,371.66761783061,,FID,,
Urina,01RCF_fid,Gluconate,,376.456873571563,,FID,,
Urina,01RCF_fid,Sorbitol,,384.754219030932,,FID,,
Urina,01RCF_fid,Glucose,HMDB00122,385.107976023206,610.1,FID,224.99202397679403,36.88
Urina,01RCF_fid,Uridine,HMDB00296,386.412462035985,46.3,FID,340.112462035985,734.58
Urina,01RCF_fid,Maltose,,394.617694437042,,FID,,
Urina,01RCF_fid,2-Oxoglutarate,HMDB00208,432.886533828125,165.2,FID,267.686533828125,162.04
Urina,01RCF_fid,Phenylalanine,,452.019105964731,,FID,,
Urina,01RCF_fid,Indoxylsulfate,,456.19104742186,,FID,,
Urina,01RCF_fid,trans-4-Hydroxy-L-Proline,,460.775089302597,,FID,,
Urina,01RCF_fid,Dihydrothymine,,466.204907408721,,FID,,
Urina,01RCF_fid,Alanine,HMDB00161,485.733077128873,383.0,FID,102.73307712887299,26.82
Urina,01RCF_fid,4-AminoHippurate,,494.881671294419,,FID,,
Urina,01RCF_fid,Threonine,HMDB00167,559.81901477282,390.6,FID,169.21901477281995,43.32
Urina,01RCF_fid,Putrescine,,572.061596057656,,FID,,
Urina,01RCF_fid,Myo-Inositol,,590.316375004595,,FID,,
Urina,01RCF_fid,Levoglucosan,,594.634086846791,,FID,,
Urina,01RCF_fid,Beta-Alanine,,603.635439907151,,FID,,
Urina,01RCF_fid,"1,3-Diaminopropane",,606.74350085678,,FID,,
Urina,01RCF_fid,Fucose,HMDB00174,608.449346300843,184.2,FID,424.249346300843,230.32
Urina,01RCF_fid,Tryptophan,HMDB00929,689.72875520344,111.3,FID,578.42875520344,519.7
Urina,01RCF_fid,Glycogen,,707.826041938651,,FID,,
Urina,01RCF_fid,Saccarate,,716.220631053004,,FID,,
Urina,01RCF_fid,TMAO,,748.968953503383,,FID,,
Urina,01RCF_fid,Citrulline,,907.739194985217,,FID,,
Urina,01RCF_fid,Glucuronate,,911.272834951322,,FID,,
Urina,01RCF_fid,Asparagine,HMDB00168,916.671400813635,188.7,FID,727.971400813635,385.78
Urina,01RCF_fid,Glycerate,,1012.20251304237,,FID,,
Urina,01RCF_fid,Ethanolamine,HMDB00149,1031.47667280004,979.4,FID,52.07667280004,5.32
Urina,01RCF_fid,Lysine,HMDB00182,1031.65737749086,472.0,FID,559.65737749086,118.57
Urina,01RCF_fid,Uracil,HMDB00300,1042.04361909518,181.8,FID,860.2436190951801,473.18
Urina,01RCF_fid,Glycerol,,1043.60054258901,,FID,,
Urina,01RCF_fid,2-AminoAdipate,,1043.94195449711,,FID,,
Urina,01RCF_fid,Pyroglutamate,HMDB00267,1045.62931633811,502.6,FID,543.0293163381099,108.04
Urina,01RCF_fid,Glucose-6-Phosphate,,1050.12994586425,,FID,,
Urina,01RCF_fid,Threitol,,1066.66372160999,,FID,,
Urina,01RCF_fid,Arginine,,1100.62813440331,,FID,,
Urina,01RCF_fid,Fructose,HMDB00660,1136.85476786869,611.9,FID,524.95476786869,85.79
Urina,01RCF_fid,Glutamine,HMDB00641,1143.79424342254,839.1,FID,304.6942434225399,36.31
Urina,01RCF_fid,Cysteine,,1150.59127244227,,FID,,
Urina,01RCF_fid,Aspartate,,1214.03573771089,,FID,,
Urina,01RCF_fid,Lactose,,1255.35684587799,,FID,,
Urina,01RCF_fid,Creatine,HMDB00064,1326.62307767821,215.4,FID,1111.2230776782098,515.89
Urina,01RCF_fid,Proline,,1340.85978649036,,FID,,
Urina,01RCF_fid,Trigonelline,HMDB00875,1427.90956415214,1538.7,FID,110.79043584785995,7.2
Urina,01RCF_fid,Threonate,,1432.34084895401,,FID,,
Urina,01RCF_fid,Glutamate,,1783.04309008215,,FID,,
Urina,01RCF_fid,Citrate,HMDB00094,2030.71616676957,3886.5,FID,1855.78383323043,47.75
Urina,01RCF_fid,Taurine,HMDB00251,2064.74836562732,2148.6,FID,83.85163437268011,3.9
Urina,01RCF_fid,Hippurate,HMDB00714,3765.5424673218,4653.1,FID,887.5575326782005,19.07
Urina,01RCF_fid,Creatinine,HMDB00562,5878.36109582494,24012.6,FID,18134.238904175058,75.52
Urina,02RCF_fid,2-Aminobutyrate,,0.0,,FID,,
Urina,02RCF_fid,2-Deoxycytidine,,0.0,,FID,,
Urina,02RCF_fid,2-Deoxyguanosine,,0.0,,FID,,
Urina,02RCF_fid,2-Methylglutarate,,0.0,,FID,,
Urina,02RCF_fid,2-Oxoisovalerate,,0.0,,FID,,
Urina,02RCF_fid,2-Picolinate,,0.0,,FID,,
Urina,02RCF_fid,3-Hydroxybutyrate,HMDB00357,0.0,49.4,FID,49.4,100.0
Urina,02RCF_fid,3-HydroxyphenylAcetate,,0.0,,FID,,
Urina,02RCF_fid,3-Methylxanthine,,0.0,,FID,,
Urina,02RCF_fid,7-Methylxanthine,,0.0,,FID,,
Urina,02RCF_fid,AMP,,0.0,,FID,,
Urina,02RCF_fid,ATP,,0.0,,FID,,
Urina,02RCF_fid,Acetaminophen,,0.0,,FID,,
Urina,02RCF_fid,Allantoin,,0.0,,FID,,
Urina,02RCF_fid,Argininosuccinate,,0.0,,FID,,
Urina,02RCF_fid,Azelaate,,0.0,,FID,,
Urina,02RCF_fid,Azelaic ate,,0.0,,FID,,
Urina,02RCF_fid,Benzoate,,0.0,,FID,,
Urina,02RCF_fid,Betaine,HMDB00043,0.0,127.5,FID,127.5,100.0
Urina,02RCF_fid,CDP,,0.0,,FID,,
Urina,02RCF_fid,CMP,,0.0,,FID,,
Urina,02RCF_fid,CTP,,0.0,,FID,,
Urina,02RCF_fid,Cadaverine,,0.0,,FID,,
Urina,02RCF_fid,Citraconate,,0.0,,FID,,
Urina,02RCF_fid,Creatine,HMDB00064,0.0,965.6,FID,965.6,100.0
Urina,02RCF_fid,Cysteine,,0.0,,FID,,
Urina,02RCF_fid,Cytosine,,0.0,,FID,,
Urina,02RCF_fid,Fructose,HMDB00660,0.0,158.1,FID,158.1,100.0
Urina,02RCF_fid,Fumarate,,0.0,,FID,,
Urina,02RCF_fid,GDP,,0.0,,FID,,
Urina,02RCF_fid,GTP,,0.0,,FID,,
Urina,02RCF_fid,Galactose,,0.0,,FID,,
Urina,02RCF_fid,Gluconate,,0.0,,FID,,
Urina,02RCF_fid,Glutarate,,0.0,,FID,,
Urina,02RCF_fid,Glutathione-reduced,,0.0,,FID,,
Urina,02RCF_fid,Glycerate,,0.0,,FID,,
Urina,02RCF_fid,Glycogen,,0.0,,FID,,
Urina,02RCF_fid,Guanidinoacetate,,0.0,,FID,,
Urina,02RCF_fid,Hypotaurine,,0.0,,FID,,
Urina,02RCF_fid,IMP,,0.0,,FID,,
Urina,02RCF_fid,Inosine,,0.0,,FID,,
Urina,02RCF_fid,Kynurenate,,0.0,,FID,,
Urina,02RCF_fid,Levulinate,,0.0,,FID,,
Urina,02RCF_fid,Long-chain_alkane,,0.0,,FID,,
Urina,02RCF_fid,Lysine,HMDB00182,0.0,114.5,FID,114.5,100.0
Urina,02RCF_fid,Malate,,0.0,,FID,,
Urina,02RCF_fid,Maltose,,0.0,,FID,,
Urina,02RCF_fid,Mandelate,,0.0,,FID,,
Urina,02RCF_fid,Mannose,,0.0,,FID,,
Urina,02RCF_fid,Methylamine,,0.0,,FID,,
Urina,02RCF_fid,Methylmalonate,,0.0,,FID,,
Urina,02RCF_fid,N-(2-Furoyl)Glycine,,0.0,,FID,,
Urina,02RCF_fid,NAD,,0.0,,FID,,
Urina,02RCF_fid,NADP,,0.0,,FID,,
Urina,02RCF_fid,Nicotinate,,0.0,,FID,,
Urina,02RCF_fid,Nicotinurate,,0.0,,FID,,
Urina,02RCF_fid,Ornithine,,0.0,,FID,,
Urina,02RCF_fid,Pantothenate,HMDB00210,0.0,65.2,FID,65.2,100.0
Urina,02RCF_fid,Phenylglyoxylate,,0.0,,FID,,
Urina,02RCF_fid,Phosphocholine,,0.0,,FID,,
Urina,02RCF_fid,Pimelate,,0.0,,FID,,
Urina,02RCF_fid,Propionate,,0.0,,FID,,
Urina,02RCF_fid,Pyrocatechol,,0.0,,FID,,
Urina,02RCF_fid,Pyruvate,HMDB00243,0.0,54.9,FID,54.9,100.0
Urina,02RCF_fid,Quinolinate,,0.0,,FID,,
Urina,02RCF_fid,Sarcosine,,0.0,,FID,,
Urina,02RCF_fid,Sebacate,,0.0,,FID,,
Urina,02RCF_fid,Spermidine,,0.0,,FID,,
Urina,02RCF_fid,Succinate,HMDB00254,0.0,20.1,FID,20.1,100.0
Urina,02RCF_fid,Tartarate,,0.0,,FID,,
Urina,02RCF_fid,Trans-Acotinate,,0.0,,FID,,
Urina,02RCF_fid,UDP,,0.0,,FID,,
Urina,02RCF_fid,UDPG,,0.0,,FID,,
Urina,02RCF_fid,Urocanate,HMDB00301,0.0,17.0,FID,17.0,100.0
Urina,02RCF_fid,dAMP,,0.0,,FID,,
Urina,02RCF_fid,trans-4-Hydroxy-L-Proline,,0.0,,FID,,
Urina,02RCF_fid,trans-Ferulate,,0.0,,FID,,
Urina,02RCF_fid,Syringate,,45.0359840951904,,FID,,
Urina,02RCF_fid,2-Propanol,,81.6986920882692,,FID,,
Urina,02RCF_fid,Isovalerate,,82.6609237801729,,FID,,
Urina,02RCF_fid,Acetone,HMDB01659,86.5817669867603,43.1,FID,43.4817669867603,100.89
Urina,02RCF_fid,Saturated_fattty_acids,,93.4933266229804,,FID,,
Urina,02RCF_fid,Dimethylamine,HMDB00087,104.316596826925,449.1,FID,344.78340317307504,76.77
Urina,02RCF_fid,Methylguanidine,,107.843479887807,,FID,,
Urina,02RCF_fid,Acetoacetate,HMDB00060,119.403815314686,55.1,FID,64.303815314686,116.7
Urina,02RCF_fid,Dimethylglycine,,136.362363986387,,FID,,
Urina,02RCF_fid,O-Acetyl-L-Carnitine,,137.09657139315,,FID,,
Urina,02RCF_fid,CholineChloride,,142.604980366274,,FID,,
Urina,02RCF_fid,alpha-Hydroxyisobutyrate,,142.80596393728,,FID,,
Urina,02RCF_fid,Ethylmalonate,,142.993064580916,,FID,,
Urina,02RCF_fid,4-AminoHippurate,,148.645456126915,,FID,,
Urina,02RCF_fid,Galactitol,,153.285462920391,,FID,,
Urina,02RCF_fid,Methionine,HMDB00696,153.88620777345,34.4,FID,119.48620777344999,347.34
Urina,02RCF_fid,Dimethylsulfone,,154.937415427901,,FID,,
Urina,02RCF_fid,Trimethylamine,,155.986620701944,,FID,,
Urina,02RCF_fid,4-EthylPhenol,,160.897631347972,,FID,,
Urina,02RCF_fid,Adenosine,,163.813088330389,,FID,,
Urina,02RCF_fid,2-HydroxyphenylAcetate,,168.173994089936,,FID,,
Urina,02RCF_fid,PropyleneGlycol,,175.731298548158,,FID,,
Urina,02RCF_fid,Isobutyrate,,178.023002301598,,FID,,
Urina,02RCF_fid,Putrescine,,185.438029769164,,FID,,
Urina,02RCF_fid,Valine,HMDB00883,187.565089651623,96.9,FID,90.66508965162299,93.57
Urina,02RCF_fid,S-Acetamidomethylcysteine,,187.989922641575,,FID,,
Urina,02RCF_fid,Tyrosine,HMDB00158,191.213163267826,212.7,FID,21.486836732173998,10.1
Urina,02RCF_fid,Dihydrothymine,,191.906827236696,,FID,,
Urina,02RCF_fid,UTP,,192.415645653638,,FID,,
Urina,02RCF_fid,Vanillate,,193.940282980057,,FID,,
Urina,02RCF_fid,Acetate,HMDB00042,199.377451476697,132.4,FID,66.97745147669698,50.59
Urina,02RCF_fid,2-Oxobutyrate,,201.301850476314,,FID,,
Urina,02RCF_fid,N-Acetyl-L-Aspartate,,209.427047031633,,FID,,
Urina,02RCF_fid,Valerate,,213.832314285628,,FID,,
Urina,02RCF_fid,Isoleucine,HMDB00172,214.272963407077,31.4,FID,182.87296340707698,582.4
Urina,02RCF_fid,Hypoxanthine,HMDB00157,226.343157597706,106.6,FID,119.74315759770602,112.33
Urina,02RCF_fid,Adenine,,242.068964081482,,FID,,
Urina,02RCF_fid,2-Hydroxybutyrate,,242.33245351167,,FID,,
Urina,02RCF_fid,Adipate,,250.505938426211,,FID,,
Urina,02RCF_fid,Leucine,HMDB00687,258.169700283033,86.6,FID,171.56970028303303,198.12
Urina,02RCF_fid,1-Methylhydantoin,,262.417899572746,,FID,,
Urina,02RCF_fid,3-PhenylPropionate,,267.334138860076,,FID,,
Urina,02RCF_fid,Homovanillate,,269.733751781611,,FID,,
Urina,02RCF_fid,Carnitine,HMDB00062,274.375771609417,175.9,FID,98.47577160941697,55.98
Urina,02RCF_fid,3-Methyladipate,,274.56453083073,,FID,,
Urina,02RCF_fid,Cystine,,277.153678449493,,FID,,
Urina,02RCF_fid,2-Deoxyadenosine,,278.071708728886,,FID,,
Urina,02RCF_fid,Glycerophosphocholine,,281.026541264184,,FID,,
Urina,02RCF_fid,GABA,,287.812198326117,,FID,,
Urina,02RCF_fid,2-Oxoglutarate,HMDB00208,291.05208680773,200.0,FID,91.05208680773,45.53
Urina,02RCF_fid,Indoxylsulfate,,327.855191440644,,FID,,
Urina,02RCF_fid,beta-Hydroxyisovalerate,,340.419147918697,,FID,,
Urina,02RCF_fid,Tryptophan,HMDB00929,352.282869226049,87.8,FID,264.482869226049,301.23
Urina,02RCF_fid,5-AminoValerate,,371.98736812846,,FID,,
Urina,02RCF_fid,Arabitol,,392.629751781248,,FID,,
Urina,02RCF_fid,Saccarate,,416.350883390497,,FID,,
Urina,02RCF_fid,Uridine,HMDB00296,418.936287461668,26.9,FID,392.036287461668,1457.38
Urina,02RCF_fid,TMAO,,420.455074239196,,FID,,
Urina,02RCF_fid,Phenylalanine,,437.654247389087,,FID,,
Urina,02RCF_fid,Lactate,HMDB00190,452.71324945492,39.4,FID,413.31324945492,1049.02
Urina,02RCF_fid,Myo-Inositol,,478.800833772797,,FID,,
Urina,02RCF_fid,4-HydroxyphenylAcetate,,489.950601809583,,FID,,
Urina,02RCF_fid,Glutathione-oxidized,,501.401587751893,,FID,,
Urina,02RCF_fid,Glutaconate,,523.494739729551,,FID,,
Urina,02RCF_fid,UMP,,532.593328333751,,FID,,
Urina,02RCF_fid,N-Acetylglycine,,559.63954731738,,FID,,
Urina,02RCF_fid,GMP,,576.169563341218,,FID,,
Urina,02RCF_fid,Glucose-6-Phosphate,,582.851626993723,,FID,,
Urina,02RCF_fid,Trigonelline,HMDB00875,586.152417797409,346.3,FID,239.85241779740903,69.26
Urina,02RCF_fid,Sorbitol,,595.701518347396,,FID,,
Urina,02RCF_fid,Levoglucosan,,635.939654228786,,FID,,
Urina,02RCF_fid,Ascorbate,,678.490951605381,,FID,,
Urina,02RCF_fid,1-Methyl-L-Histidine,,681.375388157089,,FID,,
Urina,02RCF_fid,Glucose,HMDB00122,689.108925256336,278.2,FID,410.908925256336,147.7
Urina,02RCF_fid,Citrate,HMDB00094,693.596049356594,1742.3,FID,1048.703950643406,60.19
Urina,02RCF_fid,Citrulline,,722.994666137856,,FID,,
Urina,02RCF_fid,Threitol,,729.7644051823,,FID,,
Urina,02RCF_fid,Isocitrate,,753.743014118944,,FID,,
Urina,02RCF_fid,3-Methyl-L-Histidine,,772.166589379296,,FID,,
Urina,02RCF_fid,Malonate,HMDB00691,773.425235691444,602.0,FID,171.42523569144396,28.48
Urina,02RCF_fid,Fucose,HMDB00174,785.595202147787,82.2,FID,703.3952021477869,855.71
Urina,02RCF_fid,Anserine,,807.678170007758,,FID,,
Urina,02RCF_fid,Glycerol,,810.552111893138,,FID,,
Urina,02RCF_fid,Threonine,HMDB00167,842.905066929105,645.5,FID,197.40506692910503,30.58
Urina,02RCF_fid,Phenethylamine,,843.542052917836,,FID,,
Urina,02RCF_fid,Formate,HMDB00142,875.648994938724,775.6,FID,100.04899493872392,12.9
Urina,02RCF_fid,2-AminoAdipate,,884.028282873458,,FID,,
Urina,02RCF_fid,Pyroglutamate,HMDB00267,903.633312288197,232.6,FID,671.033312288197,288.49
Urina,02RCF_fid,Glucuronate,,909.654006306565,,FID,,
Urina,02RCF_fid,Hippurate,HMDB00714,922.796702949159,698.6,FID,224.19670294915898,32.09
Urina,02RCF_fid,Aspartate,,987.036335571986,,FID,,
Urina,02RCF_fid,"1,3-Diaminopropane",,994.634762523945,,FID,,
Urina,02RCF_fid,DehydroAscorbate,,1057.81166476038,,FID,,
Urina,02RCF_fid,Asparagine,HMDB00168,1088.98796576869,577.3,FID,511.68796576869,88.63
Urina,02RCF_fid,Xylitol,HMDB02917,1098.97697070612,321.3,FID,777.6769707061201,242.04
Urina,02RCF_fid,Taurine,HMDB00251,1143.13605378019,1589.1,FID,445.96394621980994,28.06
Urina,02RCF_fid,Threonate,,1175.42020721663,,FID,,
Urina,02RCF_fid,Lactose,,1281.146769651,,FID,,
Urina,02RCF_fid,Beta-Alanine,,1363.13766205492,,FID,,
Urina,02RCF_fid,Alanine,HMDB00161,1402.20694137597,672.2,FID,730.00694137597,108.6
Urina,02RCF_fid,Histidine,HMDB00177,1411.28334569263,2458.2,FID,1046.9166543073698,42.59
Urina,02RCF_fid,Ethanolamine,HMDB00149,1456.88561136431,662.5,FID,794.3856113643101,119.91
Urina,02RCF_fid,Carnosine,HMDB00033,1491.38108877731,651.0,FID,840.38108877731,129.09
Urina,02RCF_fid,Proline,,1549.93662699265,,FID,,
Urina,02RCF_fid,Glutamate,,1564.32860841302,,FID,,
Urina,02RCF_fid,Glutamine,HMDB00641,2093.67248090477,1095.6,FID,998.0724809047701,91.1
Urina,02RCF_fid,Arginine,,2138.25348367573,,FID,,
Urina,02RCF_fid,Glycolate,HMDB00115,2252.27131517641,547.1,FID,1705.1713151764102,311.67
Urina,02RCF_fid,Uracil,HMDB00300,2303.26219922832,88.3,FID,2214.9621992283196,2508.45
Urina,02RCF_fid,Serine,HMDB00187,2911.28901027846,1137.6,FID,1773.68901027846,155.91
Urina,02RCF_fid,Glycine,HMDB00123,5074.53578969466,3972.8,FID,1101.7357896946596,27.73
Urina,02RCF_fid,Creatinine,HMDB00562,22656.4222577883,14392.1,FID,8264.3222577883,57.42
Urina,03RCF_fid,1-Methyl-L-Histidine,,0.0,,FID,,
Urina,03RCF_fid,2-Deoxycytidine,,0.0,,FID,,
Urina,03RCF_fid,2-Deoxyguanosine,,0.0,,FID,,
Urina,03RCF_fid,2-HydroxyphenylAcetate,,0.0,,FID,,
Urina,03RCF_fid,2-Oxoisovalerate,,0.0,,FID,,
Urina,03RCF_fid,2-Picolinate,,0.0,,FID,,
Urina,03RCF_fid,3-Methyl-L-Histidine,,0.0,,FID,,
Urina,03RCF_fid,3-Methylxanthine,,0.0,,FID,,
Urina,03RCF_fid,5-AminoValerate,,0.0,,FID,,
Urina,03RCF_fid,7-Methylxanthine,,0.0,,FID,,
Urina,03RCF_fid,AMP,,0.0,,FID,,
Urina,03RCF_fid,ATP,,0.0,,FID,,
Urina,03RCF_fid,Acetaminophen,,0.0,,FID,,
Urina,03RCF_fid,Adenine,,0.0,,FID,,
Urina,03RCF_fid,Adenosine,,0.0,,FID,,
Urina,03RCF_fid,Allantoin,,0.0,,FID,,
Urina,03RCF_fid,Argininosuccinate,,0.0,,FID,,
Urina,03RCF_fid,Azelaic ate,,0.0,,FID,,
Urina,03RCF_fid,Benzoate,,0.0,,FID,,
Urina,03RCF_fid,Betaine,HMDB00043,0.0,162.0,FID,162.0,100.0
Urina,03RCF_fid,CDP,,0.0,,FID,,
Urina,03RCF_fid,CMP,,0.0,,FID,,
Urina,03RCF_fid,CTP,,0.0,,FID,,
Urina,03RCF_fid,Citraconate,,0.0,,FID,,
Urina,03RCF_fid,Creatine,HMDB00064,0.0,174.1,FID,174.1,100.0
Urina,03RCF_fid,Cysteine,,0.0,,FID,,
Urina,03RCF_fid,Cytosine,,0.0,,FID,,
Urina,03RCF_fid,DehydroAscorbate,,0.0,,FID,,
Urina,03RCF_fid,Dimethylglycine,,0.0,,FID,,
Urina,03RCF_fid,Ethylmalonate,,0.0,,FID,,
Urina,03RCF_fid,Fumarate,,0.0,,FID,,
Urina,03RCF_fid,GDP,,0.0,,FID,,
Urina,03RCF_fid,GMP,,0.0,,FID,,
Urina,03RCF_fid,GTP,,0.0,,FID,,
Urina,03RCF_fid,Galactose,,0.0,,FID,,
Urina,03RCF_fid,Guanidinoacetate,,0.0,,FID,,
Urina,03RCF_fid,Hypotaurine,,0.0,,FID,,
Urina,03RCF_fid,Hypoxanthine,HMDB00157,0.0,22.5,FID,22.5,100.0
Urina,03RCF_fid,IMP,,0.0,,FID,,
Urina,03RCF_fid,Inosine,,0.0,,FID,,
Urina,03RCF_fid,Isobutyrate,,0.0,,FID,,
Urina,03RCF_fid,Kynurenate,,0.0,,FID,,
Urina,03RCF_fid,Lactate,HMDB00190,0.0,23.0,FID,23.0,100.0
Urina,03RCF_fid,Long-chain_alkane,,0.0,,FID,,
Urina,03RCF_fid,Lysine,HMDB00182,0.0,145.8,FID,145.8,100.0
Urina,03RCF_fid,Malonate,HMDB00691,0.0,396.4,FID,396.4,100.0
Urina,03RCF_fid,Methionine,HMDB00696,0.0,44.3,FID,44.3,100.0
Urina,03RCF_fid,Methylamine,,0.0,,FID,,
Urina,03RCF_fid,Methylmalonate,,0.0,,FID,,
Urina,03RCF_fid,NAD,,0.0,,FID,,
Urina,03RCF_fid,NADP,,0.0,,FID,,
Urina,03RCF_fid,Nicotinate,,0.0,,FID,,
Urina,03RCF_fid,Nicotinurate,,0.0,,FID,,
Urina,03RCF_fid,Ornithine,,0.0,,FID,,
Urina,03RCF_fid,Pantothenate,HMDB00210,0.0,58.4,FID,58.4,100.0
Urina,03RCF_fid,Phenylglyoxylate,,0.0,,FID,,
Urina,03RCF_fid,Phosphocholine,,0.0,,FID,,
Urina,03RCF_fid,Pimelate,,0.0,,FID,,
Urina,03RCF_fid,Putrescine,,0.0,,FID,,
Urina,03RCF_fid,Pyrocatechol,,0.0,,FID,,
Urina,03RCF_fid,Pyruvate,HMDB00243,0.0,35.4,FID,35.4,100.0
Urina,03RCF_fid,Quinolinate,,0.0,,FID,,
Urina,03RCF_fid,Sarcosine,,0.0,,FID,,
Urina,03RCF_fid,Sebacate,,0.0,,FID,,
Urina,03RCF_fid,Serine,HMDB00187,0.0,606.9,FID,606.9,100.0
Urina,03RCF_fid,Sorbitol,,0.0,,FID,,
Urina,03RCF_fid,Spermidine,,0.0,,FID,,
Urina,03RCF_fid,Succinate,HMDB00254,0.0,86.9,FID,86.9,100.0
Urina,03RCF_fid,Tartarate,,0.0,,FID,,
Urina,03RCF_fid,Tyrosine,HMDB00158,0.0,137.4,FID,137.4,100.0
Urina,03RCF_fid,UDP,,0.0,,FID,,
Urina,03RCF_fid,Urocanate,HMDB00301,0.0,17.2,FID,17.2,100.0
Urina,03RCF_fid,Valine,HMDB00883,0.0,41.6,FID,41.6,100.0
Urina,03RCF_fid,beta-Hydroxyisovalerate,,0.0,,FID,,
Urina,03RCF_fid,dAMP,,0.0,,FID,,
Urina,03RCF_fid,trans-Ferulate,,0.0,,FID,,
Urina,03RCF_fid,Glycerophosphocholine,,36.1315115080927,,FID,,
Urina,03RCF_fid,Syringate,,60.8719170343089,,FID,,
Urina,03RCF_fid,O-Acetyl-L-Carnitine,,72.6456822032231,,FID,,
Urina,03RCF_fid,Acetone,HMDB01659,76.6216342127089,25.5,FID,51.1216342127089,200.48
Urina,03RCF_fid,Carnitine,HMDB00062,89.3630594956773,51.6,FID,37.763059495677304,73.18
Urina,03RCF_fid,Mandelate,,95.9537755090423,,FID,,
Urina,03RCF_fid,Levulinate,,100.294689027781,,FID,,
Urina,03RCF_fid,Isovalerate,,110.952087574099,,FID,,
Urina,03RCF_fid,Dimethylsulfone,,112.199560217247,,FID,,
Urina,03RCF_fid,Trimethylamine,,117.580414683503,,FID,,
Urina,03RCF_fid,Homovanillate,,131.383442718716,,FID,,
Urina,03RCF_fid,3-HydroxyphenylAcetate,,136.706836675765,,FID,,
Urina,03RCF_fid,Methylguanidine,,151.064298542007,,FID,,
Urina,03RCF_fid,Acetoacetate,HMDB00060,156.977865906518,56.7,FID,100.27786590651799,176.86
Urina,03RCF_fid,Valerate,,157.803841344183,,FID,,
Urina,03RCF_fid,alpha-Hydroxyisobutyrate,,158.896858365093,,FID,,
Urina,03RCF_fid,2-Aminobutyrate,,168.57830096204,,FID,,
Urina,03RCF_fid,Acetate,HMDB00042,169.433197230578,73.4,FID,96.033197230578,130.84
Urina,03RCF_fid,UTP,,169.675918570554,,FID,,
Urina,03RCF_fid,Glutathione-oxidized,,170.648430607815,,FID,,
Urina,03RCF_fid,Leucine,HMDB00687,188.45716907273,49.0,FID,139.45716907273,284.61
Urina,03RCF_fid,Saturated_fattty_acids,,191.76445748416,,FID,,
Urina,03RCF_fid,Galactitol,,193.229080432397,,FID,,
Urina,03RCF_fid,Azelaate,,205.363353589755,,FID,,
Urina,03RCF_fid,Adipate,,207.489803445133,,FID,,
Urina,03RCF_fid,2-Methylglutarate,,210.889574559838,,FID,,
Urina,03RCF_fid,4-HydroxyphenylAcetate,,211.415185368391,,FID,,
Urina,03RCF_fid,UDPG,,214.250458365536,,FID,,
Urina,03RCF_fid,2-Oxobutyrate,,219.475384919339,,FID,,
Urina,03RCF_fid,Dihydrothymine,,221.658967412712,,FID,,
Urina,03RCF_fid,2-Propanol,,235.179978595502,,FID,,
Urina,03RCF_fid,Uridine,HMDB00296,235.932561426799,13.0,FID,222.932561426799,1714.87
Urina,03RCF_fid,Propionate,,237.43783485186,,FID,,
Urina,03RCF_fid,4-AminoHippurate,,237.956585445643,,FID,,
Urina,03RCF_fid,2-Deoxyadenosine,,241.696507286515,,FID,,
Urina,03RCF_fid,CholineChloride,,250.306153231332,,FID,,
Urina,03RCF_fid,Glutathione-reduced,,254.958224289989,,FID,,
Urina,03RCF_fid,N-Acetyl-L-Aspartate,,255.330975116539,,FID,,
Urina,03RCF_fid,Isoleucine,HMDB00172,255.723762625135,16.3,FID,239.423762625135,1468.86
Urina,03RCF_fid,Cystine,,268.193438922078,,FID,,
Urina,03RCF_fid,UMP,,274.320434871923,,FID,,
Urina,03RCF_fid,Glutaconate,,288.238918133495,,FID,,
Urina,03RCF_fid,3-Methyladipate,,301.034719859726,,FID,,
Urina,03RCF_fid,N-Acetylglycine,,301.731525039945,,FID,,
Urina,03RCF_fid,Maltose,,305.43063063215,,FID,,
Urina,03RCF_fid,4-EthylPhenol,,313.547629045123,,FID,,
Urina,03RCF_fid,1-Methylhydantoin,,316.791750046117,,FID,,
Urina,03RCF_fid,Carnosine,HMDB00033,337.64942384964,135.8,FID,201.84942384964,148.64
Urina,03RCF_fid,Anserine,,338.767726341235,,FID,,
Urina,03RCF_fid,2-Hydroxybutyrate,,339.105530727626,,FID,,
Urina,03RCF_fid,GABA,,348.192146409397,,FID,,
Urina,03RCF_fid,PropyleneGlycol,,353.520117358429,,FID,,
Urina,03RCF_fid,3-PhenylPropionate,,364.307738707717,,FID,,
Urina,03RCF_fid,Cadaverine,,372.142403647524,,FID,,
Urina,03RCF_fid,3-Hydroxybutyrate,HMDB00357,380.40258374053,45.1,FID,335.30258374053,743.46
Urina,03RCF_fid,Phenylalanine,,383.296196637482,,FID,,
Urina,03RCF_fid,trans-4-Hydroxy-L-Proline,,400.180005996109,,FID,,
Urina,03RCF_fid,N-(2-Furoyl)Glycine,,406.075244201634,,FID,,
Urina,03RCF_fid,Formate,HMDB00142,406.492521689313,312.9,FID,93.592521689313,29.91
Urina,03RCF_fid,S-Acetamidomethylcysteine,,443.150713672169,,FID,,
Urina,03RCF_fid,Indoxylsulfate,,451.72927329925,,FID,,
Urina,03RCF_fid,Isocitrate,,454.449775758336,,FID,,
Urina,03RCF_fid,Mannose,,478.273521972909,,FID,,
Urina,03RCF_fid,Saccarate,,512.363571202269,,FID,,
Urina,03RCF_fid,Ascorbate,,520.960699910631,,FID,,
Urina,03RCF_fid,Arabitol,,528.034098159394,,FID,,
Urina,03RCF_fid,Dimethylamine,HMDB00087,533.225824147561,471.9,FID,61.32582414756098,13.0
Urina,03RCF_fid,Vanillate,,535.140933856442,,FID,,
Urina,03RCF_fid,Tryptophan,HMDB00929,558.353751326567,68.3,FID,490.053751326567,717.5
Urina,03RCF_fid,Levoglucosan,,559.660194981135,,FID,,
Urina,03RCF_fid,Alanine,HMDB00161,564.118909291868,219.9,FID,344.21890929186804,156.53
Urina,03RCF_fid,2-Oxoglutarate,HMDB00208,564.255487085474,175.6,FID,388.65548708547396,221.33
Urina,03RCF_fid,Glycolate,HMDB00115,567.616438080893,498.1,FID,69.51643808089295,13.96
Urina,03RCF_fid,Fucose,HMDB00174,650.902153798361,122.2,FID,528.702153798361,432.65
Urina,03RCF_fid,Lactose,,665.471845411263,,FID,,
Urina,03RCF_fid,Glycerol,,681.657366838517,,FID,,
Urina,03RCF_fid,Threonine,HMDB00167,682.212640098348,337.5,FID,344.71264009834795,102.14
Urina,03RCF_fid,Glucose,HMDB00122,688.367456168632,311.6,FID,376.76745616863195,120.91
Urina,03RCF_fid,TMAO,,726.778083433811,,FID,,
Urina,03RCF_fid,Trans-Acotinate,,729.318099641747,,FID,,
Urina,03RCF_fid,Glycerate,,734.877741507445,,FID,,
Urina,03RCF_fid,Asparagine,HMDB00168,735.879217584324,165.2,FID,570.6792175843241,345.45
Urina,03RCF_fid,Malate,,760.743658028316,,FID,,
Urina,03RCF_fid,Glucuronate,,808.389159155081,,FID,,
Urina,03RCF_fid,Glutarate,,812.656089888665,,FID,,
Urina,03RCF_fid,Fructose,HMDB00660,830.937029064962,338.1,FID,492.83702906496194,145.77
Urina,03RCF_fid,Glycogen,,852.030604094091,,FID,,
Urina,03RCF_fid,Phenethylamine,,858.303352441159,,FID,,
Urina,03RCF_fid,Aspartate,,883.348136663364,,FID,,
Urina,03RCF_fid,Beta-Alanine,,912.350941190644,,FID,,
Urina,03RCF_fid,Citrulline,,925.740106862516,,FID,,
Urina,03RCF_fid,Xylitol,HMDB02917,935.603287427958,148.5,FID,787.103287427958,530.04
Urina,03RCF_fid,Ethanolamine,HMDB00149,939.611562294512,468.9,FID,470.7115622945121,100.39
Urina,03RCF_fid,Trigonelline,HMDB00875,944.095967792655,588.2,FID,355.8959677926549,60.51
Urina,03RCF_fid,Myo-Inositol,,961.982310302738,,FID,,
Urina,03RCF_fid,Gluconate,,997.294734919438,,FID,,
Urina,03RCF_fid,Glucose-6-Phosphate,,1030.45044310946,,FID,,
Urina,03RCF_fid,Pyroglutamate,HMDB00267,1057.49524001956,237.5,FID,819.99524001956,345.26
Urina,03RCF_fid,Threitol,,1065.81647966883,,FID,,
Urina,03RCF_fid,"1,3-Diaminopropane",,1132.62508350681,,FID,,
Urina,03RCF_fid,Hippurate,HMDB00714,1184.08722574376,1676.6,FID,492.51277425623994,29.38
Urina,03RCF_fid,Citrate,HMDB00094,1188.46946286677,2359.8,FID,1171.33053713323,49.64
Urina,03RCF_fid,Glutamine,HMDB00641,1197.66689961446,510.1,FID,687.5668996144599,134.79
Urina,03RCF_fid,Threonate,,1256.99806912865,,FID,,
Urina,03RCF_fid,2-AminoAdipate,,1274.51708981384,,FID,,
Urina,03RCF_fid,Arginine,,1329.50655270991,,FID,,
Urina,03RCF_fid,Taurine,HMDB00251,1382.93257954316,1277.3,FID,105.63257954316009,8.27
Urina,03RCF_fid,Histidine,HMDB00177,1533.28953417311,517.5,FID,1015.78953417311,196.29
Urina,03RCF_fid,Glutamate,,1888.18432529774,,FID,,
Urina,03RCF_fid,Proline,,1972.7747924538,,FID,,
Urina,03RCF_fid,Glycine,HMDB00123,2343.28717550593,1538.4,FID,804.8871755059299,52.32
Urina,03RCF_fid,Uracil,HMDB00300,3457.20632384238,92.1,FID,3365.10632384238,3653.75
Urina,03RCF_fid,Creatinine,HMDB00562,22470.7973371127,13319.9,FID,9150.897337112701,68.7
Urina,04RCF_fid,"1,3-Diaminopropane",,0.0,,FID,,
Urina,04RCF_fid,1-Methyl-L-Histidine,,0.0,,FID,,
Urina,04RCF_fid,1-Methylhydantoin,,0.0,,FID,,
Urina,04RCF_fid,2-AminoAdipate,,0.0,,FID,,
Urina,04RCF_fid,2-Aminobutyrate,,0.0,,FID,,
Urina,04RCF_fid,2-Deoxyadenosine,,0.0,,FID,,
Urina,04RCF_fid,2-Deoxycytidine,,0.0,,FID,,
Urina,04RCF_fid,2-Deoxyguanosine,,0.0,,FID,,
Urina,04RCF_fid,2-Hydroxybutyrate,,0.0,,FID,,
Urina,04RCF_fid,2-HydroxyphenylAcetate,,0.0,,FID,,
Urina,04RCF_fid,2-Methylglutarate,,0.0,,FID,,
Urina,04RCF_fid,2-Oxobutyrate,,0.0,,FID,,
Urina,04RCF_fid,2-Oxoglutarate,HMDB00208,0.0,53.7,FID,53.7,100.0
Urina,04RCF_fid,2-Oxoisovalerate,,0.0,,FID,,
Urina,04RCF_fid,2-Picolinate,,0.0,,FID,,
Urina,04RCF_fid,2-Propanol,,0.0,,FID,,
Urina,04RCF_fid,3-Hydroxybutyrate,HMDB00357,0.0,19.5,FID,19.5,100.0
Urina,04RCF_fid,3-HydroxyphenylAcetate,,0.0,,FID,,
Urina,04RCF_fid,3-Methyladipate,,0.0,,FID,,
Urina,04RCF_fid,3-Methylxanthine,,0.0,,FID,,
Urina,04RCF_fid,3-PhenylPropionate,,0.0,,FID,,
Urina,04RCF_fid,4-AminoHippurate,,0.0,,FID,,
Urina,04RCF_fid,4-EthylPhenol,,0.0,,FID,,
Urina,04RCF_fid,4-HydroxyphenylAcetate,,0.0,,FID,,
Urina,04RCF_fid,5-AminoValerate,,0.0,,FID,,
Urina,04RCF_fid,7-Methylxanthine,,0.0,,FID,,
Urina,04RCF_fid,AMP,,0.0,,FID,,
Urina,04RCF_fid,ATP,,0.0,,FID,,
Urina,04RCF_fid,Acetaminophen,,0.0,,FID,,
Urina,04RCF_fid,Acetate,HMDB00042,0.0,23.4,FID,23.4,100.0
Urina,04RCF_fid,Acetoacetate,HMDB00060,0.0,25.3,FID,25.3,100.0
Urina,04RCF_fid,Acetone,HMDB01659,0.0,24.6,FID,24.6,100.0
Urina,04RCF_fid,Adenine,,0.0,,FID,,
Urina,04RCF_fid,Adenosine,,0.0,,FID,,
Urina,04RCF_fid,Adipate,,0.0,,FID,,
Urina,04RCF_fid,Alanine,HMDB00161,0.0,81.9,FID,81.9,100.0
Urina,04RCF_fid,Allantoin,,0.0,,FID,,
Urina,04RCF_fid,Anserine,,0.0,,FID,,
Urina,04RCF_fid,Arabitol,,0.0,,FID,,
Urina,04RCF_fid,Arginine,,0.0,,FID,,
Urina,04RCF_fid,Argininosuccinate,,0.0,,FID,,
Urina,04RCF_fid,Ascorbate,,0.0,,FID,,
Urina,04RCF_fid,Asparagine,HMDB00168,0.0,112.8,FID,112.8,100.0
Urina,04RCF_fid,Aspartate,,0.0,,FID,,
Urina,04RCF_fid,Azelaate,,0.0,,FID,,
Urina,04RCF_fid,Azelaic ate,,0.0,,FID,,
Urina,04RCF_fid,Benzoate,,0.0,,FID,,
Urina,04RCF_fid,Beta-Alanine,,0.0,,FID,,
Urina,04RCF_fid,Betaine,HMDB00043,0.0,56.3,FID,56.3,100.0
Urina,04RCF_fid,CDP,,0.0,,FID,,
Urina,04RCF_fid,CMP,,0.0,,FID,,
Urina,04RCF_fid,CTP,,0.0,,FID,,
Urina,04RCF_fid,Cadaverine,,0.0,,FID,,
Urina,04RCF_fid,Carnitine,HMDB00062,0.0,64.4,FID,64.4,100.0
Urina,04RCF_fid,Carnosine,HMDB00033,0.0,42.4,FID,42.4,100.0
Urina,04RCF_fid,CholineChloride,,0.0,,FID,,
Urina,04RCF_fid,Citraconate,,0.0,,FID,,
Urina,04RCF_fid,Citrate,HMDB00094,0.0,131.6,FID,131.6,100.0
Urina,04RCF_fid,Citrulline,,0.0,,FID,,
Urina,04RCF_fid,Creatine,HMDB00064,0.0,112.3,FID,112.3,100.0
Urina,04RCF_fid,Cysteine,,0.0,,FID,,
Urina,04RCF_fid,Cystine,,0.0,,FID,,
Urina,04RCF_fid,Cytosine,,0.0,,FID,,
Urina,04RCF_fid,DehydroAscorbate,,0.0,,FID,,
Urina,04RCF_fid,Dihydrothymine,,0.0,,FID,,
Urina,04RCF_fid,Dimethylamine,HMDB00087,0.0,300.6,FID,300.6,100.0
Urina,04RCF_fid,Dimethylglycine,,0.0,,FID,,
Urina,04RCF_fid,Dimethylsulfone,,0.0,,FID,,
Urina,04RCF_fid,Ethanolamine,HMDB00149,0.0,298.9,FID,298.9,100.0
Urina,04RCF_fid,Ethylmalonate,,0.0,,FID,,
Urina,04RCF_fid,Formate,HMDB00142,0.0,58.8,FID,58.8,100.0
Urina,04RCF_fid,Fructose,HMDB00660,0.0,184.6,FID,184.6,100.0
Urina,04RCF_fid,Fucose,HMDB00174,0.0,67.4,FID,67.4,100.0
Urina,04RCF_fid,Fumarate,,0.0,,FID,,
Urina,04RCF_fid,GABA,,0.0,,FID,,
Urina,04RCF_fid,GDP,,0.0,,FID,,
Urina,04RCF_fid,GMP,,0.0,,FID,,
Urina,04RCF_fid,GTP,,0.0,,FID,,
Urina,04RCF_fid,Galactitol,,0.0,,FID,,
Urina,04RCF_fid,Galactose,,0.0,,FID,,
Urina,04RCF_fid,Gluconate,,0.0,,FID,,
Urina,04RCF_fid,Glucose,HMDB00122,0.0,177.1,FID,177.1,100.0
Urina,04RCF_fid,Glucose-6-Phosphate,,0.0,,FID,,
Urina,04RCF_fid,Glucuronate,,0.0,,FID,,
Urina,04RCF_fid,Glutaconate,,0.0,,FID,,
Urina,04RCF_fid,Glutamate,,0.0,,FID,,
Urina,04RCF_fid,Glutamine,HMDB00641,0.0,273.9,FID,273.9,100.0
Urina,04RCF_fid,Glutarate,,0.0,,FID,,
Urina,04RCF_fid,Glutathione-oxidized,,0.0,,FID,,
Urina,04RCF_fid,Glutathione-reduced,,0.0,,FID,,
Urina,04RCF_fid,Glycerate,,0.0,,FID,,
Urina,04RCF_fid,Glycerol,,0.0,,FID,,
Urina,04RCF_fid,Glycerophosphocholine,,0.0,,FID,,
Urina,04RCF_fid,Glycine,HMDB00123,0.0,320.8,FID,320.8,100.0
Urina,04RCF_fid,Glycogen,,0.0,,FID,,
Urina,04RCF_fid,Glycolate,HMDB00115,0.0,255.1,FID,255.1,100.0
Urina,04RCF_fid,Guanidinoacetate,,0.0,,FID,,
Urina,04RCF_fid,Histidine,HMDB00177,0.0,412.4,FID,412.4,100.0
Urina,04RCF_fid,Homovanillate,,0.0,,FID,,
Urina,04RCF_fid,Hypotaurine,,0.0,,FID,,
Urina,04RCF_fid,Hypoxanthine,HMDB00157,0.0,20.2,FID,20.2,100.0
Urina,04RCF_fid,IMP,,0.0,,FID,,
Urina,04RCF_fid,Indoxylsulfate,,0.0,,FID,,
Urina,04RCF_fid,Inosine,,0.0,,FID,,
Urina,04RCF_fid,Isobutyrate,,0.0,,FID,,
Urina,04RCF_fid,Isocitrate,,0.0,,FID,,
Urina,04RCF_fid,Isoleucine,HMDB00172,0.0,10.1,FID,10.1,100.0
Urina,04RCF_fid,Isovalerate,,0.0,,FID,,
Urina,04RCF_fid,Kynurenate,,0.0,,FID,,
Urina,04RCF_fid,Lactate,HMDB00190,0.0,10.6,FID,10.6,100.0
Urina,04RCF_fid,Lactose,,0.0,,FID,,
Urina,04RCF_fid,Leucine,HMDB00687,0.0,12.2,FID,12.2,100.0
Urina,04RCF_fid,Levoglucosan,,0.0,,FID,,
Urina,04RCF_fid,Levulinate,,0.0,,FID,,
Urina,04RCF_fid,Long-chain_alkane,,0.0,,FID,,
Urina,04RCF_fid,Lysine,HMDB00182,0.0,38.6,FID,38.6,100.0
Urina,04RCF_fid,Malate,,0.0,,FID,,
Urina,04RCF_fid,Malonate,HMDB00691,0.0,308.3,FID,308.3,100.0
Urina,04RCF_fid,Maltose,,0.0,,FID,,
Urina,04RCF_fid,Mandelate,,0.0,,FID,,
Urina,04RCF_fid,Mannose,,0.0,,FID,,
Urina,04RCF_fid,Methionine,HMDB00696,0.0,6.6,FID,6.6,100.0
Urina,04RCF_fid,Methylamine,,0.0,,FID,,
Urina,04RCF_fid,Methylguanidine,,0.0,,FID,,
Urina,04RCF_fid,Methylmalonate,,0.0,,FID,,
Urina,04RCF_fid,Myo-Inositol,,0.0,,FID,,
Urina,04RCF_fid,N-(2-Furoyl)Glycine,,0.0,,FID,,
Urina,04RCF_fid,N-Acetyl-L-Aspartate,,0.0,,FID,,
Urina,04RCF_fid,N-Acetylglycine,,0.0,,FID,,
Urina,04RCF_fid,NAD,,0.0,,FID,,
Urina,04RCF_fid,NADP,,0.0,,FID,,
Urina,04RCF_fid,Nicotinate,,0.0,,FID,,
Urina,04RCF_fid,Nicotinurate,,0.0,,FID,,
Urina,04RCF_fid,O-Acetyl-L-Carnitine,,0.0,,FID,,
Urina,04RCF_fid,Ornithine,,0.0,,FID,,
Urina,04RCF_fid,Pantothenate,HMDB00210,0.0,34.6,FID,34.6,100.0
Urina,04RCF_fid,Phenethylamine,,0.0,,FID,,
Urina,04RCF_fid,Phenylalanine,,0.0,,FID,,
Urina,04RCF_fid,Phenylglyoxylate,,0.0,,FID,,
Urina,04RCF_fid,Phosphocholine,,0.0,,FID,,
Urina,04RCF_fid,Pimelate,,0.0,,FID,,
Urina,04RCF_fid,Proline,,0.0,,FID,,
Urina,04RCF_fid,Propionate,,0.0,,FID,,
Urina,04RCF_fid,PropyleneGlycol,,0.0,,FID,,
Urina,04RCF_fid,Putrescine,,0.0,,FID,,
Urina,04RCF_fid,Pyrocatechol,,0.0,,FID,,
Urina,04RCF_fid,Pyroglutamate,HMDB00267,0.0,147.1,FID,147.1,100.0
Urina,04RCF_fid,Pyruvate,HMDB00243,0.0,34.7,FID,34.7,100.0
Urina,04RCF_fid,Quinolinate,,0.0,,FID,,
Urina,04RCF_fid,S-Acetamidomethylcysteine,,0.0,,FID,,
Urina,04RCF_fid,Saccarate,,0.0,,FID,,
Urina,04RCF_fid,Sarcosine,,0.0,,FID,,
Urina,04RCF_fid,Saturated_fattty_acids,,0.0,,FID,,
Urina,04RCF_fid,Sebacate,,0.0,,FID,,
Urina,04RCF_fid,Serine,HMDB00187,0.0,399.9,FID,399.9,100.0
Urina,04RCF_fid,Sorbitol,,0.0,,FID,,
Urina,04RCF_fid,Spermidine,,0.0,,FID,,
Urina,04RCF_fid,Succinate,HMDB00254,0.0,7.4,FID,7.4,100.0
Urina,04RCF_fid,Syringate,,0.0,,FID,,
Urina,04RCF_fid,Tartarate,,0.0,,FID,,
Urina,04RCF_fid,Taurine,HMDB00251,0.0,354.4,FID,354.4,100.0
Urina,04RCF_fid,Threitol,,0.0,,FID,,
Urina,04RCF_fid,Threonate,,0.0,,FID,,
Urina,04RCF_fid,Threonine,HMDB00167,0.0,98.1,FID,98.1,100.0
Urina,04RCF_fid,Trans-Acotinate,,0.0,,FID,,
Urina,04RCF_fid,Trigonelline,HMDB00875,0.0,231.3,FID,231.3,100.0
Urina,04RCF_fid,Trimethylamine,,0.0,,FID,,
Urina,04RCF_fid,Tryptophan,HMDB00929,0.0,34.5,FID,34.5,100.0
Urina,04RCF_fid,Tyrosine,HMDB00158,0.0,71.3,FID,71.3,100.0
Urina,04RCF_fid,UDP,,0.0,,FID,,
Urina,04RCF_fid,UDPG,,0.0,,FID,,
Urina,04RCF_fid,UMP,,0.0,,FID,,
Urina,04RCF_fid,UTP,,0.0,,FID,,
Urina,04RCF_fid,Uridine,HMDB00296,0.0,5.9,FID,5.9,100.0
Urina,04RCF_fid,Urocanate,HMDB00301,0.0,0.0,FID,0.0,
Urina,04RCF_fid,Valerate,,0.0,,FID,,
Urina,04RCF_fid,Valine,HMDB00883,0.0,28.2,FID,28.2,100.0
Urina,04RCF_fid,Vanillate,,0.0,,FID,,
Urina,04RCF_fid,Xylitol,HMDB02917,0.0,132.0,FID,132.0,100.0
Urina,04RCF_fid,alpha-Hydroxyisobutyrate,,0.0,,FID,,
Urina,04RCF_fid,beta-Hydroxyisovalerate,,0.0,,FID,,
Urina,04RCF_fid,dAMP,,0.0,,FID,,
Urina,04RCF_fid,trans-4-Hydroxy-L-Proline,,0.0,,FID,,
Urina,04RCF_fid,trans-Ferulate,,0.0,,FID,,
Urina,04RCF_fid,TMAO,,83.3403447234085,,FID,,
Urina,04RCF_fid,3-Methyl-L-Histidine,,89.8798043119775,,FID,,
Urina,04RCF_fid,Hippurate,HMDB00714,348.22859715734,2053.8,FID,1705.57140284266,83.04
Urina,04RCF_fid,Uracil,HMDB00300,360.966344046593,71.1,FID,289.866344046593,407.69
Urina,04RCF_fid,Creatinine,HMDB00562,2717.74509766155,12524.0,FID,9806.254902338449,78.3
Urina,05RCF_fid,2-Aminobutyrate,,0.0,,FID,,
Urina,05RCF_fid,2-Deoxyadenosine,,0.0,,FID,,
Urina,05RCF_fid,2-Deoxycytidine,,0.0,,FID,,
Urina,05RCF_fid,2-Deoxyguanosine,,0.0,,FID,,
Urina,05RCF_fid,2-Methylglutarate,,0.0,,FID,,
Urina,05RCF_fid,2-Oxoglutarate,HMDB00208,0.0,73.9,FID,73.9,100.0
Urina,05RCF_fid,2-Oxoisovalerate,,0.0,,FID,,
Urina,05RCF_fid,2-Picolinate,,0.0,,FID,,
Urina,05RCF_fid,3-Hydroxybutyrate,HMDB00357,0.0,30.0,FID,30.0,100.0
Urina,05RCF_fid,3-Methylxanthine,,0.0,,FID,,
Urina,05RCF_fid,5-AminoValerate,,0.0,,FID,,
Urina,05RCF_fid,AMP,,0.0,,FID,,
Urina,05RCF_fid,ATP,,0.0,,FID,,
Urina,05RCF_fid,Acetaminophen,,0.0,,FID,,
Urina,05RCF_fid,Acetate,HMDB00042,0.0,58.6,FID,58.6,100.0
Urina,05RCF_fid,Adenine,,0.0,,FID,,
Urina,05RCF_fid,Adenosine,,0.0,,FID,,
Urina,05RCF_fid,Allantoin,,0.0,,FID,,
Urina,05RCF_fid,Argininosuccinate,,0.0,,FID,,
Urina,05RCF_fid,Ascorbate,,0.0,,FID,,
Urina,05RCF_fid,Azelaate,,0.0,,FID,,
Urina,05RCF_fid,Azelaic ate,,0.0,,FID,,
Urina,05RCF_fid,Benzoate,,0.0,,FID,,
Urina,05RCF_fid,Betaine,HMDB00043,0.0,43.2,FID,43.2,100.0
Urina,05RCF_fid,CDP,,0.0,,FID,,
Urina,05RCF_fid,CMP,,0.0,,FID,,
Urina,05RCF_fid,CTP,,0.0,,FID,,
Urina,05RCF_fid,Cadaverine,,0.0,,FID,,
Urina,05RCF_fid,Carnitine,HMDB00062,0.0,16.5,FID,16.5,100.0
Urina,05RCF_fid,Citraconate,,0.0,,FID,,
Urina,05RCF_fid,Creatine,HMDB00064,0.0,36.0,FID,36.0,100.0
Urina,05RCF_fid,Cysteine,,0.0,,FID,,
Urina,05RCF_fid,Cytosine,,0.0,,FID,,
Urina,05RCF_fid,Dimethylglycine,,0.0,,FID,,
Urina,05RCF_fid,Ethylmalonate,,0.0,,FID,,
Urina,05RCF_fid,Formate,HMDB00142,0.0,167.4,FID,167.4,100.0
Urina,05RCF_fid,Fumarate,,0.0,,FID,,
Urina,05RCF_fid,GDP,,0.0,,FID,,
Urina,05RCF_fid,GTP,,0.0,,FID,,
Urina,05RCF_fid,Galactitol,,0.0,,FID,,
Urina,05RCF_fid,Galactose,,0.0,,FID,,
Urina,05RCF_fid,Glucose,HMDB00122,0.0,153.4,FID,153.4,100.0
Urina,05RCF_fid,Glutaconate,,0.0,,FID,,
Urina,05RCF_fid,Glutathione-oxidized,,0.0,,FID,,
Urina,05RCF_fid,Glutathione-reduced,,0.0,,FID,,
Urina,05RCF_fid,Glycerate,,0.0,,FID,,
Urina,05RCF_fid,Glycogen,,0.0,,FID,,
Urina,05RCF_fid,Glycolate,HMDB00115,0.0,329.6,FID,329.6,100.0
Urina,05RCF_fid,Guanidinoacetate,,0.0,,FID,,
Urina,05RCF_fid,Histidine,HMDB00177,0.0,787.5,FID,787.5,100.0
Urina,05RCF_fid,Hypotaurine,,0.0,,FID,,
Urina,05RCF_fid,Hypoxanthine,HMDB00157,0.0,43.2,FID,43.2,100.0
Urina,05RCF_fid,IMP,,0.0,,FID,,
Urina,05RCF_fid,Inosine,,0.0,,FID,,
Urina,05RCF_fid,Isobutyrate,,0.0,,FID,,
Urina,05RCF_fid,Kynurenate,,0.0,,FID,,
Urina,05RCF_fid,Lactate,HMDB00190,0.0,18.9,FID,18.9,100.0
Urina,05RCF_fid,Long-chain_alkane,,0.0,,FID,,
Urina,05RCF_fid,Lysine,HMDB00182,0.0,60.5,FID,60.5,100.0
Urina,05RCF_fid,Maltose,,0.0,,FID,,
Urina,05RCF_fid,Mannose,,0.0,,FID,,
Urina,05RCF_fid,Methionine,HMDB00696,0.0,16.9,FID,16.9,100.0
Urina,05RCF_fid,Methylamine,,0.0,,FID,,
Urina,05RCF_fid,Methylmalonate,,0.0,,FID,,
Urina,05RCF_fid,N-(2-Furoyl)Glycine,,0.0,,FID,,
Urina,05RCF_fid,NAD,,0.0,,FID,,
Urina,05RCF_fid,NADP,,0.0,,FID,,
Urina,05RCF_fid,Nicotinate,,0.0,,FID,,
Urina,05RCF_fid,Nicotinurate,,0.0,,FID,,
Urina,05RCF_fid,Ornithine,,0.0,,FID,,
Urina,05RCF_fid,Pantothenate,HMDB00210,0.0,31.9,FID,31.9,100.0
Urina,05RCF_fid,Phenylglyoxylate,,0.0,,FID,,
Urina,05RCF_fid,Pimelate,,0.0,,FID,,
Urina,05RCF_fid,Propionate,,0.0,,FID,,
Urina,05RCF_fid,Putrescine,,0.0,,FID,,
Urina,05RCF_fid,Pyrocatechol,,0.0,,FID,,
Urina,05RCF_fid,Pyruvate,HMDB00243,0.0,25.6,FID,25.6,100.0
Urina,05RCF_fid,Quinolinate,,0.0,,FID,,
Urina,05RCF_fid,Sebacate,,0.0,,FID,,
Urina,05RCF_fid,Spermidine,,0.0,,FID,,
Urina,05RCF_fid,Succinate,HMDB00254,0.0,13.8,FID,13.8,100.0
Urina,05RCF_fid,Tartarate,,0.0,,FID,,
Urina,05RCF_fid,Taurine,HMDB00251,0.0,161.8,FID,161.8,100.0
Urina,05RCF_fid,UDP,,0.0,,FID,,
Urina,05RCF_fid,Urocanate,HMDB00301,0.0,14.2,FID,14.2,100.0
Urina,05RCF_fid,beta-Hydroxyisovalerate,,0.0,,FID,,
Urina,05RCF_fid,dAMP,,0.0,,FID,,
Urina,05RCF_fid,trans-Ferulate,,0.0,,FID,,
Urina,05RCF_fid,Trimethylamine,,44.8362520137878,,FID,,
Urina,05RCF_fid,Phosphocholine,,46.7974647262714,,FID,,
Urina,05RCF_fid,Glycerophosphocholine,,48.3680169182333,,FID,,
Urina,05RCF_fid,Syringate,,50.7766420532363,,FID,,
Urina,05RCF_fid,Acetone,HMDB01659,61.6929312076865,21.0,FID,40.6929312076865,193.78
Urina,05RCF_fid,2-Propanol,,63.312608580254,,FID,,
Urina,05RCF_fid,Dimethylsulfone,,64.0402109601796,,FID,,
Urina,05RCF_fid,Dimethylamine,HMDB00087,68.1337412288319,327.3,FID,259.16625877116815,79.18
Urina,05RCF_fid,Isovalerate,,79.5289762011608,,FID,,
Urina,05RCF_fid,O-Acetyl-L-Carnitine,,89.1897135326811,,FID,,
Urina,05RCF_fid,Sarcosine,,91.248736332339,,FID,,
Urina,05RCF_fid,Valine,HMDB00883,113.275033699183,28.4,FID,84.875033699183,298.86
Urina,05RCF_fid,Levulinate,,118.173438148167,,FID,,
Urina,05RCF_fid,Homovanillate,,119.105069708194,,FID,,
Urina,05RCF_fid,4-EthylPhenol,,122.19161131718,,FID,,
Urina,05RCF_fid,PropyleneGlycol,,122.307293256839,,FID,,
Urina,05RCF_fid,Leucine,HMDB00687,126.229310736726,27.0,FID,99.229310736726,367.52
Urina,05RCF_fid,Methylguanidine,,126.786586345977,,FID,,
Urina,05RCF_fid,N-Acetyl-L-Aspartate,,128.179457588498,,FID,,
Urina,05RCF_fid,CholineChloride,,131.326650056579,,FID,,
Urina,05RCF_fid,Saturated_fattty_acids,,132.133271066763,,FID,,
Urina,05RCF_fid,Isoleucine,HMDB00172,134.82620806481,10.8,FID,124.02620806481,1148.39
Urina,05RCF_fid,2-HydroxyphenylAcetate,,135.258289956511,,FID,,
Urina,05RCF_fid,alpha-Hydroxyisobutyrate,,148.07923250505,,FID,,
Urina,05RCF_fid,Mandelate,,149.084371957708,,FID,,
Urina,05RCF_fid,4-HydroxyphenylAcetate,,150.924381495416,,FID,,
Urina,05RCF_fid,S-Acetamidomethylcysteine,,151.088478544835,,FID,,
Urina,05RCF_fid,UTP,,155.299410987315,,FID,,
Urina,05RCF_fid,3-HydroxyphenylAcetate,,155.921137462807,,FID,,
Urina,05RCF_fid,N-Acetylglycine,,163.312597768681,,FID,,
Urina,05RCF_fid,Acetoacetate,HMDB00060,163.713796073858,35.7,FID,128.01379607385797,358.58
Urina,05RCF_fid,Glutarate,,164.020010271332,,FID,,
Urina,05RCF_fid,Valerate,,178.093194492004,,FID,,
Urina,05RCF_fid,Cystine,,190.249223511162,,FID,,
Urina,05RCF_fid,3-Methyladipate,,194.422375332634,,FID,,
Urina,05RCF_fid,Adipate,,196.203315028936,,FID,,
Urina,05RCF_fid,1-Methyl-L-Histidine,,214.418094270539,,FID,,
Urina,05RCF_fid,2-Oxobutyrate,,219.025329228686,,FID,,
Urina,05RCF_fid,7-Methylxanthine,,227.525434180122,,FID,,
Urina,05RCF_fid,3-Methyl-L-Histidine,,232.693720113647,,FID,,
Urina,05RCF_fid,Anserine,,232.892767004523,,FID,,
Urina,05RCF_fid,Tyrosine,HMDB00158,234.478531048155,88.4,FID,146.07853104815499,165.25
Urina,05RCF_fid,Trans-Acotinate,,235.749167264499,,FID,,
Urina,05RCF_fid,Uridine,HMDB00296,250.856601074459,11.3,FID,239.556601074459,2119.97
Urina,05RCF_fid,Dihydrothymine,,258.102727310958,,FID,,
Urina,05RCF_fid,4-AminoHippurate,,261.468583500414,,FID,,
Urina,05RCF_fid,Carnosine,HMDB00033,262.013950007221,126.6,FID,135.41395000722102,106.96
Urina,05RCF_fid,Vanillate,,262.22815937672,,FID,,
Urina,05RCF_fid,UMP,,268.744035255123,,FID,,
Urina,05RCF_fid,UDPG,,270.160682905622,,FID,,
Urina,05RCF_fid,trans-4-Hydroxy-L-Proline,,278.008021815093,,FID,,
Urina,05RCF_fid,2-Hydroxybutyrate,,286.461613022271,,FID,,
Urina,05RCF_fid,GMP,,289.833251957421,,FID,,
Urina,05RCF_fid,Isocitrate,,307.379575684606,,FID,,
Urina,05RCF_fid,Myo-Inositol,,323.701215634608,,FID,,
Urina,05RCF_fid,3-PhenylPropionate,,339.181985747274,,FID,,
Urina,05RCF_fid,GABA,,364.688227298989,,FID,,
Urina,05RCF_fid,Asparagine,HMDB00168,377.271991842303,200.8,FID,176.471991842303,87.88
Urina,05RCF_fid,Tryptophan,HMDB00929,394.003362136763,44.3,FID,349.70336213676296,789.4
Urina,05RCF_fid,Glucuronate,,405.661581200203,,FID,,
Urina,05RCF_fid,Gluconate,,416.486361815268,,FID,,
Urina,05RCF_fid,Glycerol,,454.027096392965,,FID,,
Urina,05RCF_fid,Malonate,HMDB00691,455.821666945015,289.3,FID,166.521666945015,57.56
Urina,05RCF_fid,Levoglucosan,,456.311314101749,,FID,,
Urina,05RCF_fid,Alanine,HMDB00161,460.996082233858,146.2,FID,314.796082233858,215.32
Urina,05RCF_fid,Malate,,462.649801776238,,FID,,
Urina,05RCF_fid,Citrate,HMDB00094,502.957364382762,630.2,FID,127.24263561723802,20.19
Urina,05RCF_fid,1-Methylhydantoin,,513.223944958725,,FID,,
Urina,05RCF_fid,Phenylalanine,,520.051895421879,,FID,,
Urina,05RCF_fid,Threonine,HMDB00167,534.396622697685,169.8,FID,364.59662269768495,214.72
Urina,05RCF_fid,Saccarate,,582.743140010928,,FID,,
Urina,05RCF_fid,Fucose,HMDB00174,598.638442876824,108.0,FID,490.638442876824,454.29
Urina,05RCF_fid,"1,3-Diaminopropane",,672.55555181425,,FID,,
Urina,05RCF_fid,Citrulline,,699.951207550473,,FID,,
Urina,05RCF_fid,Glucose-6-Phosphate,,742.86551283199,,FID,,
Urina,05RCF_fid,Xylitol,HMDB02917,750.918196789307,158.7,FID,592.2181967893071,373.17
Urina,05RCF_fid,Beta-Alanine,,765.370206505878,,FID,,
Urina,05RCF_fid,Phenethylamine,,769.062833514167,,FID,,
Urina,05RCF_fid,Pyroglutamate,HMDB00267,820.974393831528,140.1,FID,680.874393831528,485.99
Urina,05RCF_fid,Threonate,,836.330922634225,,FID,,
Urina,05RCF_fid,Sorbitol,,857.790214670059,,FID,,
Urina,05RCF_fid,Lactose,,859.607740221687,,FID,,
Urina,05RCF_fid,Trigonelline,HMDB00875,887.441794714003,453.9,FID,433.541794714003,95.51
Urina,05RCF_fid,Fructose,HMDB00660,893.354140106958,240.4,FID,652.954140106958,271.61
Urina,05RCF_fid,Indoxylsulfate,,939.491310515103,,FID,,
Urina,05RCF_fid,Serine,HMDB00187,939.514786000168,486.8,FID,452.714786000168,93.0
Urina,05RCF_fid,2-AminoAdipate,,1005.60403754328,,FID,,
Urina,05RCF_fid,DehydroAscorbate,,1006.86888767247,,FID,,
Urina,05RCF_fid,Arginine,,1014.60026143419,,FID,,
Urina,05RCF_fid,Threitol,,1014.92612610059,,FID,,
Urina,05RCF_fid,Aspartate,,1047.95460876186,,FID,,
Urina,05RCF_fid,Arabitol,,1081.92342405279,,FID,,
Urina,05RCF_fid,Ethanolamine,HMDB00149,1178.86833402519,389.9,FID,788.9683340251901,202.35
Urina,05RCF_fid,Glutamine,HMDB00641,1239.72210851451,352.1,FID,887.6221085145099,252.09
Urina,05RCF_fid,Glycine,HMDB00123,1316.59122629762,661.6,FID,654.9912262976201,99.0
Urina,05RCF_fid,Proline,,1480.95081523024,,FID,,
Urina,05RCF_fid,Glutamate,,1531.22143711631,,FID,,
Urina,05RCF_fid,Hippurate,HMDB00714,2100.82861142346,1300.5,FID,800.3286114234602,61.54
Urina,05RCF_fid,Uracil,HMDB00300,2558.31284596958,76.4,FID,2481.91284596958,3248.58
Urina,05RCF_fid,TMAO,,3842.57283524991,,FID,,
Urina,05RCF_fid,Creatinine,HMDB00562,24600.2286066324,11828.5,FID,12771.728606632401,107.97
